calibration_version,session_id,sample_index,target_id,target_key_id,target_label,target_screen_x,target_screen_y,timestamp_ms,face_detected,blink,left_eye_h,left_eye_v,right_eye_h,right_eye_v,avg_h,avg_v,eye_box_w,eye_box_h,face_x,face_y,head_stability,confidence,fixation_state,accepted,rejection_reason,quality_score,window_std_h,window_std_v,velocity,stable_duration_ms,pca_uL,pca_vL,pca_uR,pca_vR
6,a28b3f78577e,0,T01,r00c01:w,row0_left,196.0,169.0,1780562599176,True,False,0.5706394359437921,0.09166304568203265,0.6760647479221473,0.12179448732607723,0.6233520919329697,0.10672876650405494,0.05182036757469177,0.024435371160507202,0.4484451413154602,0.6065770089626312,,1.0,WAIT_LOCK,False,locking:time,,,,,,0.0706394359437921,-0.40833695431796735,0.17606474792214735,-0.3782055126739228
6,a28b3f78577e,1,T01,r00c01:w,row0_left,196.0,169.0,1780562599209,True,False,0.5707502148800816,0.09174381002436849,0.6760660937844527,0.1232944356200168,0.6234081543322672,0.10751912282219264,0.05182263255119324,0.024416357278823853,0.44844500720500946,0.6066218912601471,,1.0,WAIT_LOCK,False,locking:time,,,,,,0.07075021488008165,-0.4082561899756315,0.17606609378445273,-0.3767055643799832
6,a28b3f78577e,2,T01,r00c01:w,row0_left,196.0,169.0,1780562599243,True,False,0.5706279534335095,0.09521955152294354,0.6760898198560529,0.12545326492262598,0.6233588866447812,0.11033640822278476,0.05183860659599304,0.02448311448097229,0.4484403431415558,0.6066885888576508,,1.0,WAIT_LOCK,False,locking:time,,,,,,0.07062795343350953,-0.40478044847705646,0.17608981985605288,-0.374546735077374
6,a28b3f78577e,3,T01,r00c01:w,row0_left,196.0,169.0,1780562599276,True,False,0.5706837601833192,0.09781478955029216,0.6761226008362735,0.1270971628666684,0.6234031805097964,0.11245597620848027,0.051841363310813904,0.024524331092834473,0.4484383761882782,0.6067455112934113,,1.0,WAIT_LOCK,False,locking:time,,,,,,0.07068376018331918,-0.40218521044970784,0.17612260083627349,-0.3729028371333316
6,a28b3f78577e,4,T01,r00c01:w,row0_left,196.0,169.0,1780562599311,True,False,0.5707230026461084,0.09714496576752057,0.6765329583738148,0.1267994672866697,0.6236279805099616,0.11197221652709513,0.05186387896537781,0.02452254295349121,0.44844192266464233,0.606751948595047,,1.0,WAIT_LOCK,False,locking:time,,,,,,0.07072300264610838,-0.4028550342324794,0.17653295837381475,-0.3732005327133303
6,a28b3f78577e,5,T01,r00c01:w,row0_left,196.0,169.0,1780562599344,True,False,0.570382506716522,0.09723399640842845,0.6767623759065409,0.12696116513594413,0.6235724413115314,0.11209758077218629,0.05184552073478699,0.02450960874557495,0.4484565258026123,0.6067539155483246,,1.0,WAIT_LOCK,False,locking:time,,,,,,0.07038250671652198,-0.40276600359157155,0.1767623759065409,-0.37303883486405587
6,a28b3f78577e,6,T01,r00c01:w,row0_left,196.0,169.0,1780562599378,True,False,0.5701055542791224,0.09754815058930738,0.676619877221241,0.1272464030721719,0.6233627157501817,0.11239727683073963,0.05184286832809448,0.024508655071258545,0.448451966047287,0.6067550182342529,,1.0,WAIT_LOCK,False,locking:time,,,,,,0.07010555427912236,-0.4024518494106926,0.17661987722124095,-0.3727535969278281
6,a28b3f78577e,7,T01,r00c01:w,row0_left,196.0,169.0,1780562599412,True,False,0.5698302723749235,0.09839470732897687,0.6763004763389552,0.12755511945096487,0.6230653743569393,0.11297491338997087,0.05183744430541992,0.024500221014022827,0.4484472870826721,0.6067569851875305,,1.0,WAIT_LOCK,False,locking:time,,,,,,0.06983027237492342,-0.40160529267102313,0.1763004763389552,-0.37244488054903513
6,a28b3f78577e,8,T01,r00c01:w,row0_left,196.0,169.0,1780562599446,True,False,0.5694240488164062,0.09902723739989877,0.6762661783215442,0.1288364139124597,0.6228451135689752,0.11393182565617924,0.05184274911880493,0.02448868751525879,0.44845110177993774,0.6067557334899902,,1.0,WAIT_LOCK,False,locking:time,,,,,,0.06942404881640613,-0.40097276260010123,0.17626617832154418,-0.3711635860875403
6,a28b3f78577e,9,T01,r00c01:w,row0_left,196.0,169.0,1780562599480,True,False,0.5693843239351927,0.09868943232884747,0.6764441921513864,0.1286663791362339,0.6229142580432896,0.11367790573254069,0.05185157060623169,0.02447947859764099,0.4484591484069824,0.6067377626895905,,1.0,WAIT_LOCK,False,locking:time,,,,,,0.06938432393519266,-0.40131056767115253,0.17644419215138643,-0.3713336208637661
6,a28b3f78577e,10,T01,r00c01:w,row0_left,196.0,169.0,1780562599513,True,False,0.5692762109801838,0.09935135029917086,0.676422663703457,0.12950816343617444,0.6228494373418204,0.11442975686767265,0.051840946078300476,0.02442184090614319,0.44845667481422424,0.6067245900630951,,1.0,WAIT_LOCK,False,locking:time,,,,,,0.06927621098018374,-0.40064864970082914,0.17642266370345705,-0.37049183656382556
6,a28b3f78577e,11,T01,r00c01:w,row0_left,196.0,169.0,1780562599548,True,False,0.569321693189984,0.10036326693867975,0.6763794874877092,0.1321998725821299,0.6228505903388466,0.11628156976040482,0.0518428236246109,0.024386197328567505,0.4484575539827347,0.606704980134964,,1.0,WAIT_LOCK,False,locking:time,,,,,,0.0693216931899841,-0.39963673306132025,0.1763794874877091,-0.3678001274178701
6,a28b3f78577e,12,T01,r00c01:w,row0_left,196.0,169.0,1780562599581,True,False,0.569230705589245,0.09633324316781616,0.6761630210175135,0.13178099218955824,0.6226968633033793,0.1140571176786872,0.05184629559516907,0.02437761425971985,0.4484533816576004,0.6066484749317169,,1.0,LOCKED_COLLECTING,False,locking,,,,,,0.06923070558924503,-0.40366675683218384,0.1761630210175135,-0.36821900781044176
6,a28b3f78577e,13,T01,r00c01:w,row0_left,196.0,169.0,1780562599617,True,False,0.5691409180055534,0.09650953637888221,0.6762231318704601,0.13306062617311826,0.6226820249380067,0.11478508127600023,0.05185005068778992,0.0243569016456604,0.4484513998031616,0.6066006124019623,,1.0,LOCKED_COLLECTING,True,,,,,,,0.06914091800555341,-0.4034904636211178,0.17622313187046013,-0.36693937382688174
6,a28b3f78577e,14,T01,r00c01:w,row0_left,196.0,169.0,1780562599647,True,False,0.5691759723621419,0.09456176189243143,0.6762376719188786,0.13275938938687437,0.6227068221405103,0.1136605756396529,0.05187557637691498,0.024426251649856567,0.4484519064426422,0.6065629422664642,,1.0,LOCKED_COLLECTING,True,,,,,,,0.06917597236214185,-0.40543823810756857,0.17623767191887862,-0.36724061061312563
6,a28b3f78577e,15,T01,r00c01:w,row0_left,196.0,169.0,1780562599684,True,False,0.5691550109708898,0.09224824228235212,0.6767599147327986,0.13168124653746466,0.6229574628518442,0.11196474440990839,0.051884278655052185,0.024472713470458984,0.4484652876853943,0.6065066754817963,,1.0,LOCKED_COLLECTING,True,,,,,,,0.06915501097088989,-0.4077517577176479,0.17675991473279865,-0.36831875346253534
6,a28b3f78577e,16,T01,r00c01:w,row0_left,196.0,169.0,1780562599715,True,False,0.5690614002432979,0.09210810291196769,0.6768284718241505,0.13146911082541118,0.6229449360337243,0.11178860686868944,0.05188709497451782,0.024483859539031982,0.44846421480178833,0.606483668088913,,1.0,LOCKED_COLLECTING,True,,,,,,,0.06906140024329788,-0.4078918970880323,0.17682847182415048,-0.3685308891745888
6,a28b3f78577e,17,T01,r00c01:w,row0_left,196.0,169.0,1780562599749,True,False,0.5691179714213648,0.09190088163136895,0.6769370141902242,0.13036262039657892,0.6230274928057945,0.11113175101397393,0.05189615488052368,0.024522095918655396,0.4484588950872421,0.6064490973949432,,1.0,LOCKED_COLLECTING,True,,,,,,,0.06911797142136474,-0.40809911836863105,0.17693701419022428,-0.3696373796034211
6,a28b3f78577e,18,T01,r00c01:w,row0_left,196.0,169.0,1780562599783,True,False,0.5693316277145204,0.0910431506132266,0.6771170824828869,0.12868620550313714,0.6232243550987037,0.10986467805818187,0.051877424120903015,0.024544090032577515,0.4484536647796631,0.6063972115516663,,1.0,LOCKED_COLLECTING,True,,,,,,,0.06933162771452045,-0.4089568493867734,0.177117082482887,-0.37131379449686286
6,a28b3f78577e,19,T01,r00c01:w,row0_left,196.0,169.0,1780562599817,True,False,0.5694825448973461,0.0875101963387021,0.6774487251090551,0.12404182160351418,0.6234656350032006,0.10577600897110814,0.05185575783252716,0.024568021297454834,0.44844722747802734,0.6063297390937805,,1.0,LOCKED_COLLECTING,True,,,,,,,0.06948254489734604,-0.4124898036612979,0.1774487251090551,-0.3759581783964858
6,a28b3f78577e,20,T01,r00c01:w,row0_left,196.0,169.0,1780562599850,True,False,0.5699262077122813,0.08533576660291242,0.6780315613588538,0.11751210054445005,0.6239788845355676,0.10142393357368124,0.051835209131240845,0.024595201015472412,0.4484437257051468,0.6062429547309875,,1.0,LOCKED_COLLECTING,True,,,,,,,0.06992620771228127,-0.4146642333970876,0.1780315613588538,-0.38248789945554995
6,a28b3f78577e,21,T01,r00c01:w,row0_left,196.0,169.0,1780562599884,True,False,0.5714132122237852,0.08192096773819774,0.6790234486345739,0.11364775470800703,0.6252183304291795,0.09778436122310238,0.05173508822917938,0.024558931589126587,0.44842468202114105,0.6061448156833649,,1.0,LOCKED_COLLECTING,True,,,,,,,0.07141321222378515,-0.41807903226180226,0.17902344863457384,-0.38635224529199297
6,a28b3f78577e,22,T01,r00c01:w,row0_left,196.0,169.0,1780562599917,True,False,0.570991795199407,0.08102745614939061,0.679010680196993,0.11103732760664392,0.6250012376981999,0.09603239187801726,0.05173113942146301,0.024557828903198242,0.44840578734874725,0.6060871481895447,,1.0,LOCKED_COLLECTING,True,,,,,,,0.07099179519940703,-0.4189725438506094,0.17901068019699296,-0.3889626723933561
6,a28b3f78577e,23,T01,r00c01:w,row0_left,196.0,169.0,1780562599951,True,False,0.5705327800423318,0.08202326723270026,0.6790127394440135,0.10831500275306272,0.6247727597431727,0.09516913499288149,0.051695600152015686,0.02449706196784973,0.44836026430130005,0.6060293018817902,,1.0,LOCKED_COLLECTING,True,,,,,,,0.07053278004233181,-0.41797673276729974,0.17901273944401358,-0.3916849972469373
6,a28b3f78577e,24,T01,r00c01:w,row0_left,196.0,169.0,1780562599984,True,False,0.5701539783032646,0.08025007508957305,0.6792898353383212,0.10604779588650509,0.624721906820793,0.09314893548803907,0.051679372787475586,0.02447807788848877,0.44832855463027954,0.6059684455394745,,1.0,LOCKED_COLLECTING,True,,,,,,,0.07015397830326466,-0.41974992491042695,0.17928983533832127,-0.3939522041134949
6,a28b3f78577e,25,T01,r00c01:w,row0_left,196.0,169.0,1780562600019,True,False,0.5700192054203397,0.07658440729963956,0.6794203700563033,0.10122823091439759,0.6247197877383215,0.08890631910701857,0.05169272422790527,0.024546921253204346,0.44831912219524384,0.6058636009693146,,1.0,LOCKED_COLLECTING,True,,,,,,,0.07001920542033971,-0.42341559270036044,0.1794203700563033,-0.3987717690856024
6,a28b3f78577e,26,T01,r00c01:w,row0_left,196.0,169.0,1780562600054,True,False,0.5701639722663174,0.0754996369750866,0.6796854854878784,0.09867588338925676,0.6249247288770979,0.08708776018217168,0.05169685184955597,0.024574249982833862,0.4483111649751663,0.6057957410812378,,1.0,LOCKED_COLLECTING,True,,,,,,,0.07016397226631746,-0.4245003630249134,0.17968548548787847,-0.40132411661074324
6,a28b3f78577e,27,T01,r00c01:w,row0_left,196.0,169.0,1780562600088,True,False,0.5703827030674731,0.07404966492343484,0.6796471978154005,0.09702667222743178,0.6250149504414368,0.08553816857543331,0.05167178809642792,0.024548321962356567,0.44829943776130676,0.6057227551937103,,1.0,LOCKED_COLLECTING,True,,,,,,,0.07038270306747302,-0.42595033507656516,0.1796471978154005,-0.4029733277725682
6,a28b3f78577e,28,T01,r00c01:w,row0_left,196.0,169.0,1780562600123,True,False,0.5705123095196035,0.07192035136802405,0.6798711312110953,0.09307813715905905,0.6251917203653494,0.08249924426354155,0.0516667366027832,0.024536192417144775,0.448307141661644,0.6056344509124756,,1.0,LOCKED_COLLECTING,True,,,,,,,0.07051230951960351,-0.42807964863197595,0.17987113121109533,-0.40692186284094095
6,a28b3f78577e,29,T01,r00c01:w,row0_left,196.0,169.0,1780562600156,True,False,0.570784989457229,0.07273523715685709,0.6799928034721529,0.09404026668826426,0.625388896464691,0.08338775192256068,0.05166181921958923,0.024466663599014282,0.44831980764865875,0.6055613160133362,,1.0,LOCKED_COLLECTING,True,,,,,,,0.07078498945722904,-0.4272647628431429,0.17999280347215288,-0.40595973331173574
6,a28b3f78577e,30,T01,r00c01:w,row0_left,196.0,169.0,1780562600189,True,False,0.5708007398002325,0.0738628694524342,0.6799774513412957,0.09595125753122236,0.6253890955707642,0.08490706349182828,0.05165274441242218,0.024405092000961304,0.4483180642127991,0.6055264174938202,,1.0,LOCKED_COLLECTING,True,,,,,,,0.07080073980023248,-0.4261371305475658,0.17997745134129567,-0.40404874246877764
6,a28b3f78577e,31,T01,r00c01:w,row0_left,196.0,169.0,1780562600222,True,False,0.5707971273821459,0.0731891944272472,0.680373523521868,0.0951776263490956,0.625585325452007,0.0841834103881714,0.05166308581829071,0.02439919114112854,0.4483289271593094,0.6054978668689728,,1.0,LOCKED_COLLECTING,True,,,,,,,0.07079712738214589,-0.4268108055727528,0.18037352352186803,-0.4048223736509044
6,a28b3f78577e,32,T01,r00c01:w,row0_left,196.0,169.0,1780562600256,True,False,0.5707195927516067,0.07207536596151698,0.680440984141973,0.09507585577612804,0.6255802884467898,0.08357561086882251,0.05166366696357727,0.024407386779785156,0.44832904636859894,0.6054769158363342,,1.0,LOCKED_COLLECTING,True,,,,,,,0.07071959275160669,-0.427924634038483,0.1804409841419729,-0.40492414422387196
6,a28b3f78577e,33,T01,r00c01:w,row0_left,196.0,169.0,1780562600289,True,False,0.5705373368866009,0.07217104484915915,0.6805346478923808,0.0950623856584139,0.6255359923894909,0.08361671525378653,0.05166506767272949,0.024408608675003052,0.44832171499729156,0.6054697930812836,,1.0,LOCKED_COLLECTING,True,,,,,,,0.07053733688660094,-0.42782895515084085,0.18053464789238077,-0.4049376143415861
6,a28b3f78577e,34,T01,r00c01:w,row0_left,196.0,169.0,1780562600324,True,False,0.5702784290224493,0.07235749230135496,0.6804880331201157,0.09533917653830137,0.6253832310712826,0.08384833441982817,0.051666244864463806,0.024407923221588135,0.44831402599811554,0.605465441942215,,1.0,LOCKED_COLLECTING,True,,,,,,,0.07027842902244931,-0.42764250769864504,0.1804880331201158,-0.4046608234616986
6,a28b3f78577e,35,T01,r00c01:w,row0_left,196.0,169.0,1780562600359,True,False,0.5699196338742112,0.07355955850485235,0.6803561211241439,0.09648022283019303,0.6251378774991776,0.08501989066752269,0.05167172849178314,0.024423062801361084,0.4482964873313904,0.605465829372406,,1.0,LOCKED_COLLECTING,True,,,,,,,0.06991963387421118,-0.42644044149514765,0.1803561211241439,-0.40351977716980697
6,a28b3f78577e,36,T01,r00c01:w,row0_left,196.0,169.0,1780562600393,True,False,0.5699544385604699,0.07408066933764662,0.6803027071654497,0.09657653724795734,0.6251285728629599,0.08532860329280198,0.05167897045612335,0.02443036437034607,0.448294535279274,0.605471134185791,,1.0,LOCKED_COLLECTING,True,,,,,,,0.06995443856046993,-0.4259193306623534,0.18030270716544966,-0.40342346275204266
6,a28b3f78577e,37,T01,r00c01:w,row0_left,196.0,169.0,1780562600427,True,False,0.5699193477766687,0.07424800232478718,0.6801991406494412,0.09636732610017434,0.6250592442130549,0.08530766421248076,0.05167761445045471,0.02444550395011902,0.4482894688844681,0.6054710447788239,,1.0,LOCKED_COLLECTING,True,,,,,,,0.06991934777666874,-0.4257519976752128,0.18019914064944126,-0.40363267389982566
6,a28b3f78577e,38,T01,r00c01:w,row0_left,196.0,169.0,1780562600459,True,False,0.5697789173798855,0.07434375117939995,0.6802500873705128,0.09595615335479851,0.6250145023751992,0.08514995226709923,0.05168643593788147,0.024462968111038208,0.44828876852989197,0.6054750382900238,,1.0,LOCKED_COLLECTING,True,,,,,,,0.06977891737988548,-0.42565624882060005,0.1802500873705128,-0.4040438466452015
6,a28b3f78577e,39,T01,r00c01:w,row0_left,196.0,169.0,1780562600494,True,False,0.5695204531569139,0.07529781385453144,0.6803593006248433,0.09602045096074835,0.6249398768908786,0.08565913240763989,0.051692768931388855,0.02450433373451233,0.4482807517051697,0.6054829657077789,,1.0,LOCKED_COLLECTING,True,,,,,,,0.06952045315691395,-0.42470218614546856,0.1803593006248433,-0.40397954903925165
6,a28b3f78577e,40,T01,r00c01:w,row0_left,196.0,169.0,1780562600527,True,False,0.5695668768606321,0.07544791427920777,0.6803898656134263,0.09603647957422662,0.6249783712370292,0.0857421969267172,0.051698461174964905,0.02453574538230896,0.44827863574028015,0.6054946184158325,,1.0,LOCKED_COLLECTING,True,,,,,,,0.06956687686063216,-0.4245520857207922,0.18038986561342632,-0.4039635204257734
6,a28b3f78577e,41,T01,r00c01:w,row0_left,196.0,169.0,1780562600561,True,False,0.5696168725750939,0.07638385297216338,0.6803994740449703,0.09784396326539163,0.6250081733100321,0.0871139081187775,0.051703453063964844,0.024562418460845947,0.44827134907245636,0.6055097579956055,,1.0,LOCKED_COLLECTING,True,,,,,,,0.06961687257509384,-0.4236161470278366,0.18039947404497028,-0.40215603673460837
6,a28b3f78577e,42,T01,r00c01:w,row0_left,196.0,169.0,1780562600593,True,False,0.5695549853865207,0.07518878360139741,0.6805663224955761,0.09486484070219431,0.6250606539410484,0.08502681215179586,0.05170431733131409,0.024600237607955933,0.4482738822698593,0.6055197417736053,,1.0,LOCKED_COLLECTING,True,,,,,,,0.06955498538652072,-0.4248112163986026,0.18056632249557614,-0.4051351592978057
6,a28b3f78577e,43,T01,r00c01:w,row0_left,196.0,169.0,1780562600628,True,False,0.5695133956539097,0.07525919840430928,0.6805482708987223,0.094567584354742,0.6250308332763159,0.08491339137952564,0.051701679825782776,0.024593055248260498,0.44826576113700867,0.6055175960063934,,1.0,LOCKED_COLLECTING,True,,,,,,,0.06951339565390965,-0.4247408015956907,0.1805482708987223,-0.405432415645258
6,a28b3f78577e,44,T01,r00c01:w,row0_left,196.0,169.0,1780562600662,True,False,0.5693589226522854,0.0756937079198236,0.6805825290992122,0.09500810908129964,0.6249707258757489,0.08535090850056162,0.05169498920440674,0.024596720933914185,0.44826221466064453,0.6055186688899994,,1.0,LOCKED_COLLECTING,True,,,,,,,0.06935892265228537,-0.4243062920801764,0.18058252909921227,-0.40499189091870036
6,a28b3f78577e,45,T01,r00c01:w,row0_left,196.0,169.0,1780562600695,True,False,0.5693133628055955,0.07745441496664429,0.6805784934528856,0.0965283322006723,0.6249459281292405,0.0869913735836583,0.05170309543609619,0.02460581064224243,0.44826076924800873,0.6055219173431396,,1.0,LOCKED_COLLECTING,True,,,,,,,0.06931336280559558,-0.4225455850333557,0.18057849345288562,-0.4034716677993277
6,a28b3f78577e,46,T01,r00c01:w,row0_left,196.0,169.0,1780562600730,True,False,0.5691667322343213,0.07803284526136617,0.6805594028941392,0.09749533816241696,0.6248630675642303,0.08776409171189156,0.0517057329416275,0.024610936641693115,0.448257714509964,0.6055247187614441,,1.0,LOCKED_COLLECTING,True,,,,,,,0.06916673223432135,-0.42196715473863383,0.1805594028941392,-0.40250466183758304
6,a28b3f78577e,47,T01,r00c01:w,row0_left,196.0,169.0,1780562600764,True,False,0.5688450183857419,0.07772205149395972,0.6802592331821162,0.09644087058731066,0.624552125783929,0.08708146104063519,0.05168372392654419,0.02460351586341858,0.44822074472904205,0.6055187284946442,,1.0,LOCKED_COLLECTING,True,,,,,,,0.06884501838574189,-0.4222779485060403,0.18025923318211617,-0.40355912941268934
6,a28b3f78577e,48,T01,r00c01:w,row0_left,196.0,169.0,1780562600799,True,False,0.5679490717885745,0.07899674639586624,0.6791575982843229,0.09654929883519381,0.6235533350364486,0.08777302261553002,0.051669031381607056,0.024603605270385742,0.4481450021266937,0.6055088043212891,,1.0,LOCKED_COLLECTING,True,,,,,,,0.06794907178857444,-0.42100325360413376,0.17915759828432287,-0.4034507011648062
6,a28b3f78577e,49,T02,r00c04:t,row0_center,576.0,169.0,1780562602811,True,False,0.47133727015210763,0.12364799657602815,0.5994622000024465,0.019955994883424755,0.5353997350772771,0.07180199572972645,0.051319897174835205,0.02484983205795288,0.44189587235450745,0.604646772146225,,1.0,WAIT_LOCK,False,locking:time,,,,,,-0.028662729847892383,-0.37635200342397185,0.09946220000244649,-0.48004400511657525
6,a28b3f78577e,50,T02,r00c04:t,row0_center,576.0,169.0,1780562602844,True,False,0.47009322676742954,0.12359472342883782,0.5988596741047748,0.018677132721721446,0.5344764504361021,0.07113592807527963,0.05133652687072754,0.024851977825164795,0.4418204724788666,0.6046457886695862,,1.0,WAIT_LOCK,False,locking:time,,,,,,-0.029906773232570447,-0.3764052765711622,0.09885967410477485,-0.48132286727827855
6,a28b3f78577e,51,T02,r00c04:t,row0_center,576.0,169.0,1780562602878,True,False,0.47039270392647287,0.1234232394436866,0.5993283879859109,0.018452149298365972,0.5348605459561919,0.07093769437102629,0.05137559771537781,0.024848103523254395,0.44177961349487305,0.6046445369720459,,1.0,WAIT_LOCK,False,locking:time,,,,,,-0.02960729607352713,-0.3765767605563134,0.09932838798591088,-0.48154785070163403
6,a28b3f78577e,52,T02,r00c04:t,row0_center,576.0,169.0,1780562602912,True,False,0.4702958413839617,0.12380178673104858,0.5996729206480659,0.01899125768207427,0.5349843810160138,0.07139652220656142,0.05141212046146393,0.024854004383087158,0.44174547493457794,0.6046534180641174,,1.0,WAIT_LOCK,False,locking:time,,,,,,-0.029704158616038336,-0.3761982132689514,0.0996729206480659,-0.48100874231792573
6,a28b3f78577e,53,T02,r00c04:t,row0_center,576.0,169.0,1780562602946,True,False,0.470214903336764,0.12369800607684428,0.5996406650247612,0.01960421514739835,0.5349277841807626,0.07165111061212132,0.05141438543796539,0.024863451719284058,0.44172121584415436,0.6046606600284576,,1.0,WAIT_LOCK,False,locking:time,,,,,,-0.029785096663235987,-0.3763019939231557,0.09964066502476115,-0.48039578485260165
6,a28b3f78577e,54,T02,r00c04:t,row0_center,576.0,169.0,1780562602979,True,False,0.47036076152565687,0.12484174628838546,0.6000509893725422,0.024881130710651567,0.5352058754490996,0.07486143849951851,0.05145794153213501,0.02489340305328369,0.4417131692171097,0.6046959459781647,,1.0,WAIT_LOCK,False,locking:time,,,,,,-0.029639238474343146,-0.37515825371161454,0.10005098937254223,-0.47511886928934843
6,a28b3f78577e,55,T02,r00c04:t,row0_center,576.0,169.0,1780562603014,True,False,0.47018044889778016,0.12466884878246076,0.6002225039997185,0.0254376161204366,0.5352014764487494,0.07505323245144868,0.05147401988506317,0.024889856576919556,0.44170621037483215,0.6047041118144989,,1.0,WAIT_LOCK,False,locking:time,,,,,,-0.029819551102219843,-0.37533115121753924,0.10022250399971855,-0.4745623838795634
6,a28b3f78577e,56,T02,r00c04:t,row0_center,576.0,169.0,1780562603049,True,False,0.46978368914367724,0.12510254896614365,0.6002854281413931,0.027084575293613133,0.5350345586425351,0.07609356212987839,0.051485076546669006,0.024902015924453735,0.4416915327310562,0.6047187447547913,,1.0,WAIT_LOCK,False,locking:time,,,,,,-0.030216310856322783,-0.37489745103385635,0.1002854281413931,-0.47291542470638687
6,a28b3f78577e,57,T02,r00c04:t,row0_center,576.0,169.0,1780562603082,True,False,0.4698733434818998,0.12521786604059726,0.600258348630723,0.028058054865877258,0.5350658460563114,0.07663796045323726,0.05148874223232269,0.02490752935409546,0.44168922305107117,0.6047279238700867,,1.0,WAIT_LOCK,False,locking:time,,,,,,-0.030126656518100186,-0.37478213395940274,0.10025834863072303,-0.47194194513412274
6,a28b3f78577e,58,T02,r00c04:t,row0_center,576.0,169.0,1780562603115,True,False,0.47031125977288035,0.12560193008842574,0.6002833584070981,0.028645187928584392,0.5352973090899893,0.07712355900850507,0.05148078501224518,0.024918973445892334,0.44167324900627136,0.6047348082065582,,1.0,WAIT_LOCK,False,locking:time,,,,,,-0.029688740227119644,-0.37439806991157426,0.10028335840709808,-0.4713548120714156
6,a28b3f78577e,59,T02,r00c04:t,row0_center,576.0,169.0,1780562603148,True,False,0.47064464801803824,0.12515164085415842,0.6005128614909427,0.02831943131050596,0.5355787547544905,0.07673553608233219,0.051472365856170654,0.024924933910369873,0.4416472315788269,0.604731410741806,,1.0,WAIT_LOCK,False,locking:time,,,,,,-0.02935535198196176,-0.3748483591458416,0.1005128614909428,-0.47168056868949404
6,a28b3f78577e,60,T02,r00c04:t,row0_center,576.0,169.0,1780562603183,True,False,0.4708897888587521,0.12525190685325194,0.6004232400173513,0.028707973432059053,0.5356565144380516,0.0769799401426555,0.051485612988471985,0.024926811456680298,0.4416331499814987,0.604730874300003,,1.0,WAIT_LOCK,False,locking:time,,,,,,-0.029110211141247903,-0.37474809314674806,0.10042324001735127,-0.47129202656794095
6,a28b3f78577e,61,T02,r00c04:t,row0_center,576.0,169.0,1780562603216,True,False,0.47094256252189837,0.12446472119952046,0.6006261301099445,0.027752757173923837,0.5357843463159214,0.07610873918672215,0.05147603154182434,0.024903327226638794,0.44163157045841217,0.6047037541866302,,1.0,LOCKED_COLLECTING,False,locking,,,,,,-0.02905743747810164,-0.37553527880047954,0.10062613010994442,-0.47224724282607616
6,a28b3f78577e,62,T02,r00c04:t,row0_center,576.0,169.0,1780562603249,True,False,0.4708788687964418,0.12434214735791665,0.600718485556496,0.027632138429140807,0.5357986771764689,0.07598714289352873,0.05146828293800354,0.024890154600143433,0.4416247308254242,0.6046915352344513,,1.0,LOCKED_COLLECTING,True,,,,,,,-0.029121131203558165,-0.37565785264208335,0.10071848555649596,-0.4723678615708592
6,a28b3f78577e,63,T02,r00c04:t,row0_center,576.0,169.0,1780562603285,True,False,0.470899803368834,0.12424223453916045,0.6007303134995533,0.027080399275364764,0.5358150584341936,0.0756613169072626,0.05147331953048706,0.024862676858901978,0.44162407517433167,0.6046524941921234,,1.0,LOCKED_COLLECTING,True,,,,,,,-0.029100196631166,-0.37575776546083955,0.10073031349955335,-0.47291960072463524
6,a28b3f78577e,64,T02,r00c04:t,row0_center,576.0,169.0,1780562603318,True,False,0.47091561339109567,0.12246554399396425,0.6007674474081617,0.026260286022370183,0.5358415303996287,0.07436291500816722,0.05147175490856171,0.024847030639648438,0.44162262976169586,0.6046110093593597,,1.0,LOCKED_COLLECTING,True,,,,,,,-0.029084386608904316,-0.37753445600603575,0.10076744740816172,-0.4737397139776298
6,a28b3f78577e,65,T02,r00c04:t,row0_center,576.0,169.0,1780562603352,True,False,0.4707350317294051,0.12132898448277024,0.6007603785894767,0.02221554767270295,0.5357477051594409,0.0717722660777366,0.051462188363075256,0.024793893098831177,0.44162122905254364,0.6045621335506439,,1.0,LOCKED_COLLECTING,True,,,,,,,-0.029264968270594872,-0.37867101551722976,0.10076037858947676,-0.47778445232729705
6,a28b3f78577e,66,T02,r00c04:t,row0_center,576.0,169.0,1780562603387,True,False,0.47076425078903267,0.1226730537573355,0.6008814532402506,0.022175506389941035,0.5358228520146416,0.07242428007363827,0.05145467817783356,0.024781465530395508,0.44162625074386597,0.6045268476009369,,1.0,LOCKED_COLLECTING,True,,,,,,,-0.029235749210967308,-0.3773269462426645,0.10088145324025051,-0.47782449361005896
6,a28b3f78577e,67,T02,r00c04:t,row0_center,576.0,169.0,1780562603420,True,False,0.47072886428661487,0.12089714369981736,0.6010285815412297,0.020284591826646048,0.5358787229139224,0.0705908677632317,0.05145828425884247,0.024755507707595825,0.4416259527206421,0.6044915914535522,,1.0,LOCKED_COLLECTING,True,,,,,,,-0.02927113571338516,-0.37910285630018264,0.1010285815412297,-0.47971540817335395
6,a28b3f78577e,68,T02,r00c04:t,row0_center,576.0,169.0,1780562603454,True,False,0.4702386720772253,0.11921919972841438,0.6011336492087047,0.01753616710936745,0.535686160642965,0.06837768341889092,0.051459863781929016,0.024748414754867554,0.44160565733909607,0.6044359505176544,,1.0,LOCKED_COLLECTING,True,,,,,,,-0.029761327922774715,-0.3807808002715856,0.10113364920870474,-0.48246383289063255
6,a28b3f78577e,69,T02,r00c04:t,row0_center,576.0,169.0,1780562603488,True,False,0.470147525270111,0.11617960900637575,0.6016874299417446,0.015852855807503174,0.5359174776059278,0.06601623240693946,0.051465705037117004,0.024738788604736328,0.4415973722934723,0.604404628276825,,1.0,LOCKED_COLLECTING,True,,,,,,,-0.029852474729888993,-0.38382039099362425,0.10168742994174465,-0.4841471441924968
6,a28b3f78577e,70,T02,r00c04:t,row0_center,576.0,169.0,1780562603521,True,False,0.4696168076071935,0.1154674105274417,0.6013223978193659,0.014976887638139535,0.5354696027132797,0.06522214908279061,0.05144171416759491,0.024738073348999023,0.4415578097105026,0.604401022195816,,1.0,LOCKED_COLLECTING,True,,,,,,,-0.030383192392806527,-0.3845325894725583,0.1013223978193659,-0.48502311236186046
6,a28b3f78577e,71,T02,r00c04:t,row0_center,576.0,169.0,1780562603556,True,False,0.4692490397497126,0.11509341074052298,0.601158028091712,0.01439821435603994,0.5352035339207123,0.06474581254828146,0.051401957869529724,0.02473163604736328,0.44150644540786743,0.6043980419635773,,1.0,LOCKED_COLLECTING,True,,,,,,,-0.03075096025028738,-0.384906589259477,0.10115802809171208,-0.48560178564396006
6,a28b3f78577e,72,T02,r00c04:t,row0_center,576.0,169.0,1780562603589,True,False,0.46937232900803266,0.1135401471197266,0.6011009281387296,0.012211774157376232,0.5352366285733812,0.06287596063855141,0.05136719346046448,0.024721890687942505,0.4414820373058319,0.6043988764286041,,1.0,LOCKED_COLLECTING,True,,,,,,,-0.030627670991967337,-0.3864598528802734,0.10110092813872956,-0.48778822584262377
6,a28b3f78577e,73,T02,r00c04:t,row0_center,576.0,169.0,1780562603624,True,False,0.4702688114037011,0.1129992483919191,0.6012299614268866,0.010177924616506628,0.5357493864152938,0.06158858650421287,0.05132482945919037,0.024717599153518677,0.44146522879600525,0.6044195592403412,,1.0,LOCKED_COLLECTING,True,,,,,,,-0.029731188596298894,-0.3870007516080809,0.10122996142688657,-0.48982207538349337
6,a28b3f78577e,74,T02,r00c04:t,row0_center,576.0,169.0,1780562603657,True,False,0.4700834788369786,0.11478431747000944,0.6016789124198145,0.012089241447120147,0.5358811956283965,0.0634367794585648,0.0513782799243927,0.02473205327987671,0.44144347310066223,0.6044736802577972,,1.0,LOCKED_COLLECTING,True,,,,,,,-0.029916521163021424,-0.38521568252999056,0.1016789124198145,-0.48791075855287985
6,a28b3f78577e,75,T02,r00c04:t,row0_center,576.0,169.0,1780562603692,True,False,0.4705087920155993,0.11608569908185123,0.6017577835407222,0.01311423741008183,0.5361332877781607,0.06459996824596653,0.05134958028793335,0.024758487939834595,0.4414156675338745,0.6045518815517426,,1.0,LOCKED_COLLECTING,True,,,,,,,-0.029491207984400716,-0.38391430091814877,0.10175778354072224,-0.48688576258991817
6,a28b3f78577e,76,T02,r00c04:t,row0_center,576.0,169.0,1780562603725,True,False,0.47058267758262634,0.11697929736484225,0.6019010422285809,0.012651984874040678,0.5362418599056036,0.06481564111944146,0.05136777460575104,0.024754613637924194,0.44138914346694946,0.604601114988327,,1.0,LOCKED_COLLECTING,True,,,,,,,-0.029417322417373642,-0.38302070263515775,0.10190104222858083,-0.4873480151259593
6,a28b3f78577e,77,T02,r00c04:t,row0_center,576.0,169.0,1780562603759,True,False,0.47033036666043354,0.11754684374933383,0.6021338621645718,0.01390348979022965,0.5362321144125026,0.06572516676978174,0.05139981210231781,0.024768292903900146,0.4413599371910095,0.6046511828899384,,1.0,LOCKED_COLLECTING,True,,,,,,,-0.02966963333956647,-0.38245315625066617,0.10213386216457175,-0.48609651020977035
6,a28b3f78577e,78,T02,r00c04:t,row0_center,576.0,169.0,1780562603792,True,False,0.4686961811893787,0.11763647057170229,0.6021502698192713,0.01219330637068139,0.535423225504325,0.06491488847119184,0.05140042304992676,0.024719059467315674,0.4413009136915207,0.6046724915504456,,1.0,LOCKED_COLLECTING,True,,,,,,,-0.03130381881062126,-0.3823635294282977,0.10215026981927139,-0.4878066936293186
6,a28b3f78577e,79,T02,r00c04:t,row0_center,576.0,169.0,1780562603826,True,False,0.4684120986996161,0.11630053315847377,0.6020570503822583,0.010416141269652734,0.5352345745409373,0.06335833721406325,0.05139969289302826,0.02470409870147705,0.4412534385919571,0.6046797633171082,,1.0,LOCKED_COLLECTING,True,,,,,,,-0.03158790130038394,-0.3836994668415262,0.10205705038225832,-0.48958385873034727
6,a28b3f78577e,80,T02,r00c04:t,row0_center,576.0,169.0,1780562603861,True,False,0.468046074199297,0.11595690355404437,0.6027104014940645,0.0105178103920468,0.5353782378466807,0.06323735697304558,0.05144594609737396,0.024708658456802368,0.44122979044914246,0.6046933233737946,,1.0,LOCKED_COLLECTING,True,,,,,,,-0.031953925800703,-0.38404309644595563,0.10271040149406452,-0.4894821896079532
6,a28b3f78577e,81,T02,r00c04:t,row0_center,576.0,169.0,1780562603895,True,False,0.4678160875758867,0.11593673305595031,0.6021456767182551,0.009894914237031538,0.534980882147071,0.06291582364649093,0.051450371742248535,0.024709224700927734,0.44119228422641754,0.6047060191631317,,1.0,LOCKED_COLLECTING,True,,,,,,,-0.03218391242411328,-0.3840632669440497,0.1021456767182551,-0.49010508576296846
6,a28b3f78577e,82,T02,r00c04:t,row0_center,576.0,169.0,1780562603929,True,False,0.4679540217273246,0.11467104707307424,0.6016737159946886,0.007993133736192426,0.5348138688610066,0.06133209040463333,0.051476165652275085,0.02470320463180542,0.4411550611257553,0.6046846508979797,,1.0,LOCKED_COLLECTING,True,,,,,,,-0.0320459782726754,-0.38532895292692576,0.10167371599468855,-0.4920068662638076
6,a28b3f78577e,83,T02,r00c04:t,row0_center,576.0,169.0,1780562603963,True,False,0.46684191754185733,0.11542425788394428,0.6017344718952944,0.008395501903301683,0.5342881947185758,0.06190987989362298,0.05149032175540924,0.024712800979614258,0.4411161243915558,0.6046744585037231,,1.0,LOCKED_COLLECTING,True,,,,,,,-0.03315808245814269,-0.3845757421160557,0.10173447189529443,-0.4916044980966983
6,a28b3f78577e,84,T02,r00c04:t,row0_center,576.0,169.0,1780562603995,True,False,0.4668586504329096,0.11321278894463721,0.6016047328312056,0.0017913043701006104,0.5342316916320576,0.05750204665736891,0.051474034786224365,0.024685055017471313,0.44108787178993225,0.6045916378498077,,1.0,LOCKED_COLLECTING,True,,,,,,,-0.03314134956709042,-0.3867872110553628,0.10160473283120565,-0.4982086956298994
6,a28b3f78577e,85,T02,r00c04:t,row0_center,576.0,169.0,1780562604029,True,False,0.46724888532219827,0.1118325942514104,0.6017185685983486,0.0,0.5344837269602735,0.0559162971257052,0.05144737660884857,0.024642467498779297,0.44108182191848755,0.604515939950943,,1.0,LOCKED_COLLECTING,True,,,,,,,-0.03275111467780173,-0.3881674057485896,0.10171856859834864,-0.502760902436064
6,a28b3f78577e,86,T02,r00c04:t,row0_center,576.0,169.0,1780562604063,True,False,0.46773658132368184,0.11312076500537732,0.6017222508981173,0.0,0.5347294161108995,0.05656038250268866,0.051426276564598083,0.024598628282546997,0.4410843700170517,0.6044858396053314,,1.0,LOCKED_COLLECTING,True,,,,,,,-0.032263418676318135,-0.3868792349946227,0.10172225089811723,-0.5017093185241535
6,a28b3f78577e,87,T02,r00c04:t,row0_center,576.0,169.0,1780562604096,True,False,0.4680570760922733,0.11542912558342533,0.6015547224740526,0.000766496179908871,0.534805899283163,0.0580978108816671,0.051422566175460815,0.024556964635849,0.44108740985393524,0.6044561564922333,,1.0,LOCKED_COLLECTING,True,,,,,,,-0.031942923907726656,-0.38457087441657467,0.10155472247405266,-0.49923350382009113
6,a28b3f78577e,88,T02,r00c04:t,row0_center,576.0,169.0,1780562604130,True,False,0.46854208287592203,0.11522660610876106,0.6019676633572367,0.0011860354876090384,0.5352548731165794,0.05820632079818505,0.05139888823032379,0.024557888507843018,0.44109562039375305,0.6043972671031952,,1.0,LOCKED_COLLECTING,True,,,,,,,-0.03145791712407799,-0.38477339389123894,0.10196766335723668,-0.49881396451239096
6,a28b3f78577e,89,T02,r00c04:t,row0_center,576.0,169.0,1780562604163,True,False,0.46906207600467786,0.1161224260909548,0.6019627672255843,0.0029284573065072594,0.535512421615131,0.05952544169873103,0.05139358341693878,0.02455231547355652,0.4411064386367798,0.6043766736984253,,1.0,LOCKED_COLLECTING,True,,,,,,,-0.03093792399532213,-0.3838775739090452,0.10196276722558431,-0.49707154269349274
6,a28b3f78577e,90,T02,r00c04:t,row0_center,576.0,169.0,1780562604198,True,False,0.46990894409745576,0.11658979023633737,0.6017331899323962,0.0022552775155683102,0.5358210670149259,0.05942253387595284,0.051381051540374756,0.024579286575317383,0.4411217123270035,0.6043341159820557,,1.0,LOCKED_COLLECTING,True,,,,,,,-0.030091055902544246,-0.38341020976366263,0.10173318993239618,-0.4977447224844317
6,a28b3f78577e,91,T02,r00c04:t,row0_center,576.0,169.0,1780562604232,True,False,0.4701154059434228,0.1139926936390695,0.6018271710586431,0.0,0.535971288501033,0.05699634681953475,0.05139133334159851,0.024567216634750366,0.4411332607269287,0.6042574346065521,,1.0,LOCKED_COLLECTING,True,,,,,,,-0.029884594056577177,-0.3860073063609305,0.10182717105864317,-0.5014250334439891
6,a28b3f78577e,92,T02,r00c04:t,row0_center,576.0,169.0,1780562604268,True,False,0.46996129250655233,0.11709834774879285,0.6018012038044981,0.0041121641514653695,0.5358812481555252,0.06060525595012911,0.05140030384063721,0.02454620599746704,0.44112110137939453,0.6042150557041168,,1.0,LOCKED_COLLECTING,True,,,,,,,-0.030038707493447666,-0.38290165225120715,0.10180120380449811,-0.49588783584853463
6,a28b3f78577e,93,T02,r00c04:t,row0_center,576.0,169.0,1780562604302,True,False,0.47001774800134594,0.11576601540408288,0.6018028833626097,0.004821442989660363,0.5359103156819778,0.06029372919687162,0.05139912664890289,0.024577677249908447,0.4411226660013199,0.6041359901428223,,1.0,LOCKED_COLLECTING,True,,,,,,,-0.029982251998654043,-0.3842339845959171,0.10180288336260972,-0.49517855701033964
6,a28b3f78577e,94,T02,r00c04:t,row0_center,576.0,169.0,1780562604334,True,False,0.47059474976866306,0.11486172298215208,0.6022384252816415,0.0020341277173227534,0.5364165875251523,0.05844792534973742,0.05136699974536896,0.024603605270385742,0.4411144107580185,0.6040158569812775,,1.0,LOCKED_COLLECTING,True,,,,,,,-0.029405250231336968,-0.3851382770178479,0.10223842528164151,-0.49796587228267725
6,a28b3f78577e,95,T02,r00c04:t,row0_center,576.0,169.0,1780562604368,True,False,0.47084064389506947,0.11428499546391002,0.6023415557584758,0.0011144629238435955,0.5365910998267727,0.05769972919387681,0.051342546939849854,0.02456796169281006,0.44109416007995605,0.6039378345012665,,1.0,LOCKED_COLLECTING,True,,,,,,,-0.029159356104930517,-0.38571500453609,0.10234155575847584,-0.4988855370761564
6,a28b3f78577e,96,T02,r00c04:t,row0_center,576.0,169.0,1780562604402,True,False,0.4711777268805844,0.11308663185146234,0.6029067153610965,0.0,0.5370422211208404,0.05654331592573117,0.05132697522640228,0.02456951141357422,0.4410703778266907,0.6038435995578766,,1.0,LOCKED_COLLECTING,True,,,,,,,-0.028822273119415574,-0.38691336814853766,0.1029067153610965,-0.5012981398342634
6,a28b3f78577e,97,T02,r00c04:t,row0_center,576.0,169.0,1780562604435,True,False,0.47162180697740813,0.11232256546692304,0.6037215577646861,0.0,0.5376716823710471,0.05616128273346152,0.051339536905288696,0.024562835693359375,0.4410654753446579,0.603783518075943,,1.0,LOCKED_COLLECTING,True,,,,,,,-0.02837819302259187,-0.38767743453307696,0.1037215577646861,-0.5017744156699322
6,a28b3f78577e,98,T03,r00c08:o,row0_right,1083.0,169.0,1780562606462,True,False,0.3963852423478032,0.09318290734537132,0.5291669720767852,0.0,0.46277610721229423,0.04659145367268566,0.0516887903213501,0.023719817399978638,0.43545860052108765,0.6025621294975281,,1.0,WAIT_LOCK,False,locking:time,,,,,,-0.1036147576521968,-0.4068170926546287,0.02916697207678519,-0.6585530101872945
6,a28b3f78577e,99,T03,r00c08:o,row0_right,1083.0,169.0,1780562606495,True,False,0.3976490327821035,0.09334241194419951,0.5291251771084116,0.0,0.46338710494525753,0.046671205972099755,0.05166304111480713,0.023707836866378784,0.4354287087917328,0.6025794148445129,,1.0,WAIT_LOCK,False,locking:time,,,,,,-0.10235096721789647,-0.4066575880558005,0.029125177108411525,-0.6590559282923831
6,a28b3f78577e,100,T03,r00c08:o,row0_right,1083.0,169.0,1780562606529,True,False,0.3978263450440842,0.09629326974680624,0.5293321345656518,0.0,0.463579239804868,0.04814663487340312,0.051645293831825256,0.02368059754371643,0.4354148358106613,0.6026286780834198,,1.0,WAIT_LOCK,False,locking:time,,,,,,-0.10217365495591577,-0.40370673025319376,0.02933213456565181,-0.6573151948927144
6,a28b3f78577e,101,T03,r00c08:o,row0_right,1083.0,169.0,1780562606563,True,False,0.3979367669111439,0.09583363509056281,0.5295721506838806,0.0,0.46375445879751226,0.047916817545281404,0.05160655081272125,0.023660391569137573,0.43539828062057495,0.6026522815227509,,1.0,WAIT_LOCK,False,locking:time,,,,,,-0.10206323308885615,-0.4041663649094372,0.02957215068388067,-0.6583579674331058
6,a28b3f78577e,102,T03,r00c08:o,row0_right,1083.0,169.0,1780562606597,True,False,0.3981433397033503,0.09597835822312134,0.5301529757480299,0.0,0.46414815772569007,0.04798917911156067,0.051552072167396545,0.023630619049072266,0.43538928031921387,0.6026733815670013,,1.0,WAIT_LOCK,False,locking:time,,,,,,-0.1018566602966497,-0.40402164177687866,0.030152975748029893,-0.6591423855849863
6,a28b3f78577e,103,T03,r00c08:o,row0_right,1083.0,169.0,1780562606632,True,False,0.3984455632979123,0.09699863450209767,0.5306282021533579,0.0,0.4645368827256351,0.048499317251048835,0.05156414210796356,0.023614734411239624,0.4353755861520767,0.6027122735977173,,1.0,WAIT_LOCK,False,locking:time,,,,,,-0.1015544367020877,-0.40300136549790233,0.03062820215335788,-0.658113392238215
6,a28b3f78577e,104,T03,r00c08:o,row0_right,1083.0,169.0,1780562606665,True,False,0.3976599593553508,0.09865979012442366,0.5305293786693163,0.0,0.46409466901233354,0.04932989506221183,0.05159160494804382,0.023630648851394653,0.43533407151699066,0.6027446091175079,,1.0,WAIT_LOCK,False,locking:time,,,,,,-0.10234004064464919,-0.40134020987557634,0.03052937866931622,-0.6566895062743379
6,a28b3f78577e,105,T03,r00c08:o,row0_right,1083.0,169.0,1780562606699,True,False,0.39679718721378693,0.09953856278890055,0.530410156696682,0.0,0.46360367195523444,0.04976928139445028,0.05159543454647064,0.023644059896469116,0.4353024959564209,0.6027598679065704,,1.0,WAIT_LOCK,False,locking:time,,,,,,-0.10320281278621309,-0.40046143721109945,0.030410156696682053,-0.6567141260604995
6,a28b3f78577e,106,T03,r00c08:o,row0_right,1083.0,169.0,1780562606733,True,False,0.3963364595468608,0.10048960362004306,0.5304174934776159,0.0,0.46337697651223836,0.05024480181002153,0.051594242453575134,0.02365732192993164,0.4352864921092987,0.6027827858924866,,1.0,WAIT_LOCK,False,locking:time,,,,,,-0.10366354045313916,-0.39951039637995694,0.030417493477615895,-0.6532582657922535
6,a28b3f78577e,107,T03,r00c08:o,row0_right,1083.0,169.0,1780562606765,True,False,0.3960289741419756,0.10174422807994771,0.5304270825440778,0.0,0.4632280283430267,0.050872114039973854,0.05159677565097809,0.02368888258934021,0.4352743327617645,0.602798342704773,,1.0,WAIT_LOCK,False,locking:time,,,,,,-0.10397102585802441,-0.3982557719200523,0.03042708254407772,-0.6525662696989154
6,a28b3f78577e,108,T03,r00c08:o,row0_right,1083.0,169.0,1780562606800,True,False,0.39599438690789746,0.1012655693930849,0.5305638299294251,0.0,0.46327910841866127,0.05063278469654245,0.051592424511909485,0.02369445562362671,0.4352625608444214,0.602806568145752,,1.0,WAIT_LOCK,False,locking:time,,,,,,-0.10400561309210257,-0.3987344306069151,0.030563829929425024,-0.6527637982649958
6,a28b3f78577e,109,T03,r00c08:o,row0_right,1083.0,169.0,1780562606834,True,False,0.3958489538700222,0.10256717942598631,0.5303493636325259,0.0,0.46309915875127405,0.051283589712993155,0.05158086121082306,0.02372455596923828,0.43524351716041565,0.6028286814689636,,1.0,WAIT_LOCK,False,locking:time,,,,,,-0.10415104612997776,-0.3974328205740137,0.030349363632525987,-0.6517105556469003
6,a28b3f78577e,110,T03,r00c08:o,row0_right,1083.0,169.0,1780562606869,True,False,0.3958374177479656,0.10140276000994114,0.5304975423282206,0.0,0.46316748003809305,0.05070138000497057,0.051572129130363464,0.023725688457489014,0.4352376461029053,0.602831095457077,,1.0,LOCKED_COLLECTING,False,locking,,,,,,-0.1041625822520344,-0.39859723999005886,0.0304975423282205,-0.6517480261237597
6,a28b3f78577e,111,T03,r00c08:o,row0_right,1083.0,169.0,1780562606901,True,False,0.3962171851635197,0.10262561008719973,0.5304420651449585,0.0,0.46332962515423914,0.05131280504359986,0.05155947804450989,0.023730814456939697,0.43521280586719513,0.6028420031070709,,1.0,LOCKED_COLLECTING,True,,,,,,,-0.10378281483648026,-0.3973743899128003,0.03044206514495849,-0.6501857032910542
6,a28b3f78577e,112,T03,r00c08:o,row0_right,1083.0,169.0,1780562606937,True,False,0.3954112690413618,0.10444630639638647,0.5303244291527147,0.0,0.46286784909703826,0.052223153198193234,0.05153825879096985,0.023727625608444214,0.4351664036512375,0.6028366088867188,,1.0,LOCKED_COLLECTING,True,,,,,,,-0.10458873095863817,-0.39555369360361353,0.030324429152714733,-0.6479832455567565
6,a28b3f78577e,113,T03,r00c08:o,row0_right,1083.0,169.0,1780562606969,True,False,0.39569090011800745,0.104480566565338,0.5309190492292615,0.0,0.46330497467363446,0.052240283282669,0.0514989048242569,0.0237160325050354,0.435156911611557,0.6028233468532562,,1.0,LOCKED_COLLECTING,True,,,,,,,-0.10430909988199258,-0.395519433434662,0.03091904922926153,-0.6485951304076145
6,a28b3f78577e,114,T03,r00c08:o,row0_right,1083.0,169.0,1780562607003,True,False,0.3961890599652417,0.10368581745961297,0.5312960674546414,0.0,0.46374256370994155,0.051842908729806486,0.05148957669734955,0.023707181215286255,0.43514619767665863,0.6027851104736328,,1.0,LOCKED_COLLECTING,True,,,,,,,-0.10381094003475833,-0.396314182540387,0.0312960674546414,-0.6559542036608639
6,a28b3f78577e,115,T03,r00c08:o,row0_right,1083.0,169.0,1780562607037,True,False,0.3968975008798597,0.10330106280461782,0.5317518854025886,0.0,0.46432469314122415,0.05165053140230891,0.05150890350341797,0.023704349994659424,0.43513423204421997,0.6027679443359375,,1.0,LOCKED_COLLECTING,True,,,,,,,-0.1031024991201403,-0.3966989371953822,0.03175188540258852,-0.6584643594405306
6,a28b3f78577e,116,T03,r00c08:o,row0_right,1083.0,169.0,1780562607070,True,False,0.39590314420387107,0.0989338861392211,0.5318586343291691,0.0,0.4638808892665201,0.04946694306961055,0.0514901727437973,0.02360329031944275,0.43509893119335175,0.6026875376701355,,1.0,LOCKED_COLLECTING,True,,,,,,,-0.10409685579612891,-0.4010661138607789,0.03185863432916917,-0.6673970692254737
6,a28b3f78577e,117,T03,r00c08:o,row0_right,1083.0,169.0,1780562607104,True,False,0.3958365435820563,0.0972286293875469,0.5319627624132293,0.0,0.4638996529976428,0.04861431469377345,0.05148680508136749,0.02359113097190857,0.4350942075252533,0.6026200652122498,,1.0,LOCKED_COLLECTING,True,,,,,,,-0.10416345641794371,-0.4027713706124531,0.03196276241322926,-0.6724184095384982
6,a28b3f78577e,118,T03,r00c08:o,row0_right,1083.0,169.0,1780562607139,True,False,0.39587011592201826,0.09121178825247706,0.5323309256924881,0.0,0.46410052080725317,0.04560589412623853,0.0514613538980484,0.023578494787216187,0.4350862503051758,0.6025087237358093,,1.0,LOCKED_COLLECTING,True,,,,,,,-0.10412988407798177,-0.40878821174752294,0.03233092569248812,-0.6780176654410066
6,a28b3f78577e,119,T03,r00c08:o,row0_right,1083.0,169.0,1780562607171,True,False,0.3957963401022776,0.08872079418213569,0.5323802463759217,0.0,0.46408829323909967,0.044360397091067844,0.051457479596138,0.0235615074634552,0.43507902324199677,0.6024387180805206,,1.0,LOCKED_COLLECTING,True,,,,,,,-0.1042036598977224,-0.4112792058178643,0.03238024637592172,-0.681105913224474
6,a28b3f78577e,120,T03,r00c08:o,row0_right,1083.0,169.0,1780562607206,True,False,0.395832400470081,0.08597473683013418,0.5326198489705857,0.0,0.4642261247203333,0.04298736841506709,0.051458701491355896,0.02355131506919861,0.4350767880678177,0.6023677885532379,,1.0,LOCKED_COLLECTING,True,,,,,,,-0.104167599529919,-0.4140252631698658,0.03261984897058565,-0.6806296430655104
6,a28b3f78577e,121,T03,r00c08:o,row0_right,1083.0,169.0,1780562607242,True,False,0.3959758747172373,0.08444833685289604,0.5328407206222273,0.0,0.4644082976697323,0.04222416842644802,0.051477208733558655,0.023564696311950684,0.4350742995738983,0.6023075878620148,,1.0,LOCKED_COLLECTING,True,,,,,,,-0.10402412528276272,-0.41555166314710396,0.032840720622227364,-0.6802214699318881
6,a28b3f78577e,122,T03,r00c08:o,row0_right,1083.0,169.0,1780562607274,True,False,0.3965601983261051,0.08784068004177603,0.5326191307455345,0.0,0.4645896645358198,0.043920340020888016,0.051462799310684204,0.023619145154953003,0.4350873827934265,0.602289229631424,,1.0,LOCKED_COLLECTING,True,,,,,,,-0.1034398016738949,-0.41215931995822397,0.03261913074553447,-0.6730584128156529
6,a28b3f78577e,123,T03,r00c08:o,row0_right,1083.0,169.0,1780562607308,True,False,0.3969054094385418,0.08976345271674052,0.532416228972174,0.0,0.4646608192053579,0.04488172635837026,0.05147366225719452,0.02366083860397339,0.4350815564393997,0.6022728383541107,,1.0,LOCKED_COLLECTING,True,,,,,,,-0.1030945905614582,-0.4102365472832595,0.03241622897217401,-0.6667322007950782
6,a28b3f78577e,124,T03,r00c08:o,row0_right,1083.0,169.0,1780562607341,True,False,0.3971686216114645,0.0909747280904199,0.5324213718036132,0.0,0.4647949967075388,0.04548736404520995,0.0514884889125824,0.023670047521591187,0.4350779205560684,0.6022618114948273,,1.0,LOCKED_COLLECTING,True,,,,,,,-0.10283137838853554,-0.4090252719095801,0.03242137180361318,-0.6644704010024103
6,a28b3f78577e,125,T03,r00c08:o,row0_right,1083.0,169.0,1780562607374,True,False,0.39725942452678664,0.08914749262920685,0.5324068888037465,0.0,0.4648331566652666,0.044573746314603424,0.05148810148239136,0.023666977882385254,0.4350787401199341,0.6021712124347687,,1.0,LOCKED_COLLECTING,True,,,,,,,-0.10274057547321337,-0.41085250737079315,0.032406888803746516,-0.665753498337523
6,a28b3f78577e,126,T03,r00c08:o,row0_right,1083.0,169.0,1780562607408,True,False,0.3971663758577932,0.08927280338901167,0.5323523696047237,0.0,0.46475937273125845,0.044636401694505834,0.05149640142917633,0.023759037256240845,0.4350784569978714,0.6020491421222687,,1.0,LOCKED_COLLECTING,True,,,,,,,-0.10283362414220683,-0.41072719661098833,0.03235236960472366,-0.6632522207873605
6,a28b3f78577e,127,T03,r00c08:o,row0_right,1083.0,169.0,1780562607473,True,False,0.3983201447726153,0.09214071696405352,0.5322467084786359,0.0,0.4652834266256256,0.04607035848202676,0.05149127542972565,0.023798227310180664,0.4351271539926529,0.6019600331783295,,1.0,LOCKED_COLLECTING,True,,,,,,,-0.10167985522738471,-0.4078592830359465,0.032246708478635915,-0.6588302950121318
6,a28b3f78577e,128,T03,r00c08:o,row0_right,1083.0,169.0,1780562607520,True,False,0.3978258284414381,0.09016737327981184,0.5323270138222541,0.0,0.4650764211318461,0.04508368663990592,0.05149774253368378,0.023818999528884888,0.4351396709680557,0.6018519103527069,,1.0,LOCKED_COLLECTING,True,,,,,,,-0.10217417155856191,-0.40983262672018816,0.032327013822254155,-0.6628667115284262
6,a28b3f78577e,129,T03,r00c08:o,row0_right,1083.0,169.0,1780562607553,True,False,0.39748367235506926,0.08774194454791595,0.5323667475991496,0.0,0.4649252099771094,0.043870972273957975,0.05152231454849243,0.023811370134353638,0.43514715135097504,0.6017747521400452,,1.0,LOCKED_COLLECTING,True,,,,,,,-0.10251632764493075,-0.41225805545208405,0.03236674759914963,-0.6682333024962399
6,a28b3f78577e,130,T03,r00c08:o,row0_right,1083.0,169.0,1780562607565,True,False,0.39754318084836726,0.08765943073292237,0.5323720770535273,0.0,0.4649576289509473,0.043829715366461186,0.051522478461265564,0.023821324110031128,0.43515025079250336,0.6017515063285828,,1.0,LOCKED_COLLECTING,True,,,,,,,-0.10245681915163277,-0.41234056926707763,0.03237207705352727,-0.6678393160788562
6,a28b3f78577e,131,T03,r00c08:o,row0_right,1083.0,169.0,1780562607599,True,False,0.397739765895773,0.08942474675042317,0.5324081288327909,0.0,0.4650739473642819,0.044712373375211584,0.051532045006752014,0.02383047342300415,0.43514958024024963,0.6017145812511444,,1.0,LOCKED_COLLECTING,True,,,,,,,-0.10226023410422702,-0.41057525324957683,0.03240812883279082,-0.6655206036525839
6,a28b3f78577e,132,T03,r00c08:o,row0_right,1083.0,169.0,1780562607632,True,False,0.39765752963854306,0.09077420642179107,0.5323850705113238,0.0,0.4650213000749334,0.045387103210895535,0.05153879523277283,0.023823201656341553,0.4351452738046646,0.6016651690006256,,1.0,LOCKED_COLLECTING,True,,,,,,,-0.10234247036145695,-0.40922579357820893,0.03238507051132383,-0.6655902945562274
6,a28b3f78577e,133,T03,r00c08:o,row0_right,1083.0,169.0,1780562607667,True,False,0.3971760758897668,0.08836550603781185,0.5320814196224702,0.0,0.4646287477561185,0.044182753018905924,0.051534682512283325,0.023745089769363403,0.43513377010822296,0.6015652418136597,,1.0,LOCKED_COLLECTING,True,,,,,,,-0.10282392411023321,-0.41163449396218815,0.03208141962247029,-0.670381500864844
6,a28b3f78577e,134,T03,r00c08:o,row0_right,1083.0,169.0,1780562607701,True,False,0.39683344850974467,0.08403323830812409,0.532380008775351,0.0,0.4646067286425478,0.042016619154062046,0.05152389407157898,0.023688167333602905,0.43512140214443207,0.6014318764209747,,1.0,LOCKED_COLLECTING,True,,,,,,,-0.10316655149025532,-0.4159667616918759,0.032380008775351014,-0.6884383455573021
6,a28b3f78577e,135,T03,r00c08:o,row0_right,1083.0,169.0,1780562607735,True,False,0.39684377246486846,0.08549582397715583,0.5322162421221556,0.0,0.464530007293512,0.042747911988577914,0.05154411494731903,0.023705512285232544,0.43510080873966217,0.6014024317264557,,1.0,LOCKED_COLLECTING,True,,,,,,,-0.10315622753513155,-0.4145041760228442,0.03221624212215552,-0.6860198601827978
6,a28b3f78577e,136,T03,r00c08:o,row0_right,1083.0,169.0,1780562607770,True,False,0.39661376692029476,0.08492909510321,0.5322246085547717,0.0,0.4644191877375332,0.042464547551605,0.051572829484939575,0.023737818002700806,0.4350798726081848,0.6013633906841278,,1.0,LOCKED_COLLECTING,True,,,,,,,-0.10338623307970524,-0.41507090489679,0.03222460855477169,-0.6864343615389971
6,a28b3f78577e,137,T03,r00c08:o,row0_right,1083.0,169.0,1780562607802,True,False,0.3962007939249674,0.08522298070217271,0.5326203628749493,0.0,0.46441057839995836,0.042611490351086356,0.05161246657371521,0.023723572492599487,0.43505050241947174,0.6013272702693939,,1.0,LOCKED_COLLECTING,True,,,,,,,-0.10379920607503262,-0.4147770192978273,0.03262036287494929,-0.6860786821247924
6,a28b3f78577e,138,T03,r00c08:o,row0_right,1083.0,169.0,1780562607835,True,False,0.3950535712765012,0.08509249179911377,0.5326798636003683,0.0,0.4638667174384348,0.042546245899556884,0.0516190230846405,0.02370312809944153,0.4350101947784424,0.6013069450855255,,1.0,LOCKED_COLLECTING,True,,,,,,,-0.1049464287234988,-0.41490750820088623,0.03267986360036838,-0.6864646426376568
6,a28b3f78577e,139,T03,r00c08:o,row0_right,1083.0,169.0,1780562607870,True,False,0.39502024121414453,0.08593827539871168,0.5328582555747237,0.0,0.4639392483944341,0.04296913769935584,0.0516098290681839,0.023740917444229126,0.4349917769432068,0.6012826859951019,,1.0,LOCKED_COLLECTING,True,,,,,,,-0.10497975878585547,-0.4140617246012883,0.03285825557472363,-0.6850924758254613
6,a28b3f78577e,140,T03,r00c08:o,row0_right,1083.0,169.0,1780562607902,True,False,0.3953818126021992,0.08612355007110267,0.5329731713285736,0.0,0.4641774919653864,0.043061775035551336,0.05162106454372406,0.023753613233566284,0.4349930137395859,0.6012655198574066,,1.0,LOCKED_COLLECTING,True,,,,,,,-0.10461818739780081,-0.4138764499288973,0.03297317132857357,-0.685164086816772
6,a28b3f78577e,141,T03,r00c08:o,row0_right,1083.0,169.0,1780562607938,True,False,0.39560752298358326,0.0881815289519624,0.5322516164035852,0.0,0.46392956969358423,0.0440907644759812,0.05162070691585541,0.02376347780227661,0.43497323989868164,0.6012607216835022,,1.0,LOCKED_COLLECTING,True,,,,,,,-0.10439247701641674,-0.4118184710480376,0.032251616403585176,-0.6828983416768609
6,a28b3f78577e,142,T03,r00c08:o,row0_right,1083.0,169.0,1780562607971,True,False,0.3958604334240886,0.08949041125722218,0.5324213418363127,0.0,0.46414088763020067,0.04474520562861109,0.05161115527153015,0.023764431476593018,0.43497662246227264,0.6012509763240814,,1.0,LOCKED_COLLECTING,True,,,,,,,-0.10413956657591136,-0.4105095887427778,0.03242134183631272,-0.6781023050929585
6,a28b3f78577e,143,T03,r00c08:o,row0_right,1083.0,169.0,1780562608006,True,False,0.3960457476855681,0.0881396342683845,0.5326188198053221,0.0,0.4643322837454451,0.04406981713419225,0.05160796642303467,0.02375277876853943,0.43498413264751434,0.6012275218963623,,1.0,LOCKED_COLLECTING,True,,,,,,,-0.1039542523144319,-0.4118603657316155,0.03261881980532215,-0.6792229596221808
6,a28b3f78577e,144,T03,r00c08:o,row0_right,1083.0,169.0,1780562608039,True,False,0.3962205724846305,0.08924410551359496,0.5326990282947787,0.0,0.4644598003897046,0.04462205275679748,0.051597148180007935,0.02372947335243225,0.4349837750196457,0.6012192070484161,,1.0,LOCKED_COLLECTING,True,,,,,,,-0.10377942751536953,-0.41075589448640504,0.032699028294778686,-0.6760349505841641
6,a28b3f78577e,145,T03,r00c08:o,row0_right,1083.0,169.0,1780562608073,True,False,0.3962021846961699,0.08663295352535744,0.5328597802135341,0.0,0.464530982454852,0.04331647676267872,0.05159536004066467,0.023713797330856323,0.43498365581035614,0.6011604070663452,,1.0,LOCKED_COLLECTING,True,,,,,,,-0.1037978153038301,-0.41336704647464256,0.0328597802135341,-0.6796284894844119
6,a28b3f78577e,146,T04,r01c01:s,row1_left,292.0,237.0,1780562610104,True,False,0.5605393142781521,0.10957594284662758,0.6801802899145282,0.1285893828611815,0.6203598020963401,0.11908266285390454,0.05156359076499939,0.023910313844680786,0.4443988502025604,0.6046451330184937,,1.0,WAIT_LOCK,False,locking:time,,,,,,0.06053931427815209,-0.3904240571533724,0.18018028991452817,-0.3714106171388185
6,a28b3f78577e,147,T04,r01c01:s,row1_left,292.0,237.0,1780562610138,True,False,0.5605114886678281,0.10966148752136712,0.6805206326162305,0.12885720021402908,0.6205160606420292,0.1192593438676981,0.051547810435295105,0.023909687995910645,0.44442085921764374,0.6046448647975922,,1.0,WAIT_LOCK,False,locking:time,,,,,,0.060511488667828114,-0.3903385124786329,0.18052063261623047,-0.3711427997859709
6,a28b3f78577e,148,T04,r01c01:s,row1_left,292.0,237.0,1780562610171,True,False,0.5603756282496185,0.10847317015447216,0.6802342435333941,0.12759648794396283,0.6203049358915063,0.1180348290492175,0.051569730043411255,0.023929208517074585,0.4444315582513809,0.6046357750892639,,1.0,WAIT_LOCK,False,locking:time,,,,,,0.060375628249618465,-0.39152682984552784,0.18023424353339407,-0.37240351205603717
6,a28b3f78577e,149,T04,r01c01:s,row1_left,292.0,237.0,1780562610205,True,False,0.5603383664982742,0.10841147118130112,0.6808271995123248,0.12798492610397788,0.6205827830052995,0.1181981986426395,0.051571786403656006,0.023932844400405884,0.44447019696235657,0.6046366989612579,,1.0,WAIT_LOCK,False,locking:time,,,,,,0.06033836649827414,-0.3915885288186989,0.18082719951232482,-0.3720150738960221
6,a28b3f78577e,150,T04,r01c01:s,row1_left,292.0,237.0,1780562610240,True,False,0.560301346584338,0.10857886761753677,0.6808821950868194,0.127831780591929,0.6205917708355786,0.11820532410473289,0.051577746868133545,0.02394232153892517,0.44447551667690277,0.604636937379837,,1.0,WAIT_LOCK,False,locking:time,,,,,,0.060301346584337966,-0.39142113238246323,0.1808821950868193,-0.372168219408071
6,a28b3f78577e,151,T04,r01c01:s,row1_left,292.0,237.0,1780562610273,True,False,0.5602600604350156,0.10875678503303499,0.6808345770851522,0.1276586906311885,0.6205473187600838,0.11820773783211175,0.051568254828453064,0.02393519878387451,0.44447921216487885,0.6046400368213654,,1.0,WAIT_LOCK,False,locking:time,,,,,,0.060260060435015646,-0.391243214966965,0.18083457708515216,-0.3723413093688115
6,a28b3f78577e,152,T04,r01c01:s,row1_left,292.0,237.0,1780562610307,True,False,0.5601580590483566,0.10933160847959422,0.6802880054231281,0.1268126661538228,0.6202230322357423,0.11807213731670851,0.05159294605255127,0.023930728435516357,0.44448310136795044,0.604640781879425,,1.0,WAIT_LOCK,False,locking:time,,,,,,0.06015805904835654,-0.3906683915204058,0.1802880054231281,-0.3731873338461772
6,a28b3f78577e,153,T04,r01c01:s,row1_left,292.0,237.0,1780562610342,True,False,0.5600514551669052,0.10948453061647273,0.680176495580072,0.12665533121957073,0.6201139753734886,0.11806993091802173,0.05159518122673035,0.02392485737800598,0.4444819688796997,0.6046411097049713,,1.0,WAIT_LOCK,False,locking:time,,,,,,0.060051455166905285,-0.39051546938352727,0.18017649558007204,-0.37334466878042927
6,a28b3f78577e,154,T04,r01c01:s,row1_left,292.0,237.0,1780562610376,True,False,0.5599662509299261,0.11020214826483987,0.6800310919847389,0.1275507298636689,0.6199986714573325,0.11887643906425438,0.0515953004360199,0.02391219139099121,0.44447770714759827,0.6046499311923981,,1.0,WAIT_LOCK,False,locking:time,,,,,,0.059966250929926156,-0.38979785173516013,0.18003109198473888,-0.3724492701363311
6,a28b3f78577e,155,T04,r01c01:s,row1_left,292.0,237.0,1780562610410,True,False,0.5599383490902087,0.10969534527053104,0.6798974437313905,0.1265022813050447,0.6199178964107996,0.11809881328778787,0.05159561336040497,0.023892104625701904,0.4444741755723953,0.604649007320404,,1.0,WAIT_LOCK,False,locking:time,,,,,,0.05993834909020863,-0.39030465472946896,0.17989744373139047,-0.3734977186949553
6,a28b3f78577e,156,T04,r01c01:s,row1_left,292.0,237.0,1780562610443,True,False,0.5599059474550869,0.10936240220624932,0.6798204761010492,0.12584053490669056,0.619863211778068,0.11760146855646994,0.05159744620323181,0.023879706859588623,0.444472998380661,0.6046483218669891,,1.0,WAIT_LOCK,False,locking:time,,,,,,0.059905947455086934,-0.3906375977937507,0.17982047610104923,-0.37415946509330944
6,a28b3f78577e,157,T04,r01c01:s,row1_left,292.0,237.0,1780562610476,True,False,0.5598048881622657,0.10953385552473349,0.6797551569723808,0.12717944364653194,0.6197800225673232,0.11835664958563272,0.05160297453403473,0.02388623356819153,0.4444720298051834,0.6046552956104279,,1.0,WAIT_LOCK,False,locking:time,,,,,,0.05980488816226569,-0.3904661444752665,0.17975515697238073,-0.37282055635346806
6,a28b3f78577e,158,T04,r01c01:s,row1_left,292.0,237.0,1780562610510,True,False,0.5595896283263504,0.11078610138521072,0.6795843682217331,0.12731430546950473,0.6195869982740417,0.11905020342735773,0.05160270631313324,0.0238741934299469,0.44446617364883423,0.6046689748764038,,1.0,LOCKED_COLLECTING,False,locking,,,,,,0.059589628326350445,-0.3892138986147893,0.17958436822173302,-0.37268569453049527
6,a28b3f78577e,159,T04,r01c01:s,row1_left,292.0,237.0,1780562610544,True,False,0.5595206674881473,0.1116029789159999,0.6795448231247613,0.12736508297016946,0.6195327453064543,0.11948403094308468,0.05160422623157501,0.02390235662460327,0.44446393847465515,0.6046813428401947,,1.0,LOCKED_COLLECTING,True,,,,,,,0.05952066748814731,-0.3883970210840001,0.17954482312476128,-0.37263491702983054
6,a28b3f78577e,160,T04,r01c01:s,row1_left,292.0,237.0,1780562610578,True,False,0.5590803679991846,0.1120532478110845,0.6790306468077578,0.12758003797872408,0.6190555074034712,0.11981664289490429,0.05163988471031189,0.023918628692626953,0.44448070228099823,0.6046849191188812,,1.0,LOCKED_COLLECTING,True,,,,,,,0.05908036799918464,-0.3879467521889155,0.17903064680775777,-0.3724199620212759
6,a28b3f78577e,161,T04,r01c01:s,row1_left,292.0,237.0,1780562610611,True,False,0.5587232874998129,0.11379827127049774,0.6790261329412537,0.12901661000786419,0.6188747102205333,0.12140744063918096,0.05167457461357117,0.02392512559890747,0.4445015788078308,0.6046897768974304,,1.0,LOCKED_COLLECTING,True,,,,,,,0.05872328749981291,-0.38620172872950226,0.17902613294125375,-0.3709833899921358
6,a28b3f78577e,162,T04,r01c01:s,row1_left,292.0,237.0,1780562610645,True,False,0.5585964516235635,0.11420270335523858,0.6790238465612459,0.12940086698349768,0.6188101490924047,0.12180178516936813,0.05168147385120392,0.023933827877044678,0.4445028603076935,0.6046878695487976,,1.0,LOCKED_COLLECTING,True,,,,,,,0.058596451623563514,-0.3857972966447614,0.1790238465612459,-0.3705991330165023
6,a28b3f78577e,163,T04,r01c01:s,row1_left,292.0,237.0,1780562610679,True,False,0.5580492829259259,0.11504887754631082,0.67846148563445,0.12972391093161417,0.6182553842801879,0.1223863942389625,0.051714375615119934,0.02395370602607727,0.44451776146888733,0.604689747095108,,1.0,LOCKED_COLLECTING,True,,,,,,,0.058049282925925885,-0.3849511224536892,0.1784614856344499,-0.3702760890683858
6,a28b3f78577e,164,T04,r01c01:s,row1_left,292.0,237.0,1780562610713,True,False,0.5578736338566181,0.11404787460163807,0.6783769178279372,0.12905109472266152,0.6181252758422777,0.12154948466214979,0.05171605944633484,0.02396330237388611,0.4445285350084305,0.6046692430973053,,1.0,LOCKED_COLLECTING,True,,,,,,,0.05787363385661809,-0.38595212539836193,0.1783769178279372,-0.3709489052773385
6,a28b3f78577e,165,T04,r01c01:s,row1_left,292.0,237.0,1780562610748,True,False,0.5579174347199976,0.11475045857868393,0.6780488563036985,0.12959933093280002,0.6179831455118481,0.12217489475574198,0.05171053111553192,0.02395877242088318,0.4445400983095169,0.6046693921089172,,1.0,LOCKED_COLLECTING,True,,,,,,,0.057917434719997545,-0.38524954142131607,0.17804885630369846,-0.3704006690672
6,a28b3f78577e,166,T04,r01c01:s,row1_left,292.0,237.0,1780562610782,True,False,0.5579293597719431,0.11468724737035152,0.6778812253307721,0.1296252925648521,0.6179052925513576,0.12215626996760182,0.05168841779232025,0.023952573537826538,0.4445359706878662,0.6046724319458008,,1.0,LOCKED_COLLECTING,True,,,,,,,0.05792935977194314,-0.3853127526296485,0.17788122533077208,-0.3703747074351479
6,a28b3f78577e,167,T04,r01c01:s,row1_left,292.0,237.0,1780562610814,True,False,0.5585132034705147,0.11495856870767895,0.6778513004277595,0.12984655947482593,0.6181822519491371,0.12240256409125244,0.05169394612312317,0.023947149515151978,0.44455699622631073,0.6046723127365112,,1.0,LOCKED_COLLECTING,True,,,,,,,0.05851320347051467,-0.38504143129232105,0.17785130042775948,-0.37015344052517407
6,a28b3f78577e,168,T04,r01c01:s,row1_left,292.0,237.0,1780562610848,True,False,0.5588354267356893,0.11394289077950837,0.6778477575337467,0.12902674360788052,0.618341592134718,0.12148481719369444,0.05169498920440674,0.0239449143409729,0.444568008184433,0.6046655178070068,,1.0,LOCKED_COLLECTING,True,,,,,,,0.05883542673568931,-0.38605710922049163,0.17784775753374676,-0.3709732563921195
6,a28b3f78577e,169,T04,r01c01:s,row1_left,292.0,237.0,1780562610883,True,False,0.5588650559248046,0.11384454971009611,0.6775241088440991,0.12949203103619916,0.6181945823844519,0.12166829037314764,0.05169396102428436,0.023943930864334106,0.44457121193408966,0.6046711504459381,,1.0,LOCKED_COLLECTING,True,,,,,,,0.05886505592480466,-0.3861554502899039,0.17752410884409905,-0.37050796896380084
6,a28b3f78577e,170,T04,r01c01:s,row1_left,292.0,237.0,1780562610917,True,False,0.5589186422083174,0.114338066346175,0.6774973492125239,0.12993377513879523,0.6182079957104207,0.12213592074248511,0.051692500710487366,0.02394828200340271,0.4445727616548538,0.6046764850616455,,1.0,LOCKED_COLLECTING,True,,,,,,,0.05891864220831743,-0.385661933653825,0.17749734921252394,-0.3700662248612048
6,a28b3f78577e,171,T04,r01c01:s,row1_left,292.0,237.0,1780562610949,True,False,0.5589071840407203,0.1141186410984728,0.6775614682103686,0.12802921050613209,0.6182343261255444,0.12107392580230245,0.051685601472854614,0.023955971002578735,0.44457122683525085,0.604686051607132,,1.0,LOCKED_COLLECTING,True,,,,,,,0.058907184040720206,-0.3858813589015272,0.17756146821036853,-0.3719707894938679
6,a28b3f78577e,172,T04,r01c01:s,row1_left,292.0,237.0,1780562610984,True,False,0.5589743571582667,0.11362573254597241,0.6774448547925831,0.12837934072112517,0.618209605975425,0.12100253663354879,0.051660776138305664,0.023961931467056274,0.4445679038763046,0.604698121547699,,1.0,LOCKED_COLLECTING,True,,,,,,,0.05897435715826671,-0.3863742674540276,0.17744485479258312,-0.37162065927887483
6,a28b3f78577e,173,T04,r01c01:s,row1_left,292.0,237.0,1780562611019,True,False,0.5590600687649286,0.11275015640114944,0.6774387263191074,0.12703419146492445,0.618249397542018,0.11989217393303694,0.051656365394592285,0.02398088574409485,0.4445672780275345,0.60470250248909,,1.0,LOCKED_COLLECTING,True,,,,,,,0.05906006876492866,-0.38724984359885056,0.17743872631910743,-0.37296580853507555
6,a28b3f78577e,174,T04,r01c01:s,row1_left,292.0,237.0,1780562611053,True,False,0.5593745475266342,0.11274660172598672,0.677446949973415,0.12713975977352227,0.6184107487500246,0.11994318074975449,0.051649466156959534,0.023978501558303833,0.4445684105157852,0.6047086119651794,,1.0,LOCKED_COLLECTING,True,,,,,,,0.05937454752663414,-0.3872533982740133,0.17744694997341506,-0.37286024022647773
6,a28b3f78577e,175,T04,r01c01:s,row1_left,292.0,237.0,1780562611086,True,False,0.5596263922204606,0.1126643366810341,0.6774043918140036,0.12715738030195994,0.6185153920172322,0.11991085849149702,0.05164468288421631,0.023978620767593384,0.44457152485847473,0.6047098338603973,,1.0,LOCKED_COLLECTING,True,,,,,,,0.05962639222046065,-0.3873356633189659,0.17740439181400353,-0.37284261969804006
6,a28b3f78577e,176,T04,r01c01:s,row1_left,292.0,237.0,1780562611120,True,False,0.5597010501923717,0.11302150663821642,0.6774560131836179,0.12813207877660132,0.6185785316879948,0.12057679270740887,0.05164697766304016,0.023975461721420288,0.44457730650901794,0.604711651802063,,1.0,LOCKED_COLLECTING,True,,,,,,,0.059701050192371666,-0.3869784933617836,0.17745601318361792,-0.3718679212233987
6,a28b3f78577e,177,T04,r01c01:s,row1_left,292.0,237.0,1780562611153,True,False,0.5597325475687824,0.11426397155529772,0.6771580920540121,0.1304699485640038,0.6184453198113973,0.12236696005965075,0.05165576934814453,0.02398434281349182,0.4445781707763672,0.6047323644161224,,1.0,LOCKED_COLLECTING,True,,,,,,,0.05973254756878241,-0.3857360284447023,0.17715809205401217,-0.3695300514359962
6,a28b3f78577e,178,T04,r01c01:s,row1_left,292.0,237.0,1780562611187,True,False,0.5586665404940842,0.11562618808505848,0.6768399526566267,0.13030664894912825,0.6177532465753555,0.12296641851709336,0.05165457725524902,0.02398395538330078,0.4445450007915497,0.6047459542751312,,1.0,LOCKED_COLLECTING,True,,,,,,,0.05866654049408416,-0.3843738119149415,0.17683995265662666,-0.36969335105087175
6,a28b3f78577e,179,T04,r01c01:s,row1_left,292.0,237.0,1780562611221,True,False,0.5587267348151997,0.1142246291475984,0.676984650562964,0.12975076612338293,0.6178556926890819,0.12198769763549067,0.05166734755039215,0.02402520179748535,0.44454680383205414,0.604757159948349,,1.0,LOCKED_COLLECTING,True,,,,,,,0.05872673481519973,-0.3857753708524016,0.17698465056296392,-0.37024923387661707
6,a28b3f78577e,180,T04,r01c01:s,row1_left,292.0,237.0,1780562611254,True,False,0.5584422176567482,0.114474801123635,0.6768441863043448,0.12954102640276977,0.6176432019805465,0.12200791376320239,0.051671504974365234,0.024010658264160156,0.4445394426584244,0.6047651171684265,,1.0,LOCKED_COLLECTING,True,,,,,,,0.05844221765674814,-0.385525198876365,0.1768441863043449,-0.37045897359723023
6,a28b3f78577e,181,T04,r01c01:s,row1_left,292.0,237.0,1780562611288,True,False,0.5584377871324668,0.11495035466136633,0.6768235404997225,0.12971127498204055,0.6176306638160947,0.12233081482170344,0.05167366564273834,0.02400866150856018,0.44453994929790497,0.6047666668891907,,1.0,LOCKED_COLLECTING,True,,,,,,,0.058437787132466855,-0.3850496453386337,0.17682354049972254,-0.37028872501795945
6,a28b3f78577e,182,T04,r01c01:s,row1_left,292.0,237.0,1780562611322,True,False,0.5577995978092085,0.11565662405796717,0.6764434958910917,0.13033092278981323,0.6171215468501501,0.1229937734238902,0.05170354247093201,0.024016499519348145,0.4445558339357376,0.6047826111316681,,1.0,LOCKED_COLLECTING,True,,,,,,,0.05779959780920849,-0.3843433759420328,0.17644349589109165,-0.36966907721018677
6,a28b3f78577e,183,T04,r01c01:s,row1_left,292.0,237.0,1780562611357,True,False,0.557482179621618,0.11576711291207425,0.6764394937520144,0.12893204032451333,0.6169608366868162,0.12234957661829379,0.05171477794647217,0.024039238691329956,0.4445561468601227,0.6047970354557037,,1.0,LOCKED_COLLECTING,True,,,,,,,0.057482179621617946,-0.38423288708792575,0.17643949375201437,-0.37106795967548667
6,a28b3f78577e,184,T04,r01c01:s,row1_left,292.0,237.0,1780562611389,True,False,0.5569994316607357,0.11634822555866631,0.6764833698544186,0.12868974248973347,0.6167414007575771,0.12251898402419989,0.05172838270664215,0.024038165807724,0.4445638954639435,0.6048071086406708,,1.0,LOCKED_COLLECTING,True,,,,,,,0.056999431660735775,-0.3836517744413337,0.17648336985441862,-0.37131025751026653
6,a28b3f78577e,185,T04,r01c01:s,row1_left,292.0,237.0,1780562611424,True,False,0.5574451561018371,0.11694028006740576,0.6766177309865553,0.12924154151708123,0.6170314435441961,0.12309091079224349,0.05172446370124817,0.024038851261138916,0.4445759952068329,0.6048319637775421,,1.0,LOCKED_COLLECTING,True,,,,,,,0.057445156101837085,-0.38305971993259424,0.17661773098655528,-0.3707584584829188
6,a28b3f78577e,186,T04,r01c01:s,row1_left,292.0,237.0,1780562611457,True,False,0.5577451178471708,0.11708699970983871,0.6764997585328761,0.1290879176431513,0.6171224381900235,0.12308745867649501,0.05172710120677948,0.024044066667556763,0.4445984959602356,0.6048353910446167,,1.0,LOCKED_COLLECTING,True,,,,,,,0.05774511784717089,-0.3829130002901613,0.17649975853287614,-0.3709120823568487
6,a28b3f78577e,187,T04,r01c01:s,row1_left,292.0,237.0,1780562611491,True,False,0.5579562349797986,0.11729053057776068,0.6763474771252167,0.1294541767312753,0.6171518560525077,0.12337235365451799,0.051725998520851135,0.02404138445854187,0.4446071684360504,0.6048498451709747,,1.0,LOCKED_COLLECTING,True,,,,,,,0.0579562349797986,-0.3827094694222393,0.17634747712521667,-0.3705458232687247
6,a28b3f78577e,188,T04,r01c01:s,row1_left,292.0,237.0,1780562611525,True,False,0.5581960604580177,0.11724159354917058,0.6764764042867996,0.12940325676816333,0.6173362323724086,0.12332242515866695,0.05172687768936157,0.02404358983039856,0.4446142017841339,0.6048568785190582,,1.0,LOCKED_COLLECTING,True,,,,,,,0.05819606045801769,-0.3827584064508294,0.17647640428679953,-0.37059674323183667
6,a28b3f78577e,189,T04,r01c01:s,row1_left,292.0,237.0,1780562611558,True,False,0.5585338293270798,0.11682451764452328,0.6766295292606777,0.12936361282043546,0.6175816792938787,0.12309406523247937,0.05170053243637085,0.02403286099433899,0.44461627304553986,0.6048654317855835,,1.0,LOCKED_COLLECTING,True,,,,,,,0.05853382932707985,-0.3831754823554767,0.17662952926067763,-0.37063638717956454
6,a28b3f78577e,190,T04,r01c01:s,row1_left,292.0,237.0,1780562611593,True,False,0.558393167432019,0.11685359161379905,0.6766202422165006,0.1296013295307858,0.6175067048242598,0.12322746057229242,0.051691681146621704,0.024032622575759888,0.44461414217948914,0.6048681139945984,,1.0,LOCKED_COLLECTING,True,,,,,,,0.058393167432019104,-0.38314640838620095,0.17662024221650066,-0.3703986704692142
6,a28b3f78577e,191,T04,r01c01:s,row1_left,292.0,237.0,1780562611628,True,False,0.5583633029247922,0.11679882605997305,0.676555520958337,0.12955576155715187,0.6174594119415646,0.12317729380856246,0.05169351398944855,0.024036318063735962,0.4446149170398712,0.6048648655414581,,1.0,LOCKED_COLLECTING,True,,,,,,,0.05836330292479219,-0.38320117394002695,0.17655552095833701,-0.37044423844284813
6,a28b3f78577e,192,T04,r01c01:s,row1_left,292.0,237.0,1780562611661,True,False,0.5583886593410127,0.11677299452960549,0.6764804202385581,0.12956907446919746,0.6174345397897854,0.12317103449940148,0.05169011652469635,0.024023592472076416,0.4446156620979309,0.6048660278320312,,1.0,LOCKED_COLLECTING,True,,,,,,,0.05838865934101269,-0.3832270054703945,0.1764804202385582,-0.37043092553080254
6,a28b3f78577e,193,T04,r01c01:s,row1_left,292.0,237.0,1780562611694,True,False,0.5583363466018998,0.11681291067206834,0.6764330203800537,0.129538335107729,0.6173846834909767,0.12317562288989867,0.05168795585632324,0.024020344018936157,0.44461551308631897,0.6048685610294342,,1.0,LOCKED_COLLECTING,True,,,,,,,0.0583363466018998,-0.38318708932793166,0.17643302038005365,-0.370461664892271
6,a28b3f78577e,194,T04,r01c01:s,row1_left,292.0,237.0,1780562611729,True,False,0.5584171366265089,0.11667749029042401,0.6765592834089986,0.12923202197450617,0.6174882100177538,0.12295475613246509,0.05169670283794403,0.02402573823928833,0.44461706280708313,0.6048687100410461,,1.0,LOCKED_COLLECTING,True,,,,,,,0.05841713662650893,-0.383322509709576,0.1765592834089986,-0.3707679780254938
6,a28b3f78577e,195,T05,r01c04:g,row1_center,639.0,237.0,1780562613740,True,False,0.4449833855950433,0.12118625316003356,0.591209397516317,0.0,0.5180963915556801,0.06059312658001678,0.051319584250450134,0.023679494857788086,0.43812115490436554,0.6051349341869354,,1.0,WAIT_LOCK,False,locking:time,,,,,,-0.05501661440495672,-0.37881374683996644,0.09120939751631692,-0.5172799771580148
6,a28b3f78577e,196,T05,r01c04:g,row1_center,639.0,237.0,1780562613779,True,False,0.44520152269101426,0.12108224181696003,0.5914880792603249,0.0,0.5183448009756696,0.06054112090848002,0.051319047808647156,0.02367454767227173,0.438135489821434,0.6051375865936279,,1.0,WAIT_LOCK,False,locking:time,,,,,,-0.05479847730898574,-0.37891775818303997,0.09148807926032486,-0.517427067643059
6,a28b3f78577e,197,T05,r01c04:g,row1_center,639.0,237.0,1780562613810,True,False,0.4454770830853003,0.12139566991134298,0.5914568425715976,0.0,0.518466962828449,0.06069783495567149,0.05131232738494873,0.023667216300964355,0.43814539909362793,0.6051438748836517,,1.0,WAIT_LOCK,False,locking:time,,,,,,-0.05452291691469968,-0.378604330088657,0.09145684257159759,-0.5174560197013496
6,a28b3f78577e,198,T05,r01c04:g,row1_center,639.0,237.0,1780562613839,True,False,0.44537909611785353,0.12131396694465363,0.591923470816794,0.0,0.5186512834673238,0.060656983472326814,0.05132058262825012,0.023663759231567383,0.43817560374736786,0.6051465272903442,,1.0,WAIT_LOCK,False,locking:time,,,,,,-0.05462090388214645,-0.37868603305534637,0.09192347081679395,-0.5175076343235357
6,a28b3f78577e,199,T05,r01c04:g,row1_center,639.0,237.0,1780562613871,True,False,0.44531546921759324,0.12115388935667154,0.5915862195277358,0.0,0.5184508443726645,0.06057694467833577,0.051286906003952026,0.02365007996559143,0.43818552792072296,0.6051591634750366,,1.0,WAIT_LOCK,False,locking:time,,,,,,-0.05468453078240678,-0.37884611064332846,0.09158621952773582,-0.5191367388957989
6,a28b3f78577e,200,T05,r01c04:g,row1_center,639.0,237.0,1780562613912,True,False,0.4454031327084034,0.12152534054618996,0.5913615260508397,0.0,0.5183823293796216,0.06076267027309498,0.05130922794342041,0.023660987615585327,0.43820954859256744,0.6051697432994843,,1.0,WAIT_LOCK,False,locking:time,,,,,,-0.05459686729159656,-0.37847465945381004,0.0913615260508397,-0.5176602341990988
6,a28b3f78577e,201,T05,r01c04:g,row1_center,639.0,237.0,1780562613947,True,False,0.4453791639713141,0.12147031725976148,0.5913087216294697,0.0,0.5183439428003919,0.06073515862988074,0.05131286382675171,0.023651301860809326,0.43821127712726593,0.6051720082759857,,1.0,WAIT_LOCK,False,locking:time,,,,,,-0.05462083602868587,-0.3785296827402385,0.09130872162946964,-0.5179461314839778
6,a28b3f78577e,202,T05,r01c04:g,row1_center,639.0,237.0,1780562613984,True,False,0.4453869451159678,0.12134425520454117,0.5913805199492324,0.0,0.5183837325326001,0.06067212760227059,0.051310762763023376,0.02364867925643921,0.43821628391742706,0.6051805913448334,,1.0,WAIT_LOCK,False,locking:time,,,,,,-0.054613054884032196,-0.3786557447954588,0.09138051994923241,-0.5182271180484983
6,a28b3f78577e,203,T05,r01c04:g,row1_center,639.0,237.0,1780562614016,True,False,0.44523267164921876,0.12137045609193686,0.5914087564671514,0.0,0.5183207140581851,0.06068522804596843,0.05131581425666809,0.023647606372833252,0.43821917474269867,0.6051836907863617,,1.0,WAIT_LOCK,False,locking:time,,,,,,-0.05476732835078124,-0.37862954390806314,0.09140875646715145,-0.518817474043047
6,a28b3f78577e,204,T05,r01c04:g,row1_center,639.0,237.0,1780562614045,True,False,0.44524258234108005,0.12003599380909635,0.5915283315344363,0.0,0.5183854569377582,0.060017996904548176,0.0513165146112442,0.0236453115940094,0.4382243901491165,0.605185478925705,,1.0,WAIT_LOCK,False,locking:time,,,,,,-0.05475741765891992,-0.37996400619090365,0.09152833153443628,-0.5219611828415995
6,a28b3f78577e,205,T05,r01c04:g,row1_center,639.0,237.0,1780562614077,True,False,0.44506804755871365,0.11984275466037286,0.5917784912658216,0.0,0.5184232694122677,0.05992137733018643,0.05133487284183502,0.02363485097885132,0.4382321387529373,0.6052031219005585,,1.0,WAIT_LOCK,False,locking:time,,,,,,-0.05493195244128636,-0.38015724533962714,0.09177849126582163,-0.5228043831868807
6,a28b3f78577e,206,T05,r01c04:g,row1_center,639.0,237.0,1780562614110,True,False,0.4451696257673404,0.11998058020778996,0.5924071236644961,0.0,0.5187883747159183,0.05999029010389498,0.051339924335479736,0.023633986711502075,0.43825937807559967,0.6052254736423492,,1.0,WAIT_LOCK,False,locking:time,,,,,,-0.05483037423265959,-0.38001941979221004,0.0924071236644961,-0.522114267049265
6,a28b3f78577e,207,T05,r01c04:g,row1_center,639.0,237.0,1780562614142,True,False,0.44512571851309485,0.12009372246593186,0.5924307253588039,0.0,0.5187782219359494,0.06004686123296593,0.051333412528038025,0.023620575666427612,0.43826447427272797,0.6052332818508148,,1.0,LOCKED_COLLECTING,False,locking,,,,,,-0.05487428148690515,-0.37990627753406814,0.09243072535880391,-0.5223053135574054
6,a28b3f78577e,208,T05,r01c04:g,row1_center,639.0,237.0,1780562614178,True,False,0.44513229943434873,0.12193475007305898,0.5931391807666723,0.0,0.5191357401005106,0.06096737503652949,0.051372721791267395,0.023657649755477905,0.4383128434419632,0.6052792966365814,,1.0,LOCKED_COLLECTING,True,,,,,,,-0.05486770056565128,-0.378065249926941,0.09313918076667224,-0.5172968421271239
6,a28b3f78577e,209,T05,r01c04:g,row1_center,639.0,237.0,1780562614211,True,False,0.44470337870510357,0.11984095025556085,0.5932096200652152,0.0,0.5189564993851594,0.059920475127780426,0.05135226249694824,0.023643404245376587,0.4383455514907837,0.6052834689617157,,1.0,LOCKED_COLLECTING,True,,,,,,,-0.05529662129489643,-0.38015904974443915,0.09320962006521513,-0.5200216242051382
6,a28b3f78577e,210,T05,r01c04:g,row1_center,639.0,237.0,1780562614246,True,False,0.4443747765828122,0.11989450728102186,0.5933972363372494,0.0,0.5188860064600308,0.05994725364051093,0.051362574100494385,0.023637235164642334,0.43835996091365814,0.6052857935428619,,1.0,LOCKED_COLLECTING,True,,,,,,,-0.05562522341718777,-0.38010549271897814,0.09339723633724942,-0.5204306451804396
6,a28b3f78577e,211,T05,r01c04:g,row1_center,639.0,237.0,1780562614278,True,False,0.4438446736078068,0.11935011307580429,0.5934107407783968,0.0,0.5186277071931018,0.059675056537902144,0.05136479437351227,0.023610323667526245,0.43836721777915955,0.6052674651145935,,1.0,LOCKED_COLLECTING,True,,,,,,,-0.056155326392193256,-0.3806498869241957,0.09341074077839684,-0.5230868453446177
6,a28b3f78577e,212,T05,r01c04:g,row1_center,639.0,237.0,1780562614314,True,False,0.4438456596402425,0.12018608395211178,0.5935406344173859,0.0,0.5186931470288142,0.06009304197605589,0.05140160024166107,0.023603498935699463,0.4383946806192398,0.6052672863006592,,1.0,LOCKED_COLLECTING,True,,,,,,,-0.05615434035975753,-0.3798139160478882,0.09354063441738586,-0.522801357604746
6,a28b3f78577e,213,T05,r01c04:g,row1_center,639.0,237.0,1780562614352,True,False,0.44401072634606037,0.12189543471011816,0.5937820682847759,0.0,0.5188963973154181,0.06094771735505908,0.05140650272369385,0.023606538772583008,0.4384126663208008,0.6052577793598175,,1.0,LOCKED_COLLECTING,True,,,,,,,-0.05598927365393964,-0.37810456528988184,0.09378206828477581,-0.5224589095634806
6,a28b3f78577e,214,T05,r01c04:g,row1_center,639.0,237.0,1780562614381,True,False,0.44411651707595534,0.11983842306150216,0.5941227729351717,0.0,0.5191196450055635,0.05991921153075108,0.05139075219631195,0.023583054542541504,0.4384155869483948,0.6052324771881104,,1.0,LOCKED_COLLECTING,True,,,,,,,-0.05588348292404463,-0.38016157693849784,0.09412277293517167,-0.5248056662976377
6,a28b3f78577e,215,T05,r01c04:g,row1_center,639.0,237.0,1780562614414,True,False,0.4442877279558173,0.11720403830887488,0.5941078393389945,0.0,0.5191977836474059,0.05860201915443744,0.051370829343795776,0.023548901081085205,0.4384133666753769,0.6052102744579315,,1.0,LOCKED_COLLECTING,True,,,,,,,-0.0557122720441827,-0.3827959616911251,0.09410783933899444,-0.527815567545156
6,a28b3f78577e,216,T05,r01c04:g,row1_center,639.0,237.0,1780562614448,True,False,0.44426993350168337,0.11684484160211145,0.5941568877214447,0.0,0.519213410611564,0.058422420801055724,0.05136995017528534,0.0235462486743927,0.4384154826402664,0.605192244052887,,1.0,LOCKED_COLLECTING,True,,,,,,,-0.05573006649831665,-0.38315515839788855,0.09415688772144476,-0.529462592046297
6,a28b3f78577e,217,T05,r01c04:g,row1_center,639.0,237.0,1780562614482,True,False,0.44430731654086314,0.11744562212453719,0.5940356242713307,0.0,0.5191714704060969,0.05872281106226859,0.051359668374061584,0.02354910969734192,0.43841658532619476,0.6051919162273407,,1.0,LOCKED_COLLECTING,True,,,,,,,-0.05569268345913687,-0.3825543778754628,0.09403562427133066,-0.5295902302259483
6,a28b3f78577e,218,T05,r01c04:g,row1_center,639.0,237.0,1780562614515,True,False,0.44428851656064766,0.11688659478012786,0.594204130877837,0.0,0.5192463237192423,0.05844329739006393,0.05135846138000488,0.0235406756401062,0.43842197954654694,0.605184406042099,,1.0,LOCKED_COLLECTING,True,,,,,,,-0.05571148343935232,-0.38311340521987214,0.09420413087783698,-0.5301130401518046
6,a28b3f78577e,219,T05,r01c04:g,row1_center,639.0,237.0,1780562614551,True,False,0.44423703777225315,0.11695259718442691,0.5942325778027365,0.0,0.5192348077874949,0.058476298592213455,0.051359012722969055,0.02355256676673889,0.4384213238954544,0.6051712930202484,,1.0,LOCKED_COLLECTING,True,,,,,,,-0.055762962227746835,-0.3830474028155731,0.09423257780273657,-0.5313083266919529
6,a28b3f78577e,220,T05,r01c04:g,row1_center,639.0,237.0,1780562614583,True,False,0.4445292787954154,0.11767835932464649,0.5945001507272032,0.0,0.5195147147613093,0.05883917966232324,0.05137220025062561,0.023552030324935913,0.43844735622406006,0.6051782965660095,,1.0,LOCKED_COLLECTING,True,,,,,,,-0.05547072120458461,-0.3823216406753535,0.09450015072720323,-0.5295165615013615
6,a28b3f78577e,221,T05,r01c04:g,row1_center,639.0,237.0,1780562614620,True,False,0.4453255865506983,0.11783796903895888,0.5945320343710346,0.0,0.5199288104608665,0.05891898451947944,0.05136553943157196,0.023550093173980713,0.4384717792272568,0.6051786541938782,,1.0,LOCKED_COLLECTING,True,,,,,,,-0.05467441344930166,-0.3821620309610411,0.09453203437103462,-0.5292385359263025
6,a28b3f78577e,222,T05,r01c04:g,row1_center,639.0,237.0,1780562614652,True,False,0.4454586156719295,0.11848501163591169,0.5943136016245778,0.0,0.5198861086482537,0.05924250581795584,0.051358744502067566,0.023552417755126953,0.43847621977329254,0.6051996648311615,,1.0,LOCKED_COLLECTING,True,,,,,,,-0.054541384328070465,-0.3815149883640883,0.09431360162457783,-0.5264014279039504
6,a28b3f78577e,223,T05,r01c04:g,row1_center,639.0,237.0,1780562614685,True,False,0.4455912835332379,0.11837566977220221,0.5943387118595875,0.0,0.5199649976964127,0.059187834886101104,0.05134060978889465,0.023547440767288208,0.4384880065917969,0.6051979959011078,,1.0,LOCKED_COLLECTING,True,,,,,,,-0.05440871646676209,-0.3816243302277978,0.09433871185958755,-0.5270002315154816
6,a28b3f78577e,224,T05,r01c04:g,row1_center,639.0,237.0,1780562614718,True,False,0.4456907162617123,0.11833280335486263,0.5940487062466734,0.0,0.5198697112541928,0.05916640167743131,0.05132478475570679,0.02353164553642273,0.43848298490047455,0.605198085308075,,1.0,LOCKED_COLLECTING,True,,,,,,,-0.0543092837382877,-0.3816671966451374,0.0940487062466734,-0.5275915961277237
6,a28b3f78577e,225,T05,r01c04:g,row1_center,639.0,237.0,1780562614754,True,False,0.44592171807109904,0.11844984262666708,0.5940389906370773,0.0,0.5199803543540882,0.05922492131333354,0.05132192373275757,0.023515135049819946,0.4384894520044327,0.6052165627479553,,1.0,LOCKED_COLLECTING,True,,,,,,,-0.054078281928900976,-0.3815501573733329,0.09403899063707734,-0.528015434010046
6,a28b3f78577e,226,T05,r01c04:g,row1_center,639.0,237.0,1780562614786,True,False,0.4457048180940629,0.11770481129726401,0.5940495569217146,0.0,0.5198771875078887,0.058852405648632006,0.05131646990776062,0.023503869771957397,0.43848997354507446,0.6052186787128448,,1.0,LOCKED_COLLECTING,True,,,,,,,-0.05429518190593709,-0.382295188702736,0.0940495569217146,-0.5304919268463258
6,a28b3f78577e,227,T05,r01c04:g,row1_center,639.0,237.0,1780562614820,True,False,0.4456622808604113,0.11873468758874572,0.594133523436833,0.0,0.5198979021486222,0.05936734379437286,0.05130155384540558,0.023498445749282837,0.4384923428297043,0.605239748954773,,1.0,LOCKED_COLLECTING,True,,,,,,,-0.05433771913958868,-0.3812653124112543,0.09413352343683298,-0.5296609917788708
6,a28b3f78577e,228,T05,r01c04:g,row1_center,639.0,237.0,1780562614854,True,False,0.4457659037347219,0.11850069257589935,0.5941402360231257,0.0,0.5199530698789239,0.05925034628794967,0.051299139857292175,0.02349945902824402,0.43849436938762665,0.6052689552307129,,1.0,LOCKED_COLLECTING,True,,,,,,,-0.05423409626527806,-0.38149930742410065,0.09414023602312575,-0.5301043464560752
6,a28b3f78577e,229,T05,r01c04:g,row1_center,639.0,237.0,1780562614887,True,False,0.4462317491223241,0.1203700969297633,0.5941697295167011,0.0,0.5202007393195126,0.06018504846488165,0.05129757523536682,0.023523777723312378,0.43850915133953094,0.6053375601768494,,1.0,LOCKED_COLLECTING,True,,,,,,,-0.05376825087767589,-0.3796299030702367,0.09416972951670113,-0.5254758253278204
6,a28b3f78577e,230,T05,r01c04:g,row1_center,639.0,237.0,1780562614922,True,False,0.44650793849809545,0.12360603557140076,0.5941629322919331,0.0,0.5203354353950143,0.06180301778570038,0.05129265785217285,0.023546338081359863,0.43851643800735474,0.6054144501686096,,1.0,LOCKED_COLLECTING,True,,,,,,,-0.053492061501904525,-0.37639396442859924,0.09416293229193305,-0.5209163522544571
6,a28b3f78577e,231,T05,r01c04:g,row1_center,639.0,237.0,1780562614956,True,False,0.4468214747264073,0.12433894071701579,0.5942622092308483,0.0,0.5205418419786279,0.062169470358507894,0.05129136145114899,0.023530513048171997,0.43853071331977844,0.60546875,,1.0,LOCKED_COLLECTING,True,,,,,,,-0.05317852527359271,-0.3756610592829842,0.09426220923084827,-0.5178651593981785
6,a28b3f78577e,232,T05,r01c04:g,row1_center,639.0,237.0,1780562614990,True,False,0.4471250513721513,0.12375969753033861,0.5944657169631662,0.0,0.5207953841676587,0.061879848765169304,0.05125276744365692,0.02349892258644104,0.4385170340538025,0.6054777503013611,,1.0,LOCKED_COLLECTING,True,,,,,,,-0.052874948627848715,-0.3762403024696614,0.09446571696316618,-0.5180922288855856
6,a28b3f78577e,233,T05,r01c04:g,row1_center,639.0,237.0,1780562615023,True,False,0.4469139186548856,0.12245486567078079,0.5943565552719459,0.0,0.5206352369634157,0.061227432835390394,0.05125319957733154,0.023488491773605347,0.4385067969560623,0.6054790318012238,,1.0,LOCKED_COLLECTING,True,,,,,,,-0.0530860813451144,-0.3775451343292192,0.0943565552719459,-0.5188379024262734
6,a28b3f78577e,234,T05,r01c04:g,row1_center,639.0,237.0,1780562615057,True,False,0.4465768105220376,0.12221359618835159,0.5943408954499497,0.0,0.5204588529859937,0.061106798094175796,0.05124141275882721,0.02347630262374878,0.4384891986846924,0.605480819940567,,1.0,LOCKED_COLLECTING,True,,,,,,,-0.053423189477962395,-0.3777864038116484,0.09434089544994972,-0.5200172785807293
6,a28b3f78577e,235,T05,r01c04:g,row1_center,639.0,237.0,1780562615090,True,False,0.4464839572562468,0.12193753629764431,0.5944729982248534,0.0,0.5204784777405501,0.060968768148822156,0.05123521387577057,0.02345883846282959,0.43848393857479095,0.6054765582084656,,1.0,LOCKED_COLLECTING,True,,,,,,,-0.05351604274375324,-0.3780624637023557,0.09447299822485344,-0.5203337282380291
6,a28b3f78577e,236,T05,r01c04:g,row1_center,639.0,237.0,1780562615125,True,False,0.446937245612557,0.1216436264973299,0.5943754465066851,0.0,0.520656346059621,0.06082181324866495,0.051193177700042725,0.0234319269657135,0.4384741336107254,0.6054662466049194,,1.0,LOCKED_COLLECTING,True,,,,,,,-0.05306275438744302,-0.3783563735026701,0.09437544650668504,-0.5231876119788217
6,a28b3f78577e,237,T05,r01c04:g,row1_center,639.0,237.0,1780562615159,True,False,0.4466490188205064,0.1208776023322391,0.5943825584494281,0.0,0.5205157886349673,0.06043880116611955,0.05115726590156555,0.023368120193481445,0.4384599030017853,0.6054158508777618,,1.0,LOCKED_COLLECTING,True,,,,,,,-0.0533509811794936,-0.3791223976677609,0.09438255844942814,-0.5310537080801311
6,a28b3f78577e,238,T05,r01c04:g,row1_center,639.0,237.0,1780562615193,True,False,0.4466032557739633,0.11974978798261271,0.5944716233550106,0.0,0.520537439564487,0.059874893991306355,0.05115880072116852,0.02338162064552307,0.4384620487689972,0.6053931713104248,,1.0,LOCKED_COLLECTING,True,,,,,,,-0.05339674422603669,-0.3802502120173873,0.0944716233550106,-0.5306951355791341
6,a28b3f78577e,239,T05,r01c04:g,row1_center,639.0,237.0,1780562615227,True,False,0.44658863783820596,0.12127232027410434,0.5944068426556417,0.0,0.5204977402469239,0.06063616013705217,0.05116216838359833,0.023383796215057373,0.4384581297636032,0.6053810119628906,,1.0,LOCKED_COLLECTING,True,,,,,,,-0.053411362161794027,-0.37872767972589566,0.09440684265564173,-0.5284129387228589
6,a28b3f78577e,240,T05,r01c04:g,row1_center,639.0,237.0,1780562615259,True,False,0.44655750485342915,0.12206814561724405,0.5946412723442918,0.0,0.5205993885988605,0.061034072808622025,0.05117696523666382,0.02340450882911682,0.4384695738554001,0.605361670255661,,1.0,LOCKED_COLLECTING,True,,,,,,,-0.053442495146570845,-0.37793185438275595,0.09464127234429173,-0.527039346981743
6,a28b3f78577e,241,T05,r01c04:g,row1_center,639.0,237.0,1780562615293,True,False,0.44656626100625774,0.12319080168689761,0.5949051405181286,0.0,0.5207357007621931,0.061595400843448805,0.05118732154369354,0.023405104875564575,0.43848155438899994,0.60533607006073,,1.0,LOCKED_COLLECTING,True,,,,,,,-0.05343373899374229,-0.3768091983131024,0.0949051405181286,-0.526344564318224
6,a28b3f78577e,242,T05,r01c04:g,row1_center,639.0,237.0,1780562615327,True,False,0.4465131920684289,0.12292548786574697,0.5952156537093354,0.0,0.5208644228888821,0.06146274393287349,0.05119083821773529,0.02341321110725403,0.4384908676147461,0.6052916347980499,,1.0,LOCKED_COLLECTING,True,,,,,,,-0.05348680793157115,-0.377074512134253,0.09521565370933532,-0.525864136342052
6,a28b3f78577e,243,T05,r01c04:g,row1_center,639.0,237.0,1780562615360,True,False,0.44648312566539833,0.12396797212697308,0.5951155129306612,0.0,0.5207993192980298,0.06198398606348654,0.051187723875045776,0.02342170476913452,0.4384913593530655,0.6052488088607788,,1.0,LOCKED_COLLECTING,True,,,,,,,-0.053516874334601665,-0.3760320278730269,0.0951155129306612,-0.5246955243590806
6,a28b3f78577e,244,T06,r01c07:k,row1_right,987.0,237.0,1780562617387,True,False,0.41036725836973287,0.12096863794021695,0.5496039027944499,0.0,0.4799855805820914,0.060484318970108475,0.05125436186790466,0.02284523844718933,0.43479569256305695,0.6047966480255127,,1.0,WAIT_LOCK,False,locking:time,,,,,,-0.08963274163026715,-0.37903136205978305,0.0496039027944499,-0.6163097972526932
6,a28b3f78577e,245,T06,r01c07:k,row1_right,987.0,237.0,1780562617421,True,False,0.4109752010825033,0.12203300325074085,0.5499334339955935,0.0,0.4804543175390484,0.06101650162537042,0.05128459632396698,0.022872358560562134,0.43476200103759766,0.6047912836074829,,1.0,WAIT_LOCK,False,locking:time,,,,,,-0.08902479891749673,-0.37796699674925915,0.049933433995593524,-0.6110194209730178
6,a28b3f78577e,246,T06,r01c07:k,row1_right,987.0,237.0,1780562617455,True,False,0.41065987971023005,0.12302024418624347,0.5506116833718981,0.0,0.4806357815410641,0.06151012209312173,0.051277995109558105,0.02284616231918335,0.43470847606658936,0.6047625243663788,,1.0,WAIT_LOCK,False,locking:time,,,,,,-0.08934012028976995,-0.37697975581375653,0.050611683371898177,-0.6097913373348933
6,a28b3f78577e,247,T06,r01c07:k,row1_right,987.0,237.0,1780562617487,True,False,0.41036385558703065,0.12471667603083564,0.550994635958577,0.0,0.48067924577280385,0.06235833801541782,0.0513041615486145,0.02283310890197754,0.4346562474966049,0.6047461926937103,,1.0,WAIT_LOCK,False,locking:time,,,,,,-0.08963614441296935,-0.37528332396916436,0.05099463595857699,-0.6051205729067856
6,a28b3f78577e,248,T06,r01c07:k,row1_right,987.0,237.0,1780562617520,True,False,0.4103457590877923,0.1224447405831186,0.5511795733449756,0.0,0.48076266621638397,0.0612223702915593,0.051284149289131165,0.02285429835319519,0.4346090406179428,0.6046914756298065,,1.0,WAIT_LOCK,False,locking:time,,,,,,-0.0896542409122077,-0.3775552594168814,0.05117957334497562,-0.6068234663588049
6,a28b3f78577e,249,T06,r01c07:k,row1_right,987.0,237.0,1780562617556,True,False,0.41060038587887504,0.12526875648881997,0.5512686337384255,0.0,0.48093450980865027,0.06263437824440998,0.05129820108413696,0.02287369966506958,0.43456578254699707,0.604679524898529,,1.0,WAIT_LOCK,False,locking:time,,,,,,-0.08939961412112499,-0.37473124351118003,0.051268633738425495,-0.6036860461888163
6,a28b3f78577e,250,T06,r01c07:k,row1_right,987.0,237.0,1780562617589,True,False,0.41060655781691846,0.12131094491602623,0.5514678039560298,0.0,0.4810371808864741,0.060655472458013115,0.051244691014289856,0.022883087396621704,0.43452733755111694,0.604573518037796,,1.0,WAIT_LOCK,False,locking:time,,,,,,-0.08939344218308155,-0.37868905508397377,0.0514678039560298,-0.6108546946496113
6,a28b3f78577e,251,T06,r01c07:k,row1_right,987.0,237.0,1780562617624,True,False,0.4105437962427072,0.1210014234331302,0.5514111298568057,0.0,0.48097746304975647,0.0605007117165651,0.05122329294681549,0.022882550954818726,0.4345027208328247,0.6045510768890381,,1.0,WAIT_LOCK,False,locking:time,,,,,,-0.0894562037572928,-0.3789985765668698,0.05141112985680569,-0.611056579050123
6,a28b3f78577e,252,T06,r01c07:k,row1_right,987.0,237.0,1780562617657,True,False,0.41011783161442505,0.12108983976246868,0.5516187474672538,0.0,0.48086828954083943,0.06054491988123434,0.051209524273872375,0.022875040769577026,0.43446679413318634,0.6045393943786621,,1.0,WAIT_LOCK,False,locking:time,,,,,,-0.08988216838557492,-0.3789101602375313,0.0516187474672538,-0.6105665336182227
6,a28b3f78577e,253,T06,r01c07:k,row1_right,987.0,237.0,1780562617691,True,False,0.4096569459504148,0.11584347722141758,0.5513163250071411,0.0,0.48048663547877796,0.05792173861070879,0.05116131901741028,0.022785276174545288,0.4344084858894348,0.6044013798236847,,1.0,WAIT_LOCK,False,locking:time,,,,,,-0.09034305404958522,-0.3841565227785824,0.05131632500714106,-0.6214097184878928
6,a28b3f78577e,254,T06,r01c07:k,row1_right,987.0,237.0,1780562617724,True,False,0.4094146783351734,0.11410176152036278,0.5517909161380368,0.0,0.4806027972366051,0.05705088076018139,0.05113638937473297,0.0227910578250885,0.4343921095132828,0.6043495833873749,,1.0,WAIT_LOCK,False,locking:time,,,,,,-0.09058532166482658,-0.3858982384796372,0.051790916138036776,-0.6228488784160302
6,a28b3f78577e,255,T06,r01c07:k,row1_right,987.0,237.0,1780562617758,True,False,0.408747229980848,0.11402596174201823,0.551703704152845,0.0,0.4802254670668465,0.05701298087100912,0.051140859723091125,0.02280554175376892,0.43435367941856384,0.6043011844158173,,1.0,WAIT_LOCK,False,locking:time,,,,,,-0.09125277001915202,-0.38597403825798177,0.05170370415284497,-0.6214472910205204
6,a28b3f78577e,256,T06,r01c07:k,row1_right,987.0,237.0,1780562617792,True,False,0.40845723691067787,0.11436586604471444,0.5517227635308076,0.0,0.4800900002207428,0.05718293302235722,0.051156193017959595,0.022795051336288452,0.43430808186531067,0.6042409539222717,,1.0,LOCKED_COLLECTING,False,locking,,,,,,-0.09154276308932213,-0.38563413395528556,0.051722763530807604,-0.6211555909154681
6,a28b3f78577e,257,T06,r01c07:k,row1_right,987.0,237.0,1780562617825,True,False,0.4085369122673382,0.11829278008917993,0.5516608214832798,0.0,0.480098866875309,0.059146390044589964,0.05116164684295654,0.022788316011428833,0.4342895448207855,0.604214996099472,,1.0,LOCKED_COLLECTING,True,,,,,,,-0.0914630877326618,-0.3817072199108201,0.051660821483279815,-0.6149734323022654
6,a28b3f78577e,258,T06,r01c07:k,row1_right,987.0,237.0,1780562617859,True,False,0.40859472287652765,0.11980250780590296,0.5515429325902176,0.0,0.4800688277333726,0.05990125390295148,0.051154524087905884,0.022807687520980835,0.4342823773622513,0.6041870415210724,,1.0,LOCKED_COLLECTING,True,,,,,,,-0.09140527712347234,-0.38019749219409704,0.051542932590217624,-0.6110432376013499
6,a28b3f78577e,259,T06,r01c07:k,row1_right,987.0,237.0,1780562617893,True,False,0.4090433715933878,0.12257871098800327,0.5515336886992945,0.0,0.48028853014634115,0.061289355494001635,0.05115945637226105,0.022836416959762573,0.4342862516641617,0.6041703820228577,,1.0,LOCKED_COLLECTING,True,,,,,,,-0.09095662840661221,-0.37742128901199673,0.05153368869929458,-0.6054049657834764
6,a28b3f78577e,260,T06,r01c07:k,row1_right,987.0,237.0,1780562617929,True,False,0.40912164464524586,0.12202143942135268,0.5516615337435876,0.0,0.4803915891944167,0.06101071971067634,0.051169008016586304,0.0228232741355896,0.434283509850502,0.6041267216205597,,1.0,LOCKED_COLLECTING,True,,,,,,,-0.09087835535475414,-0.3779785605786473,0.05166153374358765,-0.6050608727873719
6,a28b3f78577e,261,T06,r01c07:k,row1_right,987.0,237.0,1780562617961,True,False,0.4090428084503342,0.12133367916431403,0.5517467533372464,0.0,0.4803947808937903,0.06066683958215702,0.05117693543434143,0.022822648286819458,0.43427765369415283,0.6040679812431335,,1.0,LOCKED_COLLECTING,True,,,,,,,-0.09095719154966579,-0.37866632083568597,0.05174675333724638,-0.6073499012865142
6,a28b3f78577e,262,T06,r01c07:k,row1_right,987.0,237.0,1780562617995,True,False,0.4094967926425533,0.12313597180330771,0.5517690083194584,0.0,0.4806329004810058,0.061567985901653854,0.05118076503276825,0.022811293601989746,0.4342748522758484,0.6040310263633728,,1.0,LOCKED_COLLECTING,True,,,,,,,-0.0905032073574467,-0.3768640281966923,0.05176900831945838,-0.603886125680913
6,a28b3f78577e,263,T06,r01c07:k,row1_right,987.0,237.0,1780562618029,True,False,0.4097361233966955,0.1252882238325418,0.5519181193521158,0.0,0.48082712137440564,0.0626441119162709,0.051206767559051514,0.022831469774246216,0.4342855215072632,0.604026734828949,,1.0,LOCKED_COLLECTING,True,,,,,,,-0.09026387660330448,-0.3747117761674582,0.05191811935211573,-0.6037815827849076
6,a28b3f78577e,264,T06,r01c07:k,row1_right,987.0,237.0,1780562618062,True,False,0.40980781529931753,0.1247199669329161,0.551974686612215,0.0,0.4808912509557663,0.06235998346645805,0.05120627582073212,0.022822141647338867,0.4342838376760483,0.6040132641792297,,1.0,LOCKED_COLLECTING,True,,,,,,,-0.09019218470068244,-0.3752800330670839,0.05197468661221499,-0.6049589808484263
6,a28b3f78577e,265,T06,r01c07:k,row1_right,987.0,237.0,1780562618096,True,False,0.409953708389342,0.12532073731623206,0.5520874490960667,0.0,0.4810205787427043,0.06266036865811603,0.05121290683746338,0.0228348970413208,0.4342855215072632,0.604011595249176,,1.0,LOCKED_COLLECTING,True,,,,,,,-0.09004629161065801,-0.37467926268376794,0.05208744909606667,-0.6011804862351878
6,a28b3f78577e,266,T06,r01c07:k,row1_right,987.0,237.0,1780562618129,True,False,0.4105062410988899,0.12574073839698302,0.5523414380184395,0.0,0.4814238395586647,0.06287036919849151,0.05120174586772919,0.02284941077232361,0.43427674472332,0.6040108501911163,,1.0,LOCKED_COLLECTING,True,,,,,,,-0.08949375890111008,-0.374259261603017,0.052341438018439455,-0.5976224829282695
6,a28b3f78577e,267,T06,r01c07:k,row1_right,987.0,237.0,1780562618163,True,False,0.4103356321096652,0.12591581814171693,0.5526382173522797,0.0,0.48148692473097243,0.06295790907085846,0.05121855437755585,0.022869735956192017,0.4342673122882843,0.6039744317531586,,1.0,LOCKED_COLLECTING,True,,,,,,,-0.08966436789033476,-0.37408418185828307,0.052638217352279706,-0.5952824718349862
6,a28b3f78577e,268,T06,r01c07:k,row1_right,987.0,237.0,1780562618198,True,False,0.4107078101855709,0.12347698613221825,0.5526906820191875,0.0,0.4816992461023792,0.061738493066109124,0.05124761164188385,0.02290937304496765,0.43424662947654724,0.6039057672023773,,1.0,LOCKED_COLLECTING,True,,,,,,,-0.08929218981442913,-0.37652301386778175,0.052690682019187425,-0.5986371510069571
6,a28b3f78577e,269,T06,r01c07:k,row1_right,987.0,237.0,1780562618230,True,False,0.4099777253860242,0.12206578266837925,0.5528722244669428,0.0,0.4814249749264835,0.061032891334189626,0.05126787722110748,0.022900909185409546,0.43422068655490875,0.6038744747638702,,1.0,LOCKED_COLLECTING,True,,,,,,,-0.09002227461397579,-0.37793421733162075,0.05287222446694279,-0.5993986965236362
6,a28b3f78577e,270,T06,r01c07:k,row1_right,987.0,237.0,1780562618264,True,False,0.41007703919617045,0.12121477020195548,0.5528653330162898,0.0,0.48147118610623013,0.06060738510097774,0.051238834857940674,0.022891610860824585,0.43419282138347626,0.6038338840007782,,1.0,LOCKED_COLLECTING,True,,,,,,,-0.08992296080382958,-0.3787852297980445,0.05286533301628987,-0.6026081361629789
6,a28b3f78577e,271,T06,r01c07:k,row1_right,987.0,237.0,1780562618299,True,False,0.41060787862372244,0.12204272314864517,0.5527245167090689,0.0,0.4816661976663956,0.061021361574322586,0.05121372640132904,0.022893905639648438,0.4341725707054138,0.6038026213645935,,1.0,LOCKED_COLLECTING,True,,,,,,,-0.08939212137627757,-0.37795727685135483,0.05272451670906891,-0.60158767550653
6,a28b3f78577e,272,T06,r01c07:k,row1_right,987.0,237.0,1780562618332,True,False,0.4103141034774902,0.11974119842321079,0.5527182280015746,0.0,0.4815161657395324,0.059870599211605396,0.05122464895248413,0.022889047861099243,0.43416762351989746,0.6037621200084686,,1.0,LOCKED_COLLECTING,True,,,,,,,-0.08968589652250979,-0.3802588015767892,0.0527182280015746,-0.6026595737061236
6,a28b3f78577e,273,T06,r01c07:k,row1_right,987.0,237.0,1780562618366,True,False,0.41047759548739604,0.12035117093813674,0.5526869343990268,0.0,0.48158226494321144,0.06017558546906837,0.051239967346191406,0.022885411977767944,0.4341639131307602,0.603735476732254,,1.0,LOCKED_COLLECTING,True,,,,,,,-0.08952240451260395,-0.37964882906186326,0.0526869343990268,-0.6020124911940565
6,a28b3f78577e,274,T06,r01c07:k,row1_right,987.0,237.0,1780562618400,True,False,0.4101505656704568,0.11926253876365261,0.5524959706223278,0.0,0.4813232681463923,0.05963126938182631,0.051259398460388184,0.02287977933883667,0.4341501444578171,0.6036964356899261,,1.0,LOCKED_COLLECTING,True,,,,,,,-0.08984943432954319,-0.3807374612363474,0.05249597062232786,-0.6068927978424247
6,a28b3f78577e,275,T06,r01c07:k,row1_right,987.0,237.0,1780562618434,True,False,0.40983537758914523,0.11941636993126098,0.5525199945186161,0.0,0.48117768605388067,0.05970818496563049,0.05126643180847168,0.02287876605987549,0.4341398924589157,0.6036905646324158,,1.0,LOCKED_COLLECTING,True,,,,,,,-0.09016462241085477,-0.380583630068739,0.05251999451861608,-0.6068867207989347
6,a28b3f78577e,276,T06,r01c07:k,row1_right,987.0,237.0,1780562618468,True,False,0.40983272767706697,0.11984295930441141,0.5524796837349271,0.0,0.48115620570599704,0.059921479652205706,0.05126813054084778,0.022902995347976685,0.43413588404655457,0.6036712825298309,,1.0,LOCKED_COLLECTING,True,,,,,,,-0.09016727232293305,-0.3801570406955886,0.05247968373492701,-0.6074702504348863
6,a28b3f78577e,277,T06,r01c07:k,row1_right,987.0,237.0,1780562618501,True,False,0.40981622896330594,0.12023947467625895,0.5525161260001732,0.0,0.48116617748173957,0.060119737338129475,0.051271453499794006,0.022923558950424194,0.4341334402561188,0.6036373674869537,,1.0,LOCKED_COLLECTING,True,,,,,,,-0.09018377103669409,-0.37976052532374105,0.05251612600017321,-0.608195537483504
6,a28b3f78577e,278,T06,r01c07:k,row1_right,987.0,237.0,1780562618536,True,False,0.40992320513117675,0.12116627638325705,0.5524622910566033,0.0,0.48119274809389,0.06058313819162853,0.0512775182723999,0.0229494571685791,0.4341313987970352,0.6036332547664642,,1.0,LOCKED_COLLECTING,True,,,,,,,-0.09007679486882324,-0.37883372361674295,0.052462291056603244,-0.6057487659546527
6,a28b3f78577e,279,T06,r01c07:k,row1_right,987.0,237.0,1780562618569,True,False,0.40994923022658875,0.12124857610175377,0.5524764007001924,0.0,0.48121281546339056,0.060624288050876884,0.05126820504665375,0.022945046424865723,0.4341249465942383,0.603625625371933,,1.0,LOCKED_COLLECTING,True,,,,,,,-0.09005076977341125,-0.37875142389824623,0.05247640070019244,-0.606343262629807
6,a28b3f78577e,280,T06,r01c07:k,row1_right,987.0,237.0,1780562618603,True,False,0.41042038545432324,0.12109022505243577,0.5524995363649442,0.0,0.4814599609096337,0.06054511252621789,0.05127058923244476,0.02294829487800598,0.4341374784708023,0.6036225855350494,,1.0,LOCKED_COLLECTING,True,,,,,,,-0.08957961454567674,-0.3789097749475642,0.05249953636494421,-0.6057710191994795
6,a28b3f78577e,281,T06,r01c07:k,row1_right,987.0,237.0,1780562618637,True,False,0.4106556428017679,0.12073327745977042,0.5525749328025098,0.0,0.48161528780213886,0.06036663872988521,0.05126845836639404,0.02295103669166565,0.43414539098739624,0.6036175191402435,,1.0,LOCKED_COLLECTING,True,,,,,,,-0.08934435719823206,-0.3792667225402296,0.052574932802509806,-0.6058759991509726
6,a28b3f78577e,282,T06,r01c07:k,row1_right,987.0,237.0,1780562618670,True,False,0.4110587039152821,0.12198954354078534,0.5528858697076737,0.0,0.4819722868114779,0.06099477177039267,0.05127468705177307,0.02295994758605957,0.43416181206703186,0.6036295294761658,,1.0,LOCKED_COLLECTING,True,,,,,,,-0.08894129608471793,-0.37801045645921466,0.052885869707673734,-0.6036175576662152
6,a28b3f78577e,283,T06,r01c07:k,row1_right,987.0,237.0,1780562618703,True,False,0.4110809685280892,0.12203471857569342,0.5528944672239652,0.0,0.4819877178760272,0.06101735928784671,0.05127234756946564,0.022964656352996826,0.434160053730011,0.6036282181739807,,1.0,LOCKED_COLLECTING,True,,,,,,,-0.08891903147191085,-0.3779652814243066,0.052894467223965166,-0.6045865635953652
6,a28b3f78577e,284,T06,r01c07:k,row1_right,987.0,237.0,1780562618739,True,False,0.41120629078134296,0.1243854821701974,0.5529824620528566,0.0,0.4820943764170998,0.0621927410850987,0.05128262937068939,0.02301025390625,0.43416109681129456,0.6036745309829712,,1.0,LOCKED_COLLECTING,True,,,,,,,-0.08879370921865705,-0.3756145178298026,0.05298246205285666,-0.5985021332559097
6,a28b3f78577e,285,T06,r01c07:k,row1_right,987.0,237.0,1780562618772,True,False,0.4109770675333897,0.12455154260338203,0.5534514327476304,0.0,0.48221425014051006,0.06227577130169101,0.05128780007362366,0.0229891836643219,0.434147447347641,0.6036832630634308,,1.0,LOCKED_COLLECTING,True,,,,,,,-0.08902293246661029,-0.375448457396618,0.053451432747630465,-0.5986200989699366
6,a28b3f78577e,286,T06,r01c07:k,row1_right,987.0,237.0,1780562618807,True,False,0.41065681919213554,0.12535631117653828,0.5535257261980626,0.0,0.4820912726950991,0.06267815558826914,0.05127246677875519,0.022978603839874268,0.43412376940250397,0.6036849617958069,,1.0,LOCKED_COLLECTING,True,,,,,,,-0.08934318080786448,-0.3746436888234617,0.05352572619806263,-0.5976001072224933
6,a28b3f78577e,287,T06,r01c07:k,row1_right,987.0,237.0,1780562618839,True,False,0.41114891663892955,0.1251835109858861,0.5535450063136478,0.0,0.48234696147628864,0.06259175549294305,0.0512826144695282,0.02298593521118164,0.43411625921726227,0.6036885976791382,,1.0,LOCKED_COLLECTING,True,,,,,,,-0.08885108336107045,-0.3748164890141139,0.05354500631364778,-0.5980826139615123
6,a28b3f78577e,288,T06,r01c07:k,row1_right,987.0,237.0,1780562618874,True,False,0.41134846041074846,0.12535169643832106,0.5536620458137598,0.0,0.4825052531122541,0.06267584821916053,0.05126826465129852,0.022992074489593506,0.4341123551130295,0.6037026345729828,,1.0,LOCKED_COLLECTING,True,,,,,,,-0.08865153958925154,-0.37464830356167894,0.05366204581375978,-0.5965890298651432
6,a28b3f78577e,289,T06,r01c07:k,row1_right,987.0,237.0,1780562618908,True,False,0.4118794166653375,0.12558529299965032,0.5541170875668453,0.0,0.4829982521160914,0.06279264649982516,0.051226407289505005,0.02300429344177246,0.4340909570455551,0.603722095489502,,1.0,LOCKED_COLLECTING,True,,,,,,,-0.08812058333466251,-0.3744147070003497,0.05411708756684525,-0.5945746822426154
6,a28b3f78577e,290,T06,r01c07:k,row1_right,987.0,237.0,1780562618942,True,False,0.4123169475947256,0.126163807414425,0.5545564087343977,0.0,0.48343667816456165,0.0630819037072125,0.05119982361793518,0.02301594614982605,0.43407514691352844,0.6037426292896271,,1.0,LOCKED_COLLECTING,True,,,,,,,-0.08768305240527441,-0.373836192585575,0.05455640873439773,-0.5921480180947812
6,a28b3f78577e,291,T06,r01c07:k,row1_right,987.0,237.0,1780562618975,True,False,0.41257113892051683,0.1289574157427415,0.5539160067185143,0.0,0.4832435728195156,0.06447870787137075,0.05123196542263031,0.023033112287521362,0.4340392053127289,0.6037689447402954,,1.0,LOCKED_COLLECTING,True,,,,,,,-0.08742886107948318,-0.3710425842572585,0.05391600671851429,-0.5920858026244047
6,a28b3f78577e,292,T06,r01c07:k,row1_right,987.0,237.0,1780562619008,True,False,0.41280306921134596,0.1293617056119286,0.5538228887157373,0.0,0.48331297896354164,0.0646808528059643,0.05125369131565094,0.023035287857055664,0.43399766087532043,0.6037783920764923,,1.0,LOCKED_COLLECTING,True,,,,,,,-0.08719693078865405,-0.3706382943880714,0.05382288871573721,-0.5918911993215286
6,a28b3f78577e,293,T07,r02c01:z,row2_left,292.0,305.0,1780562621018,True,False,0.5423413501709654,0.14216781740885392,0.6640179657711645,0.11947321282776935,0.6031796579710649,0.13082051511831164,0.051310569047927856,0.023157447576522827,0.44159236550331116,0.6053303778171539,,1.0,WAIT_LOCK,False,locking:time,,,,,,0.042341350170965415,-0.3578321825911461,0.16401796577116443,-0.38052678717223065
6,a28b3f78577e,294,T07,r02c01:z,row2_left,292.0,305.0,1780562621053,True,False,0.5440446359389374,0.13686436916813832,0.6646062908624516,0.11436047009656003,0.6043254634006945,0.12561241963234918,0.051291584968566895,0.023178040981292725,0.44168585538864136,0.6053539514541626,,1.0,WAIT_LOCK,False,locking:time,,,,,,0.04404463593893735,-0.3631356308318617,0.16460629086245157,-0.38563952990343997
6,a28b3f78577e,295,T07,r02c01:z,row2_left,292.0,305.0,1780562621088,True,False,0.5444663793891308,0.13513724770210422,0.6651536310086086,0.11325937095403016,0.6048100051988696,0.12419830932806719,0.051324084401130676,0.02325361967086792,0.4417530447244644,0.6054116785526276,,1.0,WAIT_LOCK,False,locking:time,,,,,,0.04446637938913078,-0.3648627522978958,0.16515363100860855,-0.38674062904596984
6,a28b3f78577e,296,T07,r02c01:z,row2_left,292.0,305.0,1780562621119,True,False,0.5443867268471666,0.13390970600021324,0.6650556638178491,0.11536421317939283,0.6047211953325078,0.12463695958980303,0.051340386271476746,0.023321211338043213,0.44176754355430603,0.6054835915565491,,1.0,WAIT_LOCK,False,locking:time,,,,,,0.044386726847166644,-0.36609029399978676,0.16505566381784903,-0.3846357868206072
6,a28b3f78577e,297,T07,r02c01:z,row2_left,292.0,305.0,1780562621153,True,False,0.5447159200609051,0.13771996820229437,0.6654237192068391,0.12198211699720163,0.6050698196338721,0.129851042599748,0.05136209726333618,0.023409783840179443,0.4418074041604996,0.6055797338485718,,1.0,WAIT_LOCK,False,locking:time,,,,,,0.044715920060905065,-0.3622800317977056,0.16542371920683907,-0.37801788300279837
6,a28b3f78577e,298,T07,r02c01:z,row2_left,292.0,305.0,1780562621186,True,False,0.544441890898844,0.1376799260932398,0.66527664739105,0.12301383031984997,0.604859269144947,0.1303468782065449,0.05138210952281952,0.02352321147918701,0.4418201893568039,0.605697363615036,,1.0,WAIT_LOCK,False,locking:time,,,,,,0.044441890898843935,-0.3623200739067602,0.16527664739104994,-0.37698616968015003
6,a28b3f78577e,299,T07,r02c01:z,row2_left,292.0,305.0,1780562621220,True,False,0.5448808181047512,0.13500990549511166,0.6652078493782871,0.12246124915736673,0.6050443337415192,0.1287355773262392,0.051355838775634766,0.02357184886932373,0.4418409466743469,0.6057471334934235,,1.0,WAIT_LOCK,False,locking:time,,,,,,0.04488081810475122,-0.36499009450488834,0.16520784937828714,-0.3775387508426333
6,a28b3f78577e,300,T07,r02c01:z,row2_left,292.0,305.0,1780562621254,True,False,0.5448351357877076,0.1360341793356093,0.6647441447128575,0.1232205001628538,0.6047896402502826,0.12962733974923155,0.05133382976055145,0.023549288511276245,0.44183504581451416,0.6058031916618347,,1.0,WAIT_LOCK,False,locking:time,,,,,,0.044835135787707606,-0.3639658206643907,0.16474414471285742,-0.3767794998371462
6,a28b3f78577e,301,T07,r02c01:z,row2_left,292.0,305.0,1780562621287,True,False,0.5447123129007148,0.13590301951025874,0.6643818396855987,0.12340751649189191,0.6045470762931567,0.12965526800107532,0.051335617899894714,0.02357161045074463,0.44182784855365753,0.6058419346809387,,1.0,WAIT_LOCK,False,locking:time,,,,,,0.04471231290071478,-0.36409698048974126,0.16438183968559866,-0.3765924835081081
6,a28b3f78577e,302,T07,r02c01:z,row2_left,292.0,305.0,1780562621321,True,False,0.5444736316971163,0.13710397750981484,0.6639176032426602,0.12705371101591345,0.6041956174698883,0.13207884426286415,0.051355332136154175,0.023586243391036987,0.4418215751647949,0.6059038639068604,,1.0,WAIT_LOCK,False,locking:time,,,,,,0.04447363169711622,-0.36289602249018516,0.16391760324266025,-0.37294628898408655
6,a28b3f78577e,303,T07,r02c01:z,row2_left,292.0,305.0,1780562621355,True,False,0.5446157170150828,0.14392951096481893,0.6638256690806275,0.13228633189623257,0.6042206930478551,0.13810792143052575,0.05135573446750641,0.023604542016983032,0.44182056188583374,0.6060343980789185,,1.0,WAIT_LOCK,False,locking:time,,,,,,0.04461571701508278,-0.35607048903518107,0.16382566908062743,-0.36771366810376743
6,a28b3f78577e,304,T07,r02c01:z,row2_left,292.0,305.0,1780562621389,True,False,0.5446383435848652,0.14456281557362471,0.6639802876639813,0.1344618639807612,0.6043093156244232,0.13951233977719296,0.05135942995548248,0.023579895496368408,0.4418268948793411,0.606091171503067,,1.0,WAIT_LOCK,False,locking:time,,,,,,0.04463834358486522,-0.3554371844263753,0.16398028766398126,-0.3655381360192388
6,a28b3f78577e,305,T07,r02c01:z,row2_left,292.0,305.0,1780562621422,True,False,0.5443201630379773,0.14442783980814322,0.6637192786269612,0.13436215789772993,0.6040197208324692,0.13939499885293657,0.051358506083488464,0.023569732904434204,0.4418114572763443,0.606122612953186,,1.0,LOCKED_COLLECTING,False,locking,,,,,,0.04432016303797721,-0.3555721601918568,0.16371927862696126,-0.36563784210227007
6,a28b3f78577e,306,T07,r02c01:z,row2_left,292.0,305.0,1780562621456,True,False,0.5440113046250217,0.14466161667081073,0.6633994772579301,0.13477862618642056,0.6037053909414759,0.13972012142861565,0.05136840045452118,0.023580402135849,0.441787913441658,0.606166809797287,,1.0,LOCKED_COLLECTING,True,,,,,,,0.04401130462502162,-0.35533838332918927,0.16339947725793014,-0.36522137381357944
6,a28b3f78577e,307,T07,r02c01:z,row2_left,292.0,305.0,1780562621490,True,False,0.5425052483098254,0.14581403822960393,0.6621304149502498,0.1354401135573295,0.6023178316300376,0.1406270758934667,0.05134138464927673,0.023584038019180298,0.4416971653699875,0.6062042415142059,,1.0,LOCKED_COLLECTING,True,,,,,,,0.04250524830982542,-0.3541859617703961,0.16213041495024982,-0.3645598864426705
6,a28b3f78577e,308,T07,r02c01:z,row2_left,292.0,305.0,1780562621523,True,False,0.5423031641451413,0.1474310306419644,0.6620578644980872,0.13631263868839505,0.6021805143216143,0.14187183466517972,0.051346659660339355,0.02362021803855896,0.4416872560977936,0.6062505543231964,,1.0,LOCKED_COLLECTING,True,,,,,,,0.04230316414514137,-0.3525689693580356,0.16205786449808723,-0.36368736131160495
6,a28b3f78577e,309,T07,r02c01:z,row2_left,292.0,305.0,1780562621558,True,False,0.5399551235564988,0.14858855716852143,0.6609981044614106,0.1361520288502871,0.6004766140089547,0.14237029300940426,0.05133847892284393,0.023641228675842285,0.4415972828865051,0.6062710881233215,,1.0,LOCKED_COLLECTING,True,,,,,,,0.03995512355649873,-0.35141144283147857,0.1609981044614106,-0.3638479711497129
6,a28b3f78577e,310,T07,r02c01:z,row2_left,292.0,305.0,1780562621591,True,False,0.539542788933922,0.1515953667549581,0.6596215470416082,0.1386580308849123,0.5995821679877651,0.1451266988199352,0.051318272948265076,0.02367207407951355,0.44153109192848206,0.6063069403171539,,1.0,LOCKED_COLLECTING,True,,,,,,,0.03954278893392207,-0.3484046332450419,0.15962154704160825,-0.3613419691150877
6,a28b3f78577e,311,T07,r02c01:z,row2_left,292.0,305.0,1780562621625,True,False,0.5393287017680026,0.1516315073959021,0.660062067690152,0.14045544994139803,0.5996953847290774,0.14604347866865006,0.05133815109729767,0.023670673370361328,0.4415276497602463,0.6063240468502045,,1.0,LOCKED_COLLECTING,True,,,,,,,0.03932870176800257,-0.3483684926040979,0.160062067690152,-0.359544550058602
6,a28b3f78577e,312,T07,r02c01:z,row2_left,292.0,305.0,1780562621659,True,False,0.5395460776129011,0.15274624991186475,0.6594445147565244,0.1401878919299539,0.5994952961847128,0.14646707092090933,0.051328182220458984,0.02368798851966858,0.4414934068918228,0.606339693069458,,1.0,LOCKED_COLLECTING,True,,,,,,,0.03954607761290108,-0.34725375008813525,0.15944451475652446,-0.3598121080700461
6,a28b3f78577e,313,T07,r02c01:z,row2_left,292.0,305.0,1780562621692,True,False,0.5397610154233756,0.15268819345433066,0.659898362771526,0.1406749608488369,0.5998296890974508,0.14668157715158378,0.051363155245780945,0.023690372705459595,0.4414970278739929,0.6063438653945923,,1.0,LOCKED_COLLECTING,True,,,,,,,0.03976101542337568,-0.34731180654566934,0.15989836277152603,-0.3593250391511631
6,a28b3f78577e,314,T07,r02c01:z,row2_left,292.0,305.0,1780562621727,True,False,0.5396207353131853,0.15291027006965618,0.6592194179606536,0.14093329532049625,0.5994200766369195,0.14692178269507622,0.05136820673942566,0.02369403839111328,0.44146233797073364,0.6063478291034698,,1.0,LOCKED_COLLECTING,True,,,,,,,0.03962073531318528,-0.3470897299303438,0.15921941796065367,-0.35906670467950375
6,a28b3f78577e,315,T07,r02c01:z,row2_left,292.0,305.0,1780562621761,True,False,0.5391388964092381,0.15345735675059557,0.6587204459359552,0.14108974809435276,0.5989296711725967,0.14727355242247417,0.05137978494167328,0.023697376251220703,0.44143058359622955,0.6063484847545624,,1.0,LOCKED_COLLECTING,True,,,,,,,0.03913889640923808,-0.3465426432494044,0.15872044593595522,-0.35891025190564724
6,a28b3f78577e,316,T07,r02c01:z,row2_left,292.0,305.0,1780562621794,True,False,0.537900086526101,0.15229189059276488,0.6574062082678067,0.13825440625899704,0.5976531473969539,0.14527314842588096,0.05133868753910065,0.023701220750808716,0.44133223593235016,0.6063242554664612,,1.0,LOCKED_COLLECTING,True,,,,,,,0.037900086526101,-0.3477081094072351,0.15740620826780677,-0.36174559374100296
6,a28b3f78577e,317,T07,r02c01:z,row2_left,292.0,305.0,1780562621828,True,False,0.5381558886868706,0.15214229233513454,0.657629692492244,0.13935192466724317,0.5978927905895572,0.14574710850118885,0.051361069083213806,0.023709625005722046,0.4413282424211502,0.6063255369663239,,1.0,LOCKED_COLLECTING,True,,,,,,,0.038155888686870636,-0.34785770766486546,0.15762969249224404,-0.36064807533275683
6,a28b3f78577e,318,T07,r02c01:z,row2_left,292.0,305.0,1780562621864,True,False,0.537905796203139,0.15229428805270362,0.6575158693110272,0.13968495516333457,0.5977108327570831,0.1459896216080191,0.051351964473724365,0.02370697259902954,0.4413013905286789,0.606334775686264,,1.0,LOCKED_COLLECTING,True,,,,,,,0.03790579620313906,-0.3477057119472964,0.15751586931102723,-0.36031504483666543
6,a28b3f78577e,319,T07,r02c01:z,row2_left,292.0,305.0,1780562621896,True,False,0.5376745959598087,0.15176388162990634,0.6577715344446774,0.13812549038321942,0.597723065202243,0.14494468600656288,0.05136655271053314,0.023714005947113037,0.4412681460380554,0.6063355207443237,,1.0,LOCKED_COLLECTING,True,,,,,,,0.03767459595980876,-0.34823611837009366,0.1577715344446774,-0.3618745096167806
6,a28b3f78577e,320,T07,r02c01:z,row2_left,292.0,305.0,1780562621930,True,False,0.5390542954340236,0.15128924350115786,0.6584416433596989,0.1387828125075588,0.5987479693968613,0.14503602800435833,0.0513470321893692,0.023710548877716064,0.4412635415792465,0.6063415706157684,,1.0,LOCKED_COLLECTING,True,,,,,,,0.03905429543402364,-0.34871075649884214,0.15844164335969887,-0.3612171874924412
6,a28b3f78577e,321,T07,r02c01:z,row2_left,292.0,305.0,1780562621963,True,False,0.5388297270991036,0.15202609249713678,0.6585386548965441,0.1381213163008717,0.5986841909978238,0.14507370439900424,0.05135491490364075,0.02368953824043274,0.4412207007408142,0.6063503921031952,,1.0,LOCKED_COLLECTING,True,,,,,,,0.03882972709910356,-0.3479739075028632,0.15853865489654406,-0.3618786836991283
6,a28b3f78577e,322,T07,r02c01:z,row2_left,292.0,305.0,1780562621997,True,False,0.5390103914294112,0.15192325381208077,0.6587237373834063,0.13777351356917972,0.5988670644064087,0.14484838369063024,0.05136899650096893,0.02367350459098816,0.4412134438753128,0.6063569486141205,,1.0,LOCKED_COLLECTING,True,,,,,,,0.039010391429411255,-0.34807674618791923,0.15872373738340634,-0.3622264864308203
6,a28b3f78577e,323,T07,r02c01:z,row2_left,292.0,305.0,1780562622031,True,False,0.5393272303443049,0.15327542565459823,0.6590198867320818,0.1377230214689431,0.5991735585381933,0.14549922356177067,0.051386624574661255,0.023664206266403198,0.44121024012565613,0.6063770651817322,,1.0,LOCKED_COLLECTING,True,,,,,,,0.039327230344304846,-0.34672457434540177,0.15901988673208178,-0.3622769785310569
6,a28b3f78577e,324,T07,r02c01:z,row2_left,292.0,305.0,1780562622065,True,False,0.5391962667339854,0.15307125288763218,0.6597725916490024,0.13807567224232226,0.5994844291914938,0.14557346256497722,0.051391392946243286,0.023664027452468872,0.441193625330925,0.606378048658371,,1.0,LOCKED_COLLECTING,True,,,,,,,0.03919626673398538,-0.3469287471123678,0.15977259164900234,-0.36192432775767774
6,a28b3f78577e,325,T07,r02c01:z,row2_left,292.0,305.0,1780562622102,True,False,0.5389712240047375,0.15313133254456962,0.659623950974777,0.1375821326875014,0.5992975874897573,0.14535673261603552,0.05138912796974182,0.023680537939071655,0.44115760922431946,0.6063829064369202,,1.0,LOCKED_COLLECTING,True,,,,,,,0.038971224004737466,-0.3468686674554304,0.15962395097477705,-0.3624178673124986
6,a28b3f78577e,326,T07,r02c01:z,row2_left,292.0,305.0,1780562622132,True,False,0.5390659449469645,0.153017835983578,0.6597615516830835,0.13867479743013772,0.5994137483150239,0.14584631670685785,0.05139802396297455,0.02368950843811035,0.4411466717720032,0.6063836812973022,,1.0,LOCKED_COLLECTING,True,,,,,,,0.03906594494696443,-0.346982164016422,0.15976155168308342,-0.3613252025698623
6,a28b3f78577e,327,T07,r02c01:z,row2_left,292.0,305.0,1780562622166,True,False,0.5383741213697754,0.1536027776117424,0.659640625602751,0.13887306325866067,0.5990073734862632,0.14623792043520153,0.05139458179473877,0.023695439100265503,0.441091850399971,0.6063794493675232,,1.0,LOCKED_COLLECTING,True,,,,,,,0.03837412136977533,-0.3463972223882576,0.15964062560275105,-0.36112693674133933
6,a28b3f78577e,328,T07,r02c01:z,row2_left,292.0,305.0,1780562622200,True,False,0.5372241348264981,0.15369720428329853,0.6589975817657785,0.13801548059836516,0.5981108582961383,0.14585634244083184,0.05137507617473602,0.02369198203086853,0.4410260319709778,0.6063732504844666,,1.0,LOCKED_COLLECTING,True,,,,,,,0.03722413482649807,-0.3463027957167015,0.1589975817657785,-0.36198451940163484
6,a28b3f78577e,329,T07,r02c01:z,row2_left,292.0,305.0,1780562622233,True,False,0.5361872839464942,0.15446482714619464,0.6587249826756723,0.13792329205306975,0.5974561333110833,0.1461940595996322,0.05140268802642822,0.023699939250946045,0.44098252058029175,0.6063711643218994,,1.0,LOCKED_COLLECTING,True,,,,,,,0.03618728394649414,-0.34553517285380536,0.1587249826756722,-0.36207670794693025
6,a28b3f78577e,330,T07,r02c01:z,row2_left,292.0,305.0,1780562622268,True,False,0.5345794612714663,0.15541598837504272,0.6576300911207186,0.13741029553040518,0.5961047761960925,0.14641314195272395,0.0513855516910553,0.023700743913650513,0.4408988654613495,0.606373518705368,,1.0,LOCKED_COLLECTING,True,,,,,,,0.034579461271466216,-0.3445840116249573,0.15763009112071855,-0.3625897044695948
6,a28b3f78577e,331,T07,r02c01:z,row2_left,292.0,305.0,1780562622302,True,False,0.5345844835114913,0.15490605585568068,0.6574752746143211,0.1373931426030391,0.5960298790629062,0.14614959922935988,0.05139712989330292,0.023701906204223633,0.4408814460039139,0.6063679754734039,,1.0,LOCKED_COLLECTING,True,,,,,,,0.034584483511491355,-0.3450939441443193,0.1574752746143211,-0.3626068573969609
6,a28b3f78577e,332,T07,r02c01:z,row2_left,292.0,305.0,1780562622336,True,False,0.534292482123419,0.15448833899945968,0.6565682312831849,0.13674651920854947,0.5954303567033019,0.14561742910400458,0.05138768255710602,0.023698896169662476,0.4408370405435562,0.6063625514507294,,1.0,LOCKED_COLLECTING,True,,,,,,,0.03429248212341897,-0.3455116610005403,0.15656823128318484,-0.36325348079145053
6,a28b3f78577e,333,T07,r02c01:z,row2_left,292.0,305.0,1780562622371,True,False,0.5342151364201243,0.15313618174341348,0.6564643145983827,0.13560919296167656,0.5953397255092535,0.14437268735254502,0.05138280987739563,0.02369675040245056,0.44082434475421906,0.606349378824234,,1.0,LOCKED_COLLECTING,True,,,,,,,0.03421513642012428,-0.3468638182565865,0.15646431459838275,-0.36439080703832344
6,a28b3f78577e,334,T07,r02c01:z,row2_left,292.0,305.0,1780562622402,True,False,0.5344213201072496,0.15388568345099424,0.6566354447435143,0.13659676507210794,0.595528382425382,0.1452412242615511,0.05141213536262512,0.02371269464492798,0.4408184140920639,0.6063553988933563,,1.0,LOCKED_COLLECTING,True,,,,,,,0.03442132010724958,-0.34611431654900576,0.1566354447435143,-0.36340323492789206
6,a28b3f78577e,335,T07,r02c01:z,row2_left,292.0,305.0,1780562622437,True,False,0.534660539193948,0.15371751492909547,0.6563674964076831,0.13649352034224033,0.5955140178008156,0.1451055176356679,0.051422953605651855,0.023709654808044434,0.4407998323440552,0.6063565611839294,,1.0,LOCKED_COLLECTING,True,,,,,,,0.03466053919394795,-0.34628248507090453,0.15636749640768313,-0.3635064796577597
6,a28b3f78577e,336,T07,r02c01:z,row2_left,292.0,305.0,1780562622470,True,False,0.534637410410997,0.15404301940376247,0.6565220830242999,0.13728682134719322,0.5955797467176485,0.14566492037547785,0.05145427584648132,0.023714721202850342,0.44078804552555084,0.6063592731952667,,1.0,LOCKED_COLLECTING,True,,,,,,,0.03463741041099699,-0.34595698059623753,0.15652208302429998,-0.3627131786528068
6,a28b3f78577e,337,T07,r02c01:z,row2_left,292.0,305.0,1780562622505,True,False,0.5343892258513411,0.15467628681037165,0.6568915361944361,0.13809338889030787,0.5956403810228885,0.14638483785033976,0.05149385333061218,0.02372339367866516,0.44077421724796295,0.6063644289970398,,1.0,LOCKED_COLLECTING,True,,,,,,,0.03438922585134109,-0.34532371318962835,0.15689153619443608,-0.36190661110969213
6,a28b3f78577e,338,T07,r02c01:z,row2_left,292.0,305.0,1780562622539,True,False,0.5345928009858913,0.1540430189733581,0.6575590574172014,0.13810915676087399,0.5960759292015464,0.14607608786711604,0.05148701369762421,0.023727506399154663,0.44076716899871826,0.6063669323921204,,1.0,LOCKED_COLLECTING,True,,,,,,,0.034592800985891334,-0.3459569810266419,0.15755905741720141,-0.361890843239126
6,a28b3f78577e,339,T07,r02c01:z,row2_left,292.0,305.0,1780562622572,True,False,0.5344860734101151,0.1537351099126169,0.657995884993498,0.13777537287997027,0.5962409792018066,0.1457552413962936,0.0515090674161911,0.023732364177703857,0.4407384991645813,0.6063739657402039,,1.0,LOCKED_COLLECTING,True,,,,,,,0.0344860734101151,-0.3462648900873831,0.15799588499349804,-0.36222462712002973
6,a28b3f78577e,340,T07,r02c01:z,row2_left,292.0,305.0,1780562622605,True,False,0.5340442900002993,0.15364554328171726,0.657560648028467,0.1361112748520233,0.5958024690143832,0.14487840906687027,0.051517024636268616,0.0237429141998291,0.44069403409957886,0.606373131275177,,1.0,LOCKED_COLLECTING,True,,,,,,,0.03404429000029928,-0.34635445671828274,0.1575606480284671,-0.3638887251479767
6,a28b3f78577e,341,T07,r02c01:z,row2_left,292.0,305.0,1780562622639,True,False,0.5341485027736859,0.1533029843559603,0.6584596010056045,0.13618017084335465,0.5963040518896452,0.14474157759965747,0.051486581563949585,0.02373334765434265,0.44067269563674927,0.6063740253448486,,1.0,LOCKED_COLLECTING,True,,,,,,,0.03414850277368591,-0.3466970156440397,0.1584596010056045,-0.36381982915664535
6,a28b3f78577e,342,T08,r02c04:v,row2_center,639.0,305.0,1780562624662,True,False,0.45405934128540937,0.1481975268805209,0.6012602550333054,0.01165766383403427,0.5276597981593574,0.07992759535727759,0.05095230042934418,0.023155033588409424,0.43486954271793365,0.6054509878158569,,1.0,WAIT_LOCK,False,locking:time,,,,,,-0.04594065871459061,-0.3518024731194791,0.10126025503330535,-0.48834233616596573
6,a28b3f78577e,343,T08,r02c04:v,row2_center,639.0,305.0,1780562624695,True,False,0.45466806534588905,0.14884623205541525,0.6017365471751085,0.013664049138277068,0.5282023062604988,0.08125514059684616,0.05093303322792053,0.023166298866271973,0.4348619431257248,0.6054685115814209,,1.0,WAIT_LOCK,False,locking:time,,,,,,-0.045331934654110936,-0.35115376794458475,0.10173654717510845,-0.48633595086172293
6,a28b3f78577e,344,T08,r02c04:v,row2_center,639.0,305.0,1780562624730,True,False,0.45467137779227046,0.14824778216612144,0.6020745050314493,0.013102162550276575,0.5283729414118599,0.08067497235819901,0.05093090236186981,0.023180007934570312,0.4348107874393463,0.6054879426956177,,1.0,WAIT_LOCK,False,locking:time,,,,,,-0.04532862220772956,-0.35175221783387856,0.1020745050314493,-0.4868978374497234
6,a28b3f78577e,345,T08,r02c04:v,row2_center,639.0,305.0,1780562624763,True,False,0.4545174226955172,0.14707043845301876,0.6022816298927215,0.01185664936887637,0.5283995262941193,0.07946354391094756,0.05091726779937744,0.023160040378570557,0.43471580743789673,0.6055244207382202,,1.0,WAIT_LOCK,False,locking:time,,,,,,-0.045482577304482776,-0.35292956154698124,0.10228162989272152,-0.48814335063112363
6,a28b3f78577e,346,T08,r02c04:v,row2_center,639.0,305.0,1780562624797,True,False,0.4542153020605627,0.14475559466997018,0.6031246374309883,0.009420509640045427,0.5286699697457755,0.0770880521550078,0.05091029405593872,0.02316492795944214,0.43461446464061737,0.6055914461612701,,1.0,WAIT_LOCK,False,locking:time,,,,,,-0.04578469793943726,-0.3552444053300298,0.1031246374309883,-0.4905794903599546
6,a28b3f78577e,347,T08,r02c04:v,row2_center,639.0,305.0,1780562624833,True,False,0.45431485848644576,0.14262654109867112,0.6028208550974664,0.005565277348042186,0.5285678567919561,0.07409590922335665,0.05089773237705231,0.02318158745765686,0.4345613718032837,0.6056934595108032,,1.0,WAIT_LOCK,False,locking:time,,,,,,-0.045685141513554246,-0.3573734589013289,0.10282085509746638,-0.4944347226519578
6,a28b3f78577e,348,T08,r02c04:v,row2_center,639.0,305.0,1780562624866,True,False,0.4540109565872008,0.1401788322250046,0.6022115032138937,0.0017013863784210992,0.5281112299005473,0.07094010930171285,0.050867944955825806,0.02314889430999756,0.4345036447048187,0.6057960987091064,,1.0,WAIT_LOCK,False,locking:time,,,,,,-0.04598904341279918,-0.3598211677749954,0.10221150321389366,-0.4982986136215789
6,a28b3f78577e,349,T08,r02c04:v,row2_center,639.0,305.0,1780562624899,True,False,0.45423698015747765,0.14019872990716065,0.6021137642304311,0.0,0.5281753721939544,0.07009936495358032,0.05087347328662872,0.023176223039627075,0.43449054658412933,0.6058704853057861,,1.0,WAIT_LOCK,False,locking:time,,,,,,-0.045763019842522346,-0.35980127009283935,0.10211376423043103,-0.5015878332106136
6,a28b3f78577e,350,T08,r02c04:v,row2_center,639.0,305.0,1780562624933,True,False,0.454754568414127,0.14112504833925943,0.6021590348270629,0.0,0.5284568016205949,0.07056252416962971,0.050879284739494324,0.02316400408744812,0.43448205292224884,0.6060163676738739,,1.0,WAIT_LOCK,False,locking:time,,,,,,-0.04524543158587301,-0.35887495166074057,0.10215903482706296,-0.5038752478853507
6,a28b3f78577e,351,T08,r02c04:v,row2_center,639.0,305.0,1780562624965,True,False,0.45485068071276447,0.1433135451501391,0.602003561917871,0.0,0.5284271213153178,0.07165677257506955,0.05088278651237488,0.023142307996749878,0.4344668686389923,0.6061353981494904,,1.0,WAIT_LOCK,False,locking:time,,,,,,-0.04514931928723551,-0.3566864548498609,0.10200356191787097,-0.5015032620168073
6,a28b3f78577e,352,T08,r02c04:v,row2_center,639.0,305.0,1780562625000,True,False,0.45475959382486186,0.14373514869221693,0.6016977895995074,0.0,0.5282286917121846,0.07186757434610846,0.050893694162368774,0.023117125034332275,0.434446781873703,0.6062126755714417,,1.0,WAIT_LOCK,False,locking:time,,,,,,-0.04524040617513812,-0.35626485130778307,0.10169778959950741,-0.5021879787126186
6,a28b3f78577e,353,T08,r02c04:v,row2_center,639.0,305.0,1780562625034,True,False,0.45470390762989255,0.14266330014356643,0.6018939303796687,0.0,0.5282989190047807,0.07133165007178321,0.05090692639350891,0.0231173038482666,0.4344404935836792,0.6062615513801575,,1.0,WAIT_LOCK,False,locking:time,,,,,,-0.04529609237010744,-0.35733669985643357,0.1018939303796687,-0.5005516221769554
6,a28b3f78577e,354,T08,r02c04:v,row2_center,639.0,305.0,1780562625068,True,False,0.45468641843386326,0.14269397332778694,0.6015425274689528,0.0,0.528114472951408,0.07134698666389347,0.0508989542722702,0.023100078105926514,0.43442313373088837,0.6062864065170288,,1.0,LOCKED_COLLECTING,False,locking,,,,,,-0.04531358156613676,-0.35730602667221306,0.10154252746895277,-0.5004294878867136
6,a28b3f78577e,355,T08,r02c04:v,row2_center,639.0,305.0,1780562625100,True,False,0.454752538675141,0.14671683856952122,0.6014844145651745,0.0038856087175780374,0.5281184766201578,0.07530122364354963,0.05090077221393585,0.023092180490493774,0.43441949784755707,0.6063365340232849,,1.0,LOCKED_COLLECTING,True,,,,,,,-0.045247461324859004,-0.3532831614304788,0.1014844145651745,-0.49611439128242196
6,a28b3f78577e,356,T08,r02c04:v,row2_center,639.0,305.0,1780562625135,True,False,0.45493672781071814,0.14758531592985807,0.6016429031423144,0.005937809652705461,0.5282898154765163,0.07676156279128177,0.05090814828872681,0.023094981908798218,0.43441665172576904,0.606351912021637,,1.0,LOCKED_COLLECTING,True,,,,,,,-0.04506327218928183,-0.3524146840701419,0.10164290314231439,-0.49406219034729454
6,a28b3f78577e,357,T08,r02c04:v,row2_center,639.0,305.0,1780562625168,True,False,0.45531952669399683,0.14897040217115748,0.6018331761186986,0.006709034109240231,0.5285763514063477,0.07783971814019885,0.050921738147735596,0.02309444546699524,0.4344138205051422,0.6063714027404785,,1.0,LOCKED_COLLECTING,True,,,,,,,-0.04468047330600317,-0.3510295978288425,0.10183317611869858,-0.49329096589075977
6,a28b3f78577e,358,T08,r02c04:v,row2_center,639.0,305.0,1780562625202,True,False,0.455529677082826,0.15009015865208364,0.6020163161613729,0.007210498330660897,0.5287729966220994,0.07865032849137227,0.050933703780174255,0.023089051246643066,0.43440911173820496,0.6063876748085022,,1.0,LOCKED_COLLECTING,True,,,,,,,-0.044470322917174024,-0.34990984134791636,0.10201631616137287,-0.4927895016693391
6,a28b3f78577e,359,T08,r02c04:v,row2_center,639.0,305.0,1780562625238,True,False,0.45568478661944717,0.1503052656384456,0.6020727446151624,0.007940843291408872,0.5288787656173047,0.07912305446492723,0.050940826535224915,0.023091048002243042,0.4344063401222229,0.6063937544822693,,1.0,LOCKED_COLLECTING,True,,,,,,,-0.04431521338055283,-0.3496947343615544,0.10207274461516241,-0.49205915670859113
6,a28b3f78577e,360,T08,r02c04:v,row2_center,639.0,305.0,1780562625271,True,False,0.45568761283796977,0.15059204911996682,0.6016840573426495,0.008156958109927337,0.5286858350903096,0.07937450361494708,0.05094689130783081,0.0230863094329834,0.4343915730714798,0.606399267911911,,1.0,LOCKED_COLLECTING,True,,,,,,,-0.04431238716203023,-0.3494079508800332,0.10168405734264953,-0.49184304189007266
6,a28b3f78577e,361,T08,r02c04:v,row2_center,639.0,305.0,1780562625304,True,False,0.45574525303883684,0.15009166540278202,0.6016780219599381,0.008415155300492194,0.5287116374993874,0.0792534103516371,0.05094459652900696,0.023074090480804443,0.4343909025192261,0.6064021289348602,,1.0,LOCKED_COLLECTING,True,,,,,,,-0.04425474696116316,-0.349908334597218,0.10167802195993815,-0.4915848446995078
6,a28b3f78577e,362,T08,r02c04:v,row2_center,639.0,305.0,1780562625337,True,False,0.45554085352116447,0.14888825180719467,0.6016043328209949,0.008382889492743517,0.5285725931710796,0.0786355706499691,0.05094309151172638,0.023045659065246582,0.43439148366451263,0.6063898205757141,,1.0,LOCKED_COLLECTING,True,,,,,,,-0.044459146478835546,-0.35111174819280533,0.10160433282099494,-0.4916171105072565
6,a28b3f78577e,363,T08,r02c04:v,row2_center,639.0,305.0,1780562625372,True,False,0.456037656707038,0.14879164825757463,0.6016056647629706,0.008500524531885434,0.5288216607350043,0.07864608639473003,0.050945475697517395,0.023052096366882324,0.4344048798084259,0.6063918173313141,,1.0,LOCKED_COLLECTING,True,,,,,,,-0.043962343292961975,-0.3512083517424254,0.10160566476297064,-0.49149947546811457
6,a28b3f78577e,364,T08,r02c04:v,row2_center,639.0,305.0,1780562625405,True,False,0.4557386944783862,0.14713028141851814,0.6016047785314381,0.0080565317922478,0.5286717365049122,0.07759340660538297,0.05094660818576813,0.023067086935043335,0.43440042436122894,0.6063661873340607,,1.0,LOCKED_COLLECTING,True,,,,,,,-0.04426130552161378,-0.35286971858148186,0.10160477853143811,-0.4919434682077522
6,a28b3f78577e,365,T08,r02c04:v,row2_center,639.0,305.0,1780562625439,True,False,0.45617385607649985,0.14771845190317123,0.6015340765041983,0.008147638937457402,0.5288539662903491,0.07793304542031432,0.05093827843666077,0.02307790517807007,0.4344136565923691,0.6063628494739532,,1.0,LOCKED_COLLECTING,True,,,,,,,-0.04382614392350015,-0.35228154809682877,0.10153407650419827,-0.4918523610625426
6,a28b3f78577e,366,T08,r02c04:v,row2_center,639.0,305.0,1780562625472,True,False,0.4562466858335589,0.1476003447454921,0.6015093093183874,0.007870560479828925,0.5288779975759732,0.07773545261266052,0.05093860626220703,0.02308332920074463,0.4344150573015213,0.6063621938228607,,1.0,LOCKED_COLLECTING,True,,,,,,,-0.0437533141664411,-0.3523996552545079,0.10150930931838738,-0.4921294395201711
6,a28b3f78577e,367,T08,r02c04:v,row2_center,639.0,305.0,1780562625507,True,False,0.45614698946959165,0.14580196448503652,0.6013553720776956,0.005467543385232587,0.5287511807736436,0.07563475393513455,0.05091971158981323,0.023058980703353882,0.4344043731689453,0.6063402593135834,,1.0,LOCKED_COLLECTING,True,,,,,,,-0.043853010530408375,-0.3541980355149635,0.10135537207769564,-0.4945324566147674
6,a28b3f78577e,368,T08,r02c04:v,row2_center,639.0,305.0,1780562625541,True,False,0.45651256360463344,0.14491229057753602,0.6015874844391738,0.004751996079424781,0.5290500240219036,0.0748321433284804,0.050889939069747925,0.02304929494857788,0.4344024062156677,0.6063174903392792,,1.0,LOCKED_COLLECTING,True,,,,,,,-0.043487436395366556,-0.355087709422464,0.10158748443917376,-0.4952480039205752
6,a28b3f78577e,369,T08,r02c04:v,row2_center,639.0,305.0,1780562625575,True,False,0.4562070350073157,0.1424348430604443,0.6015071661601267,0.0016629818910025018,0.5288571005837212,0.0720489124757234,0.050884589552879333,0.02304363250732422,0.4343888759613037,0.6062845885753632,,1.0,LOCKED_COLLECTING,True,,,,,,,-0.04379296499268429,-0.3575651569395557,0.10150716616012663,-0.4983370181089975
6,a28b3f78577e,370,T08,r02c04:v,row2_center,639.0,305.0,1780562625609,True,False,0.455984805987665,0.14220823855969533,0.6016741384734527,0.0010557352804330677,0.5288294722305589,0.0716319869200642,0.050876304507255554,0.023048728704452515,0.4343818724155426,0.6062791347503662,,1.0,LOCKED_COLLECTING,True,,,,,,,-0.044015194012335,-0.35779176144030467,0.10167413847345272,-0.49894426471956693
6,a28b3f78577e,371,T08,r02c04:v,row2_center,639.0,305.0,1780562625641,True,False,0.4558170636342989,0.1412662214539746,0.6016780917565242,0.0006974702657843723,0.5287475776954116,0.07098184585987949,0.05087915062904358,0.023058027029037476,0.43438129127025604,0.6062687337398529,,1.0,LOCKED_COLLECTING,True,,,,,,,-0.044182936365701087,-0.3587337785460254,0.10167809175652416,-0.4993025297342156
6,a28b3f78577e,372,T08,r02c04:v,row2_center,639.0,305.0,1780562625676,True,False,0.4558024066133658,0.140864397424601,0.6018240939052594,0.0004623834216273548,0.5288132502593126,0.07066339042311418,0.05086667835712433,0.02305448055267334,0.43438002467155457,0.6062673330307007,,1.0,LOCKED_COLLECTING,True,,,,,,,-0.044197593386634225,-0.359135602575399,0.10182409390525941,-0.49953761657837265
6,a28b3f78577e,373,T08,r02c04:v,row2_center,639.0,305.0,1780562625708,True,False,0.4556735422339936,0.14091343544135748,0.601850897496561,0.0,0.5287622198652773,0.07045671772067874,0.05086250603199005,0.023049116134643555,0.4343790113925934,0.6062580645084381,,1.0,LOCKED_COLLECTING,True,,,,,,,-0.04432645776600638,-0.3590865645586425,0.10185089749656091,-0.5001995469862414
6,a28b3f78577e,374,T08,r02c04:v,row2_center,639.0,305.0,1780562625743,True,False,0.45568188217672845,0.1411589948728743,0.6021137359176325,0.0003916589143874716,0.5288978090471805,0.07077532689363089,0.0508539080619812,0.02304944396018982,0.4343802481889725,0.6062600910663605,,1.0,LOCKED_COLLECTING,True,,,,,,,-0.044318117823271524,-0.3588410051271257,0.10211373591763252,-0.49960834108561253
6,a28b3f78577e,375,T08,r02c04:v,row2_center,639.0,305.0,1780562625778,True,False,0.4556387905076672,0.14108613758722066,0.6019946820626948,0.00043998397327432714,0.528816736285181,0.0707630607802475,0.05083981156349182,0.02303561568260193,0.43438082933425903,0.6062604784965515,,1.0,LOCKED_COLLECTING,True,,,,,,,-0.0443612094923328,-0.35891386241277934,0.10199468206269478,-0.4995600160267257
6,a28b3f78577e,376,T08,r02c04:v,row2_center,639.0,305.0,1780562625810,True,False,0.45563662600022126,0.14117529014133545,0.6021378561326743,0.0004043622505473521,0.5288872410664478,0.0707898261959414,0.050832465291023254,0.023037433624267578,0.4343828409910202,0.6062612533569336,,1.0,LOCKED_COLLECTING,True,,,,,,,-0.044363373999778744,-0.35882470985866455,0.1021378561326743,-0.49959563774945265
6,a28b3f78577e,377,T08,r02c04:v,row2_center,639.0,305.0,1780562625843,True,False,0.45571537424775205,0.14147469554795866,0.6021984571246808,0.0007061806196855813,0.5289569156862164,0.07109043808382212,0.0508401095867157,0.023041605949401855,0.4343950003385544,0.6062610745429993,,1.0,LOCKED_COLLECTING,True,,,,,,,-0.04428462575224795,-0.35852530445204134,0.10219845712468073,-0.4992938193803144
6,a28b3f78577e,378,T08,r02c04:v,row2_center,639.0,305.0,1780562625878,True,False,0.45602494919648745,0.14203136666582655,0.602241503841224,0.001391097224420046,0.5291332265188557,0.0717112319451233,0.05083782970905304,0.023046135902404785,0.4344109743833542,0.6062574982643127,,1.0,LOCKED_COLLECTING,True,,,,,,,-0.04397505080351256,-0.35796863333417345,0.10224150384122398,-0.49860890277557995
6,a28b3f78577e,379,T08,r02c04:v,row2_center,639.0,305.0,1780562625911,True,False,0.4560722326822929,0.14207599338455268,0.602324653329055,0.0018714324542917216,0.529198443005674,0.0719737129194222,0.05083811283111572,0.023047834634780884,0.434411883354187,0.6062584519386292,,1.0,LOCKED_COLLECTING,True,,,,,,,-0.04392776731770708,-0.3579240066154473,0.10232465332905505,-0.4981285675457083
6,a28b3f78577e,380,T08,r02c04:v,row2_center,639.0,305.0,1780562625946,True,False,0.4556518606355651,0.14308514353525037,0.6022402223722781,0.002538340373008263,0.5289460415039217,0.07281174195412932,0.0508541464805603,0.023036420345306396,0.43441319465637207,0.60625359416008,,1.0,LOCKED_COLLECTING,True,,,,,,,-0.044348139364434894,-0.35691485646474963,0.1022402223722781,-0.49746165962699174
6,a28b3f78577e,381,T08,r02c04:v,row2_center,639.0,305.0,1780562625979,True,False,0.4551992574890102,0.1437767791437679,0.6022292198767595,0.002765913422598909,0.5287142386828848,0.07327134628318341,0.05086711049079895,0.02298489212989807,0.4344141483306885,0.6062217354774475,,1.0,LOCKED_COLLECTING,True,,,,,,,-0.04480074251098981,-0.3562232208562321,0.10222921987675944,-0.4972340865774011
6,a28b3f78577e,382,T08,r02c04:v,row2_center,639.0,305.0,1780562626011,True,False,0.45454277543690563,0.14583615107088416,0.6021532741305196,0.005040875693207603,0.5283480247837126,0.07543851338204588,0.0508795827627182,0.02295270562171936,0.4344210624694824,0.6062137186527252,,1.0,LOCKED_COLLECTING,True,,,,,,,-0.04545722456309439,-0.35416384892911584,0.10215327413051951,-0.4949591243067924
6,a28b3f78577e,383,T08,r02c04:v,row2_center,639.0,305.0,1780562626046,True,False,0.45402856700900984,0.1468399729500655,0.6020156454833901,0.005926388018109241,0.5280221062462,0.07638318048408738,0.050879865884780884,0.022963225841522217,0.4344622939825058,0.6062027215957642,,1.0,LOCKED_COLLECTING,True,,,,,,,-0.04597143299099013,-0.3531600270499345,0.10201564548339019,-0.49407361198189076
6,a28b3f78577e,384,T08,r02c04:v,row2_center,639.0,305.0,1780562626079,True,False,0.45503916757399343,0.14701212059402446,0.6022387739321837,0.007802583862394685,0.5286389707530885,0.07740735222820957,0.05089521408081055,0.022972315549850464,0.43453918397426605,0.606209397315979,,1.0,LOCKED_COLLECTING,True,,,,,,,-0.04496083242600655,-0.35298787940597554,0.10223877393218372,-0.4921974161376053
6,a28b3f78577e,385,T08,r02c04:v,row2_center,639.0,305.0,1780562626116,True,False,0.4558053469288358,0.14684618017240975,0.602466890841899,0.008581597661449447,0.5291361188853674,0.0777138889169296,0.05090649425983429,0.022971779108047485,0.4346347898244858,0.6062119007110596,,1.0,LOCKED_COLLECTING,True,,,,,,,-0.04419465307116419,-0.35315381982759025,0.10246689084189901,-0.49141840233855055
6,a28b3f78577e,386,T08,r02c04:v,row2_center,639.0,305.0,1780562626147,True,False,0.45589255978069976,0.14683516338218816,0.6024745921295367,0.007158591274163739,0.5291835759551182,0.07699687732817595,0.05085057020187378,0.022958695888519287,0.4346941262483597,0.606213390827179,,1.0,LOCKED_COLLECTING,True,,,,,,,-0.04410744021930022,-0.35316483661781184,0.10247459212953666,-0.49284140872583626
6,a28b3f78577e,387,T08,r02c04:v,row2_center,639.0,305.0,1780562626181,True,False,0.4560009612330505,0.14676122309803558,0.6033214038629758,0.00771710288411015,0.5296611825480132,0.07723916299107286,0.05087155103683472,0.02295762300491333,0.434802308678627,0.6062153577804565,,1.0,LOCKED_COLLECTING,True,,,,,,,-0.043999038766949515,-0.3532387769019644,0.10332140386297585,-0.49228289711588985
6,a28b3f78577e,388,T08,r02c04:v,row2_center,639.0,305.0,1780562626214,True,False,0.4553306290183288,0.14659808542691483,0.6031094270462752,0.007444107193316174,0.5292200280323021,0.0770210963101155,0.050885915756225586,0.022957831621170044,0.4348505586385727,0.6062131524085999,,1.0,LOCKED_COLLECTING,True,,,,,,,-0.044669370981671175,-0.3534019145730852,0.10310942704627521,-0.4925558928066838
6,a28b3f78577e,389,T08,r02c04:v,row2_center,639.0,305.0,1780562626248,True,False,0.454293830509086,0.14641463530318305,0.6027222408354558,0.006287564734702267,0.5285080356722709,0.07635110001894266,0.05082377791404724,0.02294972538948059,0.43487977981567383,0.6062054932117462,,1.0,LOCKED_COLLECTING,True,,,,,,,-0.045706169490914,-0.35358536469681695,0.10272224083545577,-0.49371243526529773
6,a28b3f78577e,390,T08,r02c04:v,row2_center,639.0,305.0,1780562626284,True,False,0.45378915816338594,0.14612461216243872,0.6025756337343039,0.005999123154688979,0.528182395948845,0.07606186765856385,0.05081687867641449,0.02294456958770752,0.43491026759147644,0.6062011420726776,,1.0,LOCKED_COLLECTING,True,,,,,,,-0.04621084183661407,-0.3538753878375613,0.10257563373430392,-0.494000876845311
6,a28b3f78577e,391,T09,r02c07:m,row2_right,987.0,305.0,1780562628311,True,False,0.4128474011506368,0.1647468180837518,0.559605621365376,0.0,0.48622651125800637,0.0823734090418759,0.051232367753982544,0.022435754537582397,0.4323248118162155,0.606752336025238,,1.0,WAIT_LOCK,False,locking:time,,,,,,-0.08715259884936324,-0.3352531819162482,0.059605621365375984,-0.53525850032341
6,a28b3f78577e,392,T09,r02c07:m,row2_right,987.0,305.0,1780562628344,True,False,0.4128787428775076,0.16483331282124364,0.5599110638298186,0.0,0.4863949033536631,0.08241665641062182,0.05124688148498535,0.022440344095230103,0.4323766827583313,0.6067534983158112,,1.0,WAIT_LOCK,False,locking:time,,,,,,-0.08712125712249243,-0.33516668717875636,0.05991106382981864,-0.5348756882204095
6,a28b3f78577e,393,T09,r02c07:m,row2_right,987.0,305.0,1780562628380,True,False,0.41283207200703576,0.16183541888164776,0.559876828785672,0.0,0.4863544503963539,0.08091770944082388,0.05123808979988098,0.022463828325271606,0.4323797672986984,0.6067138016223907,,1.0,WAIT_LOCK,False,locking:time,,,,,,-0.08716792799296426,-0.33816458111835224,0.05987682878567197,-0.536625762410674
6,a28b3f78577e,394,T09,r02c07:m,row2_right,987.0,305.0,1780562628412,True,False,0.41284256626732807,0.1624150786185803,0.5598171123316317,0.0,0.48632983929947987,0.08120753930929014,0.051255106925964355,0.02248018980026245,0.4323881268501282,0.6067152917385101,,1.0,WAIT_LOCK,False,locking:time,,,,,,-0.08715743373267192,-0.3375849213814197,0.05981711233163163,-0.5361168611116311
6,a28b3f78577e,395,T09,r02c07:m,row2_right,987.0,305.0,1780562628445,True,False,0.4127573520331817,0.16234263735656868,0.5598604056875233,0.0,0.48630887886035246,0.08117131867828434,0.05125792324542999,0.022480815649032593,0.4323932081460953,0.6067159175872803,,1.0,WAIT_LOCK,False,locking:time,,,,,,-0.08724264796681828,-0.3376573626434313,0.059860405687523245,-0.5361512150927644
6,a28b3f78577e,396,T09,r02c07:m,row2_right,987.0,305.0,1780562628478,True,False,0.4126019097892182,0.16087392078898693,0.5597348520687998,0.0,0.486168380929009,0.08043696039449347,0.05126626789569855,0.022441625595092773,0.43238723278045654,0.606656014919281,,1.0,WAIT_LOCK,False,locking:time,,,,,,-0.08739809021078182,-0.33912607921101307,0.059734852068799825,-0.537003807010858
6,a28b3f78577e,397,T09,r02c07:m,row2_right,987.0,305.0,1780562628514,True,False,0.4122282799428884,0.1590994183853865,0.5602045782107483,0.0,0.4862164290768184,0.07954970919269325,0.051251739263534546,0.022417902946472168,0.43240028619766235,0.6066189110279083,,1.0,WAIT_LOCK,False,locking:time,,,,,,-0.0877717200571116,-0.3409005816146135,0.06020457821074835,-0.5410056692588583
6,a28b3f78577e,398,T09,r02c07:m,row2_right,987.0,305.0,1780562628547,True,False,0.41230542178104557,0.15962211533830412,0.5603145070178729,0.0,0.4863099643994592,0.07981105766915206,0.05124789476394653,0.022424638271331787,0.4324027746915817,0.606598436832428,,1.0,WAIT_LOCK,False,locking:time,,,,,,-0.08769457821895445,-0.3403778846616959,0.06031450701787293,-0.5395385867192942
6,a28b3f78577e,399,T09,r02c07:m,row2_right,987.0,305.0,1780562628581,True,False,0.41245925700142305,0.1619350670726532,0.5601624345716161,0.0,0.48631084578651956,0.0809675335363266,0.05124463140964508,0.022478759288787842,0.4324039816856384,0.606569916009903,,1.0,WAIT_LOCK,False,locking:time,,,,,,-0.08754074299857696,-0.3380649329273468,0.060162434571616026,-0.5355734735462596
6,a28b3f78577e,400,T09,r02c07:m,row2_right,987.0,305.0,1780562628615,True,False,0.4123197822455215,0.1631677929024099,0.5598691661176602,0.0,0.4860944741815909,0.08158389645120495,0.05123360455036163,0.02249416708946228,0.43240058422088623,0.6065613031387329,,1.0,WAIT_LOCK,False,locking:time,,,,,,-0.0876802177544785,-0.3368322070975901,0.059869166117660244,-0.5324603155780944
6,a28b3f78577e,401,T09,r02c07:m,row2_right,987.0,305.0,1780562628650,True,False,0.4121929226506483,0.159075141310216,0.56011704129095,0.0,0.4861549819707991,0.079537570655108,0.051227867603302,0.022498905658721924,0.43240197002887726,0.6064589023590088,,1.0,WAIT_LOCK,False,locking:time,,,,,,-0.08780707734935173,-0.340924858689784,0.060117041290950024,-0.5345497238897952
6,a28b3f78577e,402,T09,r02c07:m,row2_right,987.0,305.0,1780562628683,True,False,0.41228723071546747,0.1587181684043722,0.5604702096156261,0.0,0.4863787201655468,0.0793590842021861,0.05122242867946625,0.02247139811515808,0.43241430819034576,0.6064096689224243,,1.0,WAIT_LOCK,False,locking:time,,,,,,-0.08771276928453256,-0.3412818315956278,0.06047020961562607,-0.5345103196205923
6,a28b3f78577e,403,T09,r02c07:m,row2_right,987.0,305.0,1780562628716,True,False,0.4120864149994785,0.15957870983786754,0.5606783170997414,0.0,0.48638236604960994,0.07978935491893377,0.051226481795310974,0.02246764302253723,0.4324244111776352,0.6063352823257446,,1.0,LOCKED_COLLECTING,False,locking,,,,,,-0.08791358500052146,-0.34042129016213246,0.060678317099741315,-0.535678719370206
6,a28b3f78577e,404,T09,r02c07:m,row2_right,987.0,305.0,1780562628750,True,False,0.41213866310805947,0.15960967775854829,0.5609329694823536,0.0,0.48653581629520654,0.07980483887927414,0.051230430603027344,0.0225050151348114,0.4324322044849396,0.6062498688697815,,1.0,LOCKED_COLLECTING,True,,,,,,,-0.08786133689194055,-0.3403903222414517,0.06093296948235358,-0.5352073009745355
6,a28b3f78577e,405,T09,r02c07:m,row2_right,987.0,305.0,1780562628783,True,False,0.41201964935331126,0.1608309713410957,0.5611341401212349,0.0,0.48657689473727306,0.08041548567054785,0.05124461650848389,0.022536486387252808,0.4324485510587692,0.6062370538711548,,1.0,LOCKED_COLLECTING,True,,,,,,,-0.08798035064668872,-0.3391690286589043,0.061134140121234914,-0.5319142148362054
6,a28b3f78577e,406,T09,r02c07:m,row2_right,987.0,305.0,1780562628817,True,False,0.4120559383104394,0.1623076677605121,0.5612380409992348,0.0,0.4866469896548371,0.08115383388025604,0.05125640332698822,0.02255547046661377,0.43245774507522583,0.6062270700931549,,1.0,LOCKED_COLLECTING,True,,,,,,,-0.08794406168956057,-0.3376923322394879,0.061238040999234855,-0.527374031898825
6,a28b3f78577e,407,T09,r02c07:m,row2_right,987.0,305.0,1780562628850,True,False,0.412137248462906,0.1630527714553222,0.5615181943905639,0.0,0.48682772142673497,0.0815263857276611,0.05126093327999115,0.022550106048583984,0.43246735632419586,0.6062127351760864,,1.0,LOCKED_COLLECTING,True,,,,,,,-0.08786275153709402,-0.3369472285446778,0.06151819439056392,-0.5246643095715706
6,a28b3f78577e,408,T09,r02c07:m,row2_right,987.0,305.0,1780562628886,True,False,0.41208580804053785,0.16407433268040966,0.5614654986901666,0.0,0.4867756533653522,0.08203716634020483,0.051267459988594055,0.02253839373588562,0.4324723780155182,0.6061856746673584,,1.0,LOCKED_COLLECTING,True,,,,,,,-0.08791419195946215,-0.33592566731959034,0.06146549869016658,-0.5232618444696575
6,a28b3f78577e,409,T09,r02c07:m,row2_right,987.0,305.0,1780562628919,True,False,0.4120353412719239,0.1643580490476812,0.5614585994097219,0.0,0.4867469703408229,0.0821790245238406,0.051279693841934204,0.022536903619766235,0.43247443437576294,0.6061390042304993,,1.0,LOCKED_COLLECTING,True,,,,,,,-0.08796465872807609,-0.3356419509523188,0.061458599409721835,-0.526730968716426
6,a28b3f78577e,410,T09,r02c07:m,row2_right,987.0,305.0,1780562628954,True,False,0.4118012033034256,0.1627467200102372,0.561466463749976,0.0,0.4866338335267008,0.0813733600051186,0.05129465460777283,0.02255028486251831,0.43246984481811523,0.6060519814491272,,1.0,LOCKED_COLLECTING,True,,,,,,,-0.08819879669657435,-0.3372532799897628,0.06146646374997604,-0.5319497766882649
6,a28b3f78577e,411,T09,r02c07:m,row2_right,987.0,305.0,1780562628989,True,False,0.41180647391994474,0.16405644646591244,0.5612888731655261,0.0,0.4865476735427354,0.08202822323295622,0.05129407346248627,0.022556334733963013,0.43245573341846466,0.6060347855091095,,1.0,LOCKED_COLLECTING,True,,,,,,,-0.08819352608005525,-0.33594355353408756,0.06128887316552611,-0.529069275281575
6,a28b3f78577e,412,T09,r02c07:m,row2_right,987.0,305.0,1780562629020,True,False,0.4118473604332824,0.1647925028389054,0.5612896981157429,0.0,0.48656852927451266,0.0823962514194527,0.0513022243976593,0.0225469172000885,0.43244369328022003,0.6059381663799286,,1.0,LOCKED_COLLECTING,True,,,,,,,-0.0881526395667176,-0.3352074971610946,0.061289698115742974,-0.5305217161608804
6,a28b3f78577e,413,T09,r02c07:m,row2_right,987.0,305.0,1780562629054,True,False,0.4126352393739156,0.16554305299924366,0.5616204855347097,0.0,0.4871278624543126,0.08277152649962183,0.05128033459186554,0.02258184552192688,0.43243780732154846,0.6059168577194214,,1.0,LOCKED_COLLECTING,True,,,,,,,-0.0873647606260844,-0.33445694700075634,0.061620485534709654,-0.5284153993499089
6,a28b3f78577e,414,T09,r02c07:m,row2_right,987.0,305.0,1780562629088,True,False,0.4131147229659616,0.16627125243284152,0.5609039994692259,0.0,0.48700936121759375,0.08313562621642076,0.0512978732585907,0.02262967824935913,0.4323991388082504,0.6059037148952484,,1.0,LOCKED_COLLECTING,True,,,,,,,-0.08688527703403844,-0.3337287475671585,0.06090399946922584,-0.5262893152823735
6,a28b3f78577e,415,T09,r02c07:m,row2_right,987.0,305.0,1780562629121,True,False,0.4135261081331182,0.16475397249266094,0.5611329935031635,0.0,0.48732955081814083,0.08237698624633047,0.05128675699234009,0.02258920669555664,0.4323945939540863,0.6058464050292969,,1.0,LOCKED_COLLECTING,True,,,,,,,-0.08647389186688181,-0.33524602750733906,0.06113299350316345,-0.5301286383114124
6,a28b3f78577e,416,T09,r02c07:m,row2_right,987.0,305.0,1780562629156,True,False,0.41416145857596787,0.1636314232537851,0.5612846898404937,0.0,0.4877230742082308,0.08181571162689255,0.05127859115600586,0.022613078355789185,0.4323718547821045,0.605811208486557,,1.0,LOCKED_COLLECTING,True,,,,,,,-0.08583854142403213,-0.3363685767462149,0.06128468984049372,-0.5318527917794376
6,a28b3f78577e,417,T09,r02c07:m,row2_right,987.0,305.0,1780562629190,True,False,0.41474310741218906,0.16348289374982822,0.5615231721250279,0.0,0.4881331397686085,0.08174144687491411,0.051267385482788086,0.022618919610977173,0.432364821434021,0.6057727932929993,,1.0,LOCKED_COLLECTING,True,,,,,,,-0.08525689258781093,-0.3365171062501718,0.06152317212502785,-0.5319049309900441
6,a28b3f78577e,418,T09,r02c07:m,row2_right,987.0,305.0,1780562629224,True,False,0.4152950090813972,0.16442451422690796,0.561372428322257,0.0,0.48833371870182707,0.08221225711345398,0.051249489188194275,0.022626489400863647,0.4323505461215973,0.6057685613632202,,1.0,LOCKED_COLLECTING,True,,,,,,,-0.08470499091860278,-0.33557548577309204,0.06137242832225701,-0.5313235518718017
6,a28b3f78577e,419,T09,r02c07:m,row2_right,987.0,305.0,1780562629257,True,False,0.4153159759927858,0.1649818770643589,0.5613734380248062,0.0,0.488344707008796,0.08249093853217945,0.0512692928314209,0.022615045309066772,0.4323342740535736,0.6057523787021637,,1.0,LOCKED_COLLECTING,True,,,,,,,-0.08468402400721417,-0.3350181229356411,0.06137343802480621,-0.5301622049650041
6,a28b3f78577e,420,T09,r02c07:m,row2_right,987.0,305.0,1780562629292,True,False,0.4145549410388861,0.16241270203510932,0.561389001062948,0.0,0.48797197105091705,0.08120635101755466,0.051271259784698486,0.022540181875228882,0.4323112219572067,0.6057092249393463,,1.0,LOCKED_COLLECTING,True,,,,,,,-0.08544505896111387,-0.3375872979648907,0.06138900106294803,-0.5320488589132913
6,a28b3f78577e,421,T09,r02c07:m,row2_right,987.0,305.0,1780562629324,True,False,0.4141690235038537,0.16097148763814623,0.5616820779007087,0.0,0.48792555070228116,0.08048574381907311,0.05127169191837311,0.022518277168273926,0.43229420483112335,0.6056886613368988,,1.0,LOCKED_COLLECTING,True,,,,,,,-0.08583097649614631,-0.3390285123618538,0.06168207790070871,-0.5316092511798034
6,a28b3f78577e,422,T09,r02c07:m,row2_right,987.0,305.0,1780562629357,True,False,0.4141603922200869,0.16106180728640251,0.5616932463191142,0.0,0.4879268192696006,0.08053090364320126,0.051272615790367126,0.022519856691360474,0.43229277431964874,0.6056838631629944,,1.0,LOCKED_COLLECTING,True,,,,,,,-0.08583960777991312,-0.3389381927135975,0.06169324631911426,-0.531378627701685
6,a28b3f78577e,423,T09,r02c07:m,row2_right,987.0,305.0,1780562629391,True,False,0.4143104836503343,0.1608821135979422,0.561804175743706,0.0,0.48805732969702015,0.0804410567989711,0.05126301944255829,0.022529572248458862,0.43228691816329956,0.6056747138500214,,1.0,LOCKED_COLLECTING,True,,,,,,,-0.0856895163496657,-0.3391178864020578,0.06180417574370601,-0.5320091828493928
6,a28b3f78577e,424,T09,r02c07:m,row2_right,987.0,305.0,1780562629427,True,False,0.4145549584714575,0.16113994412438942,0.5617127095970236,0.0,0.48813383403424054,0.08056997206219471,0.0512387752532959,0.02253025770187378,0.4322766065597534,0.6056727170944214,,1.0,LOCKED_COLLECTING,True,,,,,,,-0.08544504152854249,-0.3388600558756106,0.06171270959702358,-0.5309418507920882
6,a28b3f78577e,425,T09,r02c07:m,row2_right,987.0,305.0,1780562629459,True,False,0.414556711259154,0.16177544946916605,0.5617494201730449,0.0,0.4881530657160994,0.08088772473458303,0.051231518387794495,0.02252519130706787,0.43227168917655945,0.605669766664505,,1.0,LOCKED_COLLECTING,True,,,,,,,-0.085443288740846,-0.33822455053083395,0.061749420173044904,-0.5304060496908877
6,a28b3f78577e,426,T09,r02c07:m,row2_right,987.0,305.0,1780562629495,True,False,0.4148265738213416,0.16186899385257897,0.5620269921105548,0.0,0.4884267829659482,0.08093449692628948,0.05122731626033783,0.022525429725646973,0.43228620290756226,0.6056667268276215,,1.0,LOCKED_COLLECTING,True,,,,,,,-0.08517342617865843,-0.33813100614742103,0.0620269921105548,-0.5302328812224614
6,a28b3f78577e,427,T09,r02c07:m,row2_right,987.0,305.0,1780562629527,True,False,0.41501086475966004,0.16195019305065267,0.5619487082796225,0.0,0.4884797865196413,0.08097509652532633,0.051209136843681335,0.022522389888763428,0.43228650093078613,0.6056633591651917,,1.0,LOCKED_COLLECTING,True,,,,,,,-0.08498913524033996,-0.33804980694934733,0.06194870827962254,-0.5302685089233228
6,a28b3f78577e,428,T09,r02c07:m,row2_right,987.0,305.0,1780562629562,True,False,0.41489794528165613,0.16194949667818376,0.5619865590276728,0.0,0.48844225215466447,0.08097474833909188,0.051215946674346924,0.02251628041267395,0.4322863221168518,0.6056630909442902,,1.0,LOCKED_COLLECTING,True,,,,,,,-0.08510205471834387,-0.33805050332181624,0.06198655902767279,-0.5304605326877657
6,a28b3f78577e,429,T09,r02c07:m,row2_right,987.0,305.0,1780562629596,True,False,0.4149350873374896,0.16194852633767587,0.5618769962509438,0.0,0.4884060417942167,0.08097426316883793,0.05121201276779175,0.022514045238494873,0.43227945268154144,0.6056627631187439,,1.0,LOCKED_COLLECTING,True,,,,,,,-0.08506491266251039,-0.33805147366232413,0.06187699625094383,-0.5304595908477616
6,a28b3f78577e,430,T09,r02c07:m,row2_right,987.0,305.0,1780562629633,True,False,0.4148540912063637,0.1625903129786856,0.5617909245070116,0.0,0.4883225078566876,0.0812951564893428,0.05121073126792908,0.022514671087265015,0.43227623403072357,0.6056752502918243,,1.0,LOCKED_COLLECTING,True,,,,,,,-0.08514590879363633,-0.3374096870213144,0.06179092450701158,-0.5305030953267516
6,a28b3f78577e,431,T09,r02c07:m,row2_right,987.0,305.0,1780562629667,True,False,0.41484856745617293,0.16271908266866675,0.5617609474538796,0.0,0.4883047574550263,0.08135954133433337,0.051209792494773865,0.022507786750793457,0.43227341771125793,0.6056705415248871,,1.0,LOCKED_COLLECTING,True,,,,,,,-0.08515143254382705,-0.33728091733133325,0.0617609474538796,-0.5311341590573747
6,a28b3f78577e,432,T09,r02c07:m,row2_right,987.0,305.0,1780562629701,True,False,0.4148506234972358,0.1643545607670836,0.5618546534991222,0.0,0.488352638498179,0.0821772803835418,0.05122418701648712,0.022521942853927612,0.4322681128978729,0.6056947708129883,,1.0,LOCKED_COLLECTING,True,,,,,,,-0.08514937650276423,-0.3356454392329164,0.061854653499122184,-0.530066561834651
6,a28b3f78577e,433,T09,r02c07:m,row2_right,987.0,305.0,1780562629730,True,False,0.41498083645787526,0.16365281111183605,0.5618484406491041,0.0,0.48841463855348966,0.08182640555591802,0.05122123658657074,0.02251487970352173,0.4322580248117447,0.6056938171386719,,1.0,LOCKED_COLLECTING,True,,,,,,,-0.08501916354212476,-0.33634718888816395,0.061848440649104115,-0.5306503558260282
6,a28b3f78577e,434,T09,r02c07:m,row2_right,987.0,305.0,1780562629764,True,False,0.415133008887067,0.16384380583737312,0.5618427635559744,0.0,0.48848788622152073,0.08192190291868656,0.051221489906311035,0.022520899772644043,0.43225695192813873,0.6056979298591614,,1.0,LOCKED_COLLECTING,True,,,,,,,-0.08486699111293299,-0.3361561941626269,0.06184276355597436,-0.5302078794319275
6,a28b3f78577e,435,T09,r02c07:m,row2_right,987.0,305.0,1780562629802,True,False,0.41514233172037424,0.16390388579115156,0.561948630445407,0.0,0.48854548108289064,0.08195194289557578,0.051225438714027405,0.022516250610351562,0.43225446343421936,0.6056993901729584,,1.0,LOCKED_COLLECTING,True,,,,,,,-0.08485766827962575,-0.33609611420884844,0.061948630445406994,-0.5300289191666917
6,a28b3f78577e,436,T09,r02c07:m,row2_right,987.0,305.0,1780562629836,True,False,0.41446766099590476,0.16568435759465855,0.5620179292660766,0.0,0.48824279513099067,0.08284217879732927,0.05122789740562439,0.02249932289123535,0.4322136491537094,0.6057277619838715,,1.0,LOCKED_COLLECTING,True,,,,,,,-0.08553233900409525,-0.33431564240534145,0.06201792926607666,-0.5292794847864959
6,a28b3f78577e,437,T09,r02c07:m,row2_right,987.0,305.0,1780562629874,True,False,0.414857043447605,0.16626676657290063,0.5626574209635355,0.0,0.48875723220557027,0.08313338328645031,0.05117197334766388,0.022451013326644897,0.43219153583049774,0.6057530641555786,,1.0,LOCKED_COLLECTING,True,,,,,,,-0.08514295655239504,-0.3337332334270994,0.06265742096353558,-0.5286560167228814
6,a28b3f78577e,438,T09,r02c07:m,row2_right,987.0,305.0,1780562629906,True,False,0.41493922824319446,0.16532061670059817,0.5632204371405951,0.0,0.4890798326918948,0.08266030835029908,0.051146432757377625,0.02243196964263916,0.4321703314781189,0.6057503521442413,,1.0,LOCKED_COLLECTING,True,,,,,,,-0.08506077175680553,-0.33467938329940183,0.06322043714059511,-0.5292508824846223
6,a28b3f78577e,439,T09,r02c07:m,row2_right,987.0,305.0,1780562629940,True,False,0.4153390595178677,0.16522652552075312,0.563203679751541,0.0,0.4892713696347043,0.08261326276037656,0.051163479685783386,0.022423148155212402,0.4321340322494507,0.6057610511779785,,1.0,LOCKED_COLLECTING,True,,,,,,,-0.08466094048213231,-0.3347734744792469,0.06320367975154098,-0.5282744308142456
6,a28b3f78577e,440,T10,,gap_0_1,640.0,203.0,1780562631961,True,False,0.45245890006786865,0.11936350970573761,0.5999306867226211,0.0,0.5261947933952449,0.05968175485286881,0.050607919692993164,0.023137569427490234,0.434529572725296,0.604095846414566,,1.0,WAIT_LOCK,False,locking:time,,,,,,-0.047541099932131355,-0.3806364902942624,0.09993068672262112,-0.5222350214107347
6,a28b3f78577e,441,T10,,gap_0_1,640.0,203.0,1780562631995,True,False,0.45249309769377805,0.11929551757354279,0.5999658437461557,0.0,0.5262294707199668,0.05964775878677139,0.050602927803993225,0.02319777011871338,0.4345317929983139,0.6041071116924286,,1.0,WAIT_LOCK,False,locking:time,,,,,,-0.04750690230622196,-0.3807044824264572,0.09996584374615566,-0.520233715570536
6,a28b3f78577e,442,T10,,gap_0_1,640.0,203.0,1780562632028,True,False,0.4525059498314822,0.1193351929802875,0.5999263518419709,0.0,0.5262161508367265,0.05966759649014375,0.050598859786987305,0.02320447564125061,0.43453249335289,0.6041058301925659,,1.0,WAIT_LOCK,False,locking:time,,,,,,-0.04749405016851784,-0.3806648070197125,0.0999263518419709,-0.5199775126757307
6,a28b3f78577e,443,T10,,gap_0_1,640.0,203.0,1780562632061,True,False,0.45283990225072773,0.12101650852266521,0.599972151396915,0.0,0.5264060268238213,0.060508254261332606,0.05059978365898132,0.023213595151901245,0.43454255163669586,0.6041211187839508,,1.0,WAIT_LOCK,False,locking:time,,,,,,-0.047160097749272274,-0.3789834914773348,0.09997215139691491,-0.5189880390240189
6,a28b3f78577e,444,T10,,gap_0_1,640.0,203.0,1780562632095,True,False,0.45279505814064,0.12061654840769631,0.5999195608893431,0.0,0.5263573095149916,0.060308274203848156,0.05060257017612457,0.023215889930725098,0.43454259634017944,0.604117751121521,,1.0,WAIT_LOCK,False,locking:time,,,,,,-0.047204941859359986,-0.3793834515923037,0.09991956088934309,-0.5215237540942647
6,a28b3f78577e,445,T10,,gap_0_1,640.0,203.0,1780562632129,True,False,0.45238073274728485,0.12168979614461017,0.5998256242203458,0.0,0.5261031784838153,0.06084489807230509,0.05064193904399872,0.02324572205543518,0.4345501810312271,0.6041260063648224,,1.0,WAIT_LOCK,False,locking:time,,,,,,-0.047619267252715175,-0.3783102038553898,0.09982562422034577,-0.5207548319448989
6,a28b3f78577e,446,T10,,gap_0_1,640.0,203.0,1780562632163,True,False,0.4522892144475734,0.12234188440038257,0.5998509090035667,0.0,0.52607006172557,0.061170942200191286,0.05064244568347931,0.023241281509399414,0.43454740941524506,0.6041416525840759,,1.0,WAIT_LOCK,False,locking:time,,,,,,-0.04771078555242661,-0.3776581155996174,0.09985090900356679,-0.5207734106225379
6,a28b3f78577e,447,T10,,gap_0_1,640.0,203.0,1780562632197,True,False,0.4522281787371091,0.12094786196026869,0.5999890527714644,0.0,0.5261086157542867,0.060473930980134344,0.05064605176448822,0.023240268230438232,0.4345545917749405,0.6041610240936279,,1.0,WAIT_LOCK,False,locking:time,,,,,,-0.047771821262890944,-0.3790521380397313,0.09998905277146442,-0.5219473017757857
6,a28b3f78577e,448,T10,,gap_0_1,640.0,203.0,1780562632230,True,False,0.4522439273867154,0.1210785726908552,0.599899737912681,0.0,0.5260718326496983,0.0605392863454276,0.05065618455410004,0.023239344358444214,0.43455639481544495,0.6041779220104218,,1.0,WAIT_LOCK,False,locking:time,,,,,,-0.04775607261328455,-0.3789214273091448,0.09989973791268102,-0.5229340668160505
6,a28b3f78577e,449,T10,,gap_0_1,640.0,203.0,1780562632264,True,False,0.45227254621173796,0.12007921614855899,0.5999787866141627,0.0,0.5261256664129503,0.060039608074279494,0.05066092312335968,0.023234397172927856,0.4345574975013733,0.604180246591568,,1.0,WAIT_LOCK,False,locking:time,,,,,,-0.047727453788262035,-0.379920783851441,0.09997878661416267,-0.5246383937211667
6,a28b3f78577e,450,T10,,gap_0_1,640.0,203.0,1780562632301,True,False,0.4523646326839434,0.11977703790474614,0.5998949571761075,0.0,0.5261297949300254,0.05988851895237307,0.0506577342748642,0.023229360580444336,0.43455860018730164,0.6041848063468933,,1.0,WAIT_LOCK,False,locking:time,,,,,,-0.047635367316056595,-0.38022296209525386,0.09989495717610752,-0.5253228912084986
6,a28b3f78577e,451,T10,,gap_0_1,640.0,203.0,1780562632333,True,False,0.45235240205981675,0.12095863879436197,0.5998640360843139,0.0,0.5261082190720654,0.060479319397180986,0.050660744309425354,0.023238420486450195,0.43455904722213745,0.6041993498802185,,1.0,WAIT_LOCK,False,locking:time,,,,,,-0.047647597940183244,-0.379041361205638,0.09986403608431398,-0.52388756431214
6,a28b3f78577e,452,T10,,gap_0_1,640.0,203.0,1780562632367,True,False,0.4523863141397864,0.12087198415972505,0.5998826261374401,0.0,0.5261344701386133,0.06043599207986253,0.05066400766372681,0.023232847452163696,0.43455660343170166,0.604202926158905,,1.0,LOCKED_COLLECTING,False,locking,,,,,,-0.04761368586021358,-0.37912801584027495,0.09988262613744019,-0.5241175448005785
6,a28b3f78577e,453,T10,,gap_0_1,640.0,203.0,1780562632400,True,False,0.45210942084186356,0.12091058222187573,0.5999004352418568,0.0,0.5260049280418602,0.060455291110937864,0.050660207867622375,0.023234426975250244,0.4345420300960541,0.6042046546936035,,1.0,LOCKED_COLLECTING,True,,,,,,,-0.04789057915813641,-0.37908941777812427,0.09990043524185681,-0.5242642597299475
6,a28b3f78577e,454,T10,,gap_0_1,640.0,203.0,1780562632433,True,False,0.45209974043967527,0.12047903758970124,0.599935913520165,0.0,0.5260178269799201,0.06023951879485062,0.05065831542015076,0.023236781358718872,0.4345421642065048,0.6042013466358185,,1.0,LOCKED_COLLECTING,True,,,,,,,-0.04790025956032474,-0.37952096241029876,0.09993591352016491,-0.5243216435261506
6,a28b3f78577e,455,T10,,gap_0_1,640.0,203.0,1780562632467,True,False,0.4519302364970165,0.12049293743513123,0.599947601082913,0.0,0.5259389187899648,0.060246468717565616,0.05065697431564331,0.02324622869491577,0.43453530967235565,0.6042013764381409,,1.0,LOCKED_COLLECTING,True,,,,,,,-0.0480697635029835,-0.37950706256486877,0.09994760108291305,-0.5242915253454327
6,a28b3f78577e,456,T10,,gap_0_1,640.0,203.0,1780562632501,True,False,0.45191148107807916,0.12102113209512733,0.5999606473620923,0.0,0.5259360642200858,0.06051056604756366,0.05065906047821045,0.023253649473190308,0.4345357418060303,0.6042047739028931,,1.0,LOCKED_COLLECTING,True,,,,,,,-0.048088518921920856,-0.3789788679048727,0.09996064736209233,-0.5234663883997589
6,a28b3f78577e,457,T10,,gap_0_1,640.0,203.0,1780562632535,True,False,0.4520793300483729,0.12231664689541127,0.6000146690599388,0.0,0.5260469995541559,0.06115832344770564,0.050645723938941956,0.02325698733329773,0.4345347583293915,0.604212611913681,,1.0,LOCKED_COLLECTING,True,,,,,,,-0.04792066995162706,-0.3776833531045887,0.10001466905993882,-0.5226219482153308
6,a28b3f78577e,458,T10,,gap_0_1,640.0,203.0,1780562632569,True,False,0.45186419885991014,0.1221575350760169,0.5998671326005612,0.0,0.5258656657302356,0.06107876753800845,0.0506560355424881,0.02326035499572754,0.43453022837638855,0.6042070686817169,,1.0,LOCKED_COLLECTING,True,,,,,,,-0.048135801140089834,-0.3778424649239831,0.09986713260056122,-0.5229759849925769
6,a28b3f78577e,459,T10,,gap_0_1,640.0,203.0,1780562632603,True,False,0.45177308903896385,0.12110376737315409,0.5997054170045234,0.0,0.5257392530217436,0.060551883686577046,0.05064505338668823,0.023248225450515747,0.4345266819000244,0.604189544916153,,1.0,LOCKED_COLLECTING,True,,,,,,,-0.048226910961036144,-0.3788962326268459,0.09970541700452343,-0.5259823169942577
6,a28b3f78577e,460,T10,,gap_0_1,640.0,203.0,1780562632636,True,False,0.4517103566091733,0.11971962888298143,0.5997198855169595,0.0,0.5257151210630664,0.059859814441490716,0.050640493631362915,0.02323666214942932,0.43452562391757965,0.6041780114173889,,1.0,LOCKED_COLLECTING,True,,,,,,,-0.048289643390826704,-0.38028037111701857,0.09971988551695955,-0.5275276683873716
6,a28b3f78577e,461,T10,,gap_0_1,640.0,203.0,1780562632670,True,False,0.4517104059807416,0.11927198794600391,0.5997059539061331,0.0,0.5257081799434373,0.059635993973001955,0.05063788592815399,0.0232258141040802,0.43452684581279755,0.604177713394165,,1.0,LOCKED_COLLECTING,True,,,,,,,-0.04828959401925842,-0.3807280120539961,0.09970595390613318,-0.528826958227697
6,a28b3f78577e,462,T10,,gap_0_1,640.0,203.0,1780562632704,True,False,0.4517972472932669,0.11873846736394678,0.5996993283726366,0.0,0.5257482878329518,0.05936923368197339,0.05063621699810028,0.023233920335769653,0.4345289468765259,0.604182243347168,,1.0,LOCKED_COLLECTING,True,,,,,,,-0.048202752706733076,-0.3812615326360532,0.09969932837263666,-0.5300865910144955
6,a28b3f78577e,463,T10,,gap_0_1,640.0,203.0,1780562632738,True,False,0.45173163479566625,0.11730878159384722,0.5995074095571423,0.0,0.5256195221764043,0.05865439079692361,0.05064034461975098,0.02324661612510681,0.43453027307987213,0.6041869819164276,,1.0,LOCKED_COLLECTING,True,,,,,,,-0.048268365204333724,-0.3826912184061528,0.09950740955714231,-0.532429983702538
6,a28b3f78577e,464,T10,,gap_0_1,640.0,203.0,1780562632772,True,False,0.4516768636951245,0.11686170544664876,0.5993153294528087,0.0,0.5254960965739666,0.05843085272332438,0.05064566433429718,0.023260772228240967,0.43452857434749603,0.6041991114616394,,1.0,LOCKED_COLLECTING,True,,,,,,,-0.04832313630487552,-0.38313829455335124,0.09931532945280874,-0.5344294557791953
6,a28b3f78577e,465,T10,,gap_0_1,640.0,203.0,1780562632805,True,False,0.4514946438877725,0.11408695011413833,0.5993306912125922,0.0,0.5254126675501823,0.057043475057069165,0.05064640939235687,0.023245245218276978,0.4345231205224991,0.6042160391807556,,1.0,LOCKED_COLLECTING,True,,,,,,,-0.04850535611222752,-0.38591304988586167,0.09933069121259219,-0.5381953386897005
6,a28b3f78577e,466,T10,,gap_0_1,640.0,203.0,1780562632840,True,False,0.45140881521331666,0.11397845355757552,0.5992063857523041,0.0,0.5253076004828103,0.05698922677878776,0.05065475404262543,0.02322879433631897,0.43452218174934387,0.6042267084121704,,1.0,LOCKED_COLLECTING,True,,,,,,,-0.04859118478668333,-0.3860215464424245,0.09920638575230409,-0.5379033719156715
6,a28b3f78577e,467,T10,,gap_0_1,640.0,203.0,1780562632873,True,False,0.45130519832563254,0.1132035870607721,0.5991683866551811,0.0,0.5252367924904069,0.05660179353038605,0.05065318942070007,0.02320730686187744,0.4345187395811081,0.6042332351207733,,1.0,LOCKED_COLLECTING,True,,,,,,,-0.04869480167436748,-0.3867964129392279,0.09916838665518114,-0.5393714913491298
6,a28b3f78577e,468,T10,,gap_0_1,640.0,203.0,1780562632907,True,False,0.4513078203312893,0.11362928192082433,0.5991723575069646,0.0,0.525240088919127,0.056814640960412166,0.05065220594406128,0.023190230131149292,0.43451887369155884,0.604265570640564,,1.0,LOCKED_COLLECTING,True,,,,,,,-0.048692179668710714,-0.38637071807917567,0.09917235750696464,-0.539115385425948
6,a28b3f78577e,469,T10,,gap_0_1,640.0,203.0,1780562632940,True,False,0.45145158650954,0.11430232166605847,0.5991123946271107,0.0,0.5252819905683254,0.057151160833029235,0.05063562095165253,0.023189932107925415,0.4345182776451111,0.6043050289154053,,1.0,LOCKED_COLLECTING,True,,,,,,,-0.04854841349046003,-0.38569767833394153,0.09911239462711079,-0.5382388880084701
6,a28b3f78577e,470,T10,,gap_0_1,640.0,203.0,1780562632974,True,False,0.4519742940436129,0.11473026499267369,0.5992336201626715,0.0,0.5256039571031421,0.057365132496336846,0.05060651898384094,0.02319207787513733,0.4345170706510544,0.6043307483196259,,1.0,LOCKED_COLLECTING,True,,,,,,,-0.04802570595638708,-0.3852697350073263,0.09923362016267145,-0.5387850040601263
6,a28b3f78577e,471,T10,,gap_0_1,640.0,203.0,1780562633008,True,False,0.45223183278173495,0.11581754033693326,0.5992542777173695,0.0,0.5257430552495522,0.05790877016846663,0.05061626434326172,0.023227810859680176,0.4345145970582962,0.6043559908866882,,1.0,LOCKED_COLLECTING,True,,,,,,,-0.04776816721826506,-0.38418245966306674,0.09925427771736949,-0.5370003721422565
6,a28b3f78577e,472,T10,,gap_0_1,640.0,203.0,1780562633071,True,False,0.45214919685960203,0.1157546325838078,0.5991222668157994,0.0,0.5256357318377007,0.0578773162919039,0.05061900615692139,0.023232102394104004,0.43451301753520966,0.6043610572814941,,1.0,LOCKED_COLLECTING,True,,,,,,,-0.047850803140397954,-0.3842453674161922,0.09912226681579933,-0.5371284404364265
6,a28b3f78577e,473,T10,,gap_0_1,640.0,203.0,1780562633104,True,False,0.4523566640094778,0.11564131257718674,0.5992605498836039,0.0,0.5258086069465409,0.05782065628859337,0.050603821873664856,0.023223876953125,0.43452535569667816,0.6043607592582703,,1.0,LOCKED_COLLECTING,True,,,,,,,-0.047643335990522194,-0.38435868742281326,0.09926054988360383,-0.5375101015575242
6,a28b3f78577e,474,T10,,gap_0_1,640.0,203.0,1780562633136,True,False,0.45249765224574484,0.11691466815419793,0.5993222638484859,0.0,0.5259099580471154,0.058457334077098966,0.050615206360816956,0.02322399616241455,0.43453139066696167,0.6043584644794464,,1.0,LOCKED_COLLECTING,True,,,,,,,-0.04750234775425515,-0.38308533184580207,0.09932226384848586,-0.5360884717739947
6,a28b3f78577e,475,T10,,gap_0_1,640.0,203.0,1780562633167,True,False,0.45213374554712865,0.11535850309572421,0.5993161323353298,0.0,0.5257249389412292,0.057679251547862104,0.05060574412345886,0.02321562170982361,0.4345296025276184,0.6043342649936676,,1.0,LOCKED_COLLECTING,True,,,,,,,-0.047866254452871355,-0.3846414969042758,0.09931613233532977,-0.5376766181631883
6,a28b3f78577e,476,T10,,gap_0_1,640.0,203.0,1780562633201,True,False,0.452108008717446,0.11505921850955952,0.5992481208609217,0.0,0.5256780647891839,0.05752960925477976,0.05060507357120514,0.02322503924369812,0.4345330446958542,0.6043250858783722,,1.0,LOCKED_COLLECTING,True,,,,,,,-0.047891991282554,-0.3849407814904405,0.09924812086092169,-0.5382321708343734
6,a28b3f78577e,477,T10,,gap_0_1,640.0,203.0,1780562633248,True,False,0.4516251698947912,0.11456579121258892,0.5992646465610626,0.0,0.5254449082279269,0.05728289560629446,0.050592824816703796,0.02319258451461792,0.4345322698354721,0.6043128371238708,,1.0,LOCKED_COLLECTING,True,,,,,,,-0.04837483010520883,-0.3854342087874111,0.09926464656106261,-0.5394770557693899
6,a28b3f78577e,478,T10,,gap_0_1,640.0,203.0,1780562633281,True,False,0.45181613383867547,0.11599390715524871,0.5993584173828336,0.0,0.5255872756107545,0.057996953577624355,0.05057789385318756,0.02318742871284485,0.43453483283519745,0.6043278574943542,,1.0,LOCKED_COLLECTING,True,,,,,,,-0.04818386616132456,-0.3840060928447513,0.09935841738283353,-0.5391481487109975
6,a28b3f78577e,479,T10,,gap_0_1,640.0,203.0,1780562633293,True,False,0.4517980577889759,0.11604198620464384,0.599336172347132,0.0,0.525567115068054,0.05802099310232192,0.05057479441165924,0.023184388875961304,0.4345335066318512,0.6043284833431244,,1.0,LOCKED_COLLECTING,True,,,,,,,-0.048201942211024085,-0.38395801379535616,0.09933617234713199,-0.5393092200816354
6,a28b3f78577e,480,T10,,gap_0_1,640.0,203.0,1780562633327,True,False,0.45198686473643285,0.11942375142629941,0.5995995806053626,0.0,0.5257932226708977,0.059711875713149704,0.0505528599023819,0.02317988872528076,0.43453098833560944,0.6043769419193268,,1.0,LOCKED_COLLECTING,True,,,,,,,-0.04801313526356714,-0.3805762485737006,0.0995995806053626,-0.5366797622165822
6,a28b3f78577e,481,T10,,gap_0_1,640.0,203.0,1780562633361,True,False,0.45198876672818694,0.11935793821728896,0.5996266688423573,0.0,0.5258077177852721,0.05967896910864448,0.050540849566459656,0.02317345142364502,0.43452978134155273,0.6044053733348846,,1.0,LOCKED_COLLECTING,True,,,,,,,-0.04801123327181305,-0.38064206178271104,0.09962666884235723,-0.5358912368028448
6,a28b3f78577e,482,T10,,gap_0_1,640.0,203.0,1780562633395,True,False,0.45242844205124866,0.12077130745240683,0.599768696901486,0.0,0.5260985694763674,0.060385653726203414,0.05054199695587158,0.023185670375823975,0.4345405250787735,0.6044485867023468,,1.0,LOCKED_COLLECTING,True,,,,,,,-0.04757155794875137,-0.37922869254759317,0.09976869690148606,-0.5346964876798622
6,a28b3f78577e,483,T10,,gap_0_1,640.0,203.0,1780562633429,True,False,0.4523557493475686,0.12107210290290421,0.5998015640142569,0.0,0.5260786566809128,0.060536051451452105,0.050544917583465576,0.023203045129776,0.4345412403345108,0.6044737696647644,,1.0,LOCKED_COLLECTING,True,,,,,,,-0.04764425065243136,-0.3789278970970958,0.09980156401425685,-0.532660477853601
6,a28b3f78577e,484,T10,,gap_0_1,640.0,203.0,1780562633472,True,False,0.452434429388077,0.11985354765983769,0.5997338009621076,0.0,0.5260841151750923,0.059926773829918845,0.05052882432937622,0.02318781614303589,0.4345196485519409,0.6044860184192657,,1.0,LOCKED_COLLECTING,True,,,,,,,-0.04756557061192304,-0.3801464523401623,0.09973380096210764,-0.535071664451614
6,a28b3f78577e,485,T10,,gap_0_1,640.0,203.0,1780562633503,True,False,0.4521572096032444,0.11923386841178635,0.5997973335363469,0.0,0.5259772715697957,0.059616934205893174,0.050528690218925476,0.023181527853012085,0.43451230227947235,0.6044875681400299,,1.0,LOCKED_COLLECTING,True,,,,,,,-0.04784279039675559,-0.38076613158821365,0.09979733353634695,-0.5359252709293789
6,a28b3f78577e,486,T10,,gap_0_1,640.0,203.0,1780562633553,True,False,0.45189404572944364,0.11880283611673631,0.5998344370765719,0.0,0.5258642414030078,0.059401418058368155,0.05053214728832245,0.023195922374725342,0.4345054477453232,0.6045099794864655,,1.0,LOCKED_COLLECTING,True,,,,,,,-0.048105954270556354,-0.3811971638832637,0.09983443707657194,-0.536451234772323
6,a28b3f78577e,487,T10,,gap_0_1,640.0,203.0,1780562633583,True,False,0.45193596793166635,0.11930806734039584,0.5999553413468648,0.0,0.5259456546392656,0.05965403367019792,0.05053761601448059,0.02320122718811035,0.4345061182975769,0.6045514345169067,,1.0,LOCKED_COLLECTING,True,,,,,,,-0.04806403206833368,-0.38069193265960416,0.09995534134686476,-0.5352447765800843
6,a28b3f78577e,488,T11,,gap_1_2,640.0,271.0,1780562635592,True,False,0.45194637131791204,0.1288916183700552,0.5999623931291227,0.0,0.5259543822235173,0.0644458091850276,0.050637081265449524,0.022937774658203125,0.43452706933021545,0.6069309711456299,,1.0,WAIT_LOCK,False,locking:time,,,,,,-0.04805362868208795,-0.3711083816299448,0.09996239312912264,-0.5238651402591721
6,a28b3f78577e,489,T11,,gap_1_2,640.0,271.0,1780562635625,True,False,0.45187955698920057,0.13119187464635335,0.5996906009603589,0.0,0.5257850789747798,0.06559593732317667,0.050652310252189636,0.022928357124328613,0.4345508962869644,0.6070806682109833,,1.0,WAIT_LOCK,False,locking:time,,,,,,-0.04812044301079941,-0.36880812535364665,0.0996906009603589,-0.5162203268962926
6,a28b3f78577e,490,T11,,gap_1_2,640.0,271.0,1780562635659,True,False,0.4518823167621115,0.12925874064493098,0.5999498457663774,0.0,0.5259160812642445,0.06462937032246549,0.05065657198429108,0.022890299558639526,0.4345969408750534,0.6071634590625763,,1.0,WAIT_LOCK,False,locking:time,,,,,,-0.048117683237888495,-0.370741259355069,0.0999498457663774,-0.5232489203023085
6,a28b3f78577e,491,T11,,gap_1_2,640.0,271.0,1780562635692,True,False,0.4517344068356666,0.13304232868361143,0.5995188466727986,0.0,0.5256266267542327,0.06652116434180572,0.050672322511672974,0.022863715887069702,0.43460606038570404,0.6072814762592316,,1.0,WAIT_LOCK,False,locking:time,,,,,,-0.0482655931643334,-0.36695767131638857,0.09951884667279866,-0.5201146311115065
6,a28b3f78577e,492,T11,,gap_1_2,640.0,271.0,1780562635727,True,False,0.45156224446673127,0.1340989858426544,0.599073295094367,0.0,0.5253177697805491,0.0670494929213272,0.05070105195045471,0.022925466299057007,0.434638112783432,0.6074002683162689,,1.0,WAIT_LOCK,False,locking:time,,,,,,-0.048437755533268734,-0.3659010141573456,0.09907329509436705,-0.5176236198087345
6,a28b3f78577e,493,T11,,gap_1_2,640.0,271.0,1780562635761,True,False,0.45139683114282736,0.1346039276516235,0.5987530767772714,0.0,0.5250749539600494,0.06730196382581174,0.05067279934883118,0.02293488383293152,0.4346528500318527,0.6074649691581726,,1.0,WAIT_LOCK,False,locking:time,,,,,,-0.04860316885717266,-0.3653960723483765,0.09875307677727142,-0.516249243342874
6,a28b3f78577e,494,T11,,gap_1_2,640.0,271.0,1780562635794,True,False,0.45095166500292166,0.13466506613156276,0.5984601696477742,0.0,0.5247059173253479,0.06733253306578138,0.050668925046920776,0.022960752248764038,0.4346916824579239,0.6075371205806732,,1.0,WAIT_LOCK,False,locking:time,,,,,,-0.04904833499707834,-0.36533493386843724,0.09846016964777414,-0.5156578888569346
6,a28b3f78577e,495,T11,,gap_1_2,640.0,271.0,1780562635829,True,False,0.45073271301409146,0.134485175716402,0.5983201094210646,0.0,0.524526411217578,0.067242587858201,0.05066128075122833,0.022962719202041626,0.4347009062767029,0.6075848937034607,,1.0,WAIT_LOCK,False,locking:time,,,,,,-0.04926728698590854,-0.365514824283598,0.09832010942106464,-0.516428668647554
6,a28b3f78577e,496,T11,,gap_1_2,640.0,271.0,1780562635865,True,False,0.4504787342170539,0.1337062532496241,0.5984997054346567,0.0,0.5244892198258553,0.06685312662481205,0.05066908895969391,0.022953331470489502,0.43472933769226074,0.6076329946517944,,1.0,WAIT_LOCK,False,locking:time,,,,,,-0.0495212657829461,-0.3662937467503759,0.09849970543465668,-0.5157898000829785
6,a28b3f78577e,497,T11,,gap_1_2,640.0,271.0,1780562635897,True,False,0.45098147952116374,0.13220767943448608,0.597926314258802,0.0,0.5244538968899829,0.06610383971724304,0.050649240612983704,0.022976726293563843,0.4347790479660034,0.6077158153057098,,1.0,WAIT_LOCK,False,locking:time,,,,,,-0.04901852047883627,-0.3677923205655139,0.09792631425880206,-0.5145779375109935
6,a28b3f78577e,498,T11,,gap_1_2,640.0,271.0,1780562635931,True,False,0.4511787145613616,0.13310602001912258,0.5977104705813321,0.0,0.5244445925713468,0.06655301000956129,0.05063098669052124,0.022966474294662476,0.43480606377124786,0.6078260838985443,,1.0,WAIT_LOCK,False,locking:time,,,,,,-0.04882128543863837,-0.3668939799808774,0.09771047058133209,-0.510874898234987
6,a28b3f78577e,499,T11,,gap_1_2,640.0,271.0,1780562635964,True,False,0.4508234405248941,0.1327875790479932,0.5976526922611313,0.0,0.5242380663930126,0.0663937895239966,0.050673708319664,0.022946149110794067,0.4348251670598984,0.6078797578811646,,1.0,WAIT_LOCK,False,locking:time,,,,,,-0.049176559475105915,-0.3672124209520068,0.09765269226113131,-0.5104488980747345
6,a28b3f78577e,500,T11,,gap_1_2,640.0,271.0,1780562635998,True,False,0.4507640878616586,0.12925512282086177,0.5976620502843155,0.0,0.524213069072987,0.06462756141043088,0.05067816376686096,0.0229475200176239,0.43482936918735504,0.6078930199146271,,1.0,LOCKED_COLLECTING,False,locking,,,,,,-0.049235912138341394,-0.37074487717913823,0.09766205028431553,-0.515726900971944
6,a28b3f78577e,501,T11,,gap_1_2,640.0,271.0,1780562636031,True,False,0.45071267939354565,0.1272462378088759,0.5975543649012848,0.0,0.5241335221474153,0.06362311890443795,0.05068238079547882,0.022978872060775757,0.4348333179950714,0.6079847812652588,,1.0,LOCKED_COLLECTING,True,,,,,,,-0.04928732060645433,-0.3727537621911241,0.09755436490128476,-0.5154815695260402
6,a28b3f78577e,502,T11,,gap_1_2,640.0,271.0,1780562636065,True,False,0.4504014621252632,0.12572097624928485,0.5975667700255151,0.0,0.5239841160753891,0.06286048812464243,0.0506727397441864,0.022966504096984863,0.4348203092813492,0.6079961657524109,,1.0,LOCKED_COLLECTING,True,,,,,,,-0.04959853787473675,-0.37427902375071515,0.0975667700255151,-0.5175112387015598
6,a28b3f78577e,503,T11,,gap_1_2,640.0,271.0,1780562636099,True,False,0.45037827606296044,0.12282705382938414,0.5976705286275951,0.0,0.5240244023452778,0.06141352691469207,0.05066165328025818,0.022955894470214844,0.43481840193271637,0.6080145537853241,,1.0,LOCKED_COLLECTING,True,,,,,,,-0.04962172393703955,-0.37717294617061586,0.09767052862759502,-0.5215241282154592
6,a28b3f78577e,504,T11,,gap_1_2,640.0,271.0,1780562636132,True,False,0.4503040716196548,0.11986959901132904,0.5978386912351366,0.0,0.5240713814273956,0.05993479950566452,0.05064240097999573,0.02292904257774353,0.4348136782646179,0.6080171465873718,,1.0,LOCKED_COLLECTING,True,,,,,,,-0.04969592838034518,-0.38013040098867096,0.0978386912351365,-0.5222230586601595
6,a28b3f78577e,505,T11,,gap_1_2,640.0,271.0,1780562636166,True,False,0.45021513632350924,0.11848143194128119,0.597975196944123,0.0,0.5240951666338162,0.059240715970640595,0.05062863230705261,0.022915780544281006,0.43480996787548065,0.6080214381217957,,1.0,LOCKED_COLLECTING,True,,,,,,,-0.049784863676490786,-0.3815185680587188,0.09797519694412303,-0.5228150928304627
6,a28b3f78577e,506,T11,,gap_1_2,640.0,271.0,1780562636200,True,False,0.44996365788080434,0.11819252935934427,0.597989926080477,0.0,0.5239767919806406,0.059096264679672134,0.050633326172828674,0.022932767868041992,0.4348071217536926,0.6080363690853119,,1.0,LOCKED_COLLECTING,True,,,,,,,-0.05003634211919568,-0.38180747064065573,0.097989926080477,-0.5235331363812489
6,a28b3f78577e,507,T11,,gap_1_2,640.0,271.0,1780562636234,True,False,0.4498114131239979,0.11770633351107612,0.5980810241215443,0.0,0.5239462186227711,0.05885316675553806,0.0506308376789093,0.022922366857528687,0.4348071366548538,0.6080357730388641,,1.0,LOCKED_COLLECTING,True,,,,,,,-0.05018858687600206,-0.3822936664889239,0.09808102412154429,-0.5255145778885287
6,a28b3f78577e,508,T11,,gap_1_2,640.0,271.0,1780562636268,True,False,0.4495471146665332,0.11861588966447972,0.5980469644821592,0.0,0.5237970395743462,0.05930794483223986,0.05063888430595398,0.022927820682525635,0.4348090887069702,0.6080496907234192,,1.0,LOCKED_COLLECTING,True,,,,,,,-0.05045288533346679,-0.3813841103355203,0.09804696448215924,-0.5260700405702091
6,a28b3f78577e,509,T11,,gap_1_2,640.0,271.0,1780562636302,True,False,0.449588862065068,0.11967703820715253,0.5982944774392036,0.0,0.5239416697521357,0.059838519103576265,0.050623729825019836,0.022915750741958618,0.434817910194397,0.6080650985240936,,1.0,LOCKED_COLLECTING,True,,,,,,,-0.050411137934931995,-0.38032296179284747,0.0982944774392036,-0.5267489918342616
6,a28b3f78577e,510,T11,,gap_1_2,640.0,271.0,1780562636334,True,False,0.44956844318378486,0.12279207852522589,0.5986079234509634,0.0,0.5240881833173741,0.061396039262612945,0.05062447488307953,0.02289000153541565,0.43481163680553436,0.6080875992774963,,1.0,LOCKED_COLLECTING,True,,,,,,,-0.05043155681621517,-0.3772079214747741,0.09860792345096335,-0.526870955521319
6,a28b3f78577e,511,T11,,gap_1_2,640.0,271.0,1780562636369,True,False,0.44959074528492926,0.12315578210439287,0.5988123264872196,0.0,0.5242015358860744,0.06157789105219644,0.05061076581478119,0.02287137508392334,0.43480296432971954,0.6080812215805054,,1.0,LOCKED_COLLECTING,True,,,,,,,-0.05040925471507075,-0.3768442178956071,0.09881232648721962,-0.5281980903430087
6,a28b3f78577e,512,T11,,gap_1_2,640.0,271.0,1780562636402,True,False,0.44968034872853724,0.12445621115138433,0.5987596523694525,0.0,0.5242200005489949,0.062228105575692166,0.05063025653362274,0.022870659828186035,0.4347976893186569,0.6080792248249054,,1.0,LOCKED_COLLECTING,True,,,,,,,-0.05031965127146274,-0.37554378884861567,0.09875965236945256,-0.5227842979316627
6,a28b3f78577e,513,T11,,gap_1_2,640.0,271.0,1780562636436,True,False,0.44977015713626334,0.1284685544765825,0.5986127920778285,0.0,0.524191474607046,0.06423427723829125,0.05064421892166138,0.022866934537887573,0.4347838759422302,0.608063817024231,,1.0,LOCKED_COLLECTING,True,,,,,,,-0.05022984286373665,-0.3715314455234175,0.0986127920778285,-0.5169374773363391
6,a28b3f78577e,514,T11,,gap_1_2,640.0,271.0,1780562636470,True,False,0.4497944517770626,0.1310951286198097,0.5985248922490392,0.0,0.5241596720130509,0.06554756430990485,0.05065163969993591,0.02286466956138611,0.43477417528629303,0.608053982257843,,1.0,LOCKED_COLLECTING,True,,,,,,,-0.0502055482229374,-0.3689048713801903,0.09852489224903921,-0.5125696961912883
6,a28b3f78577e,515,T11,,gap_1_2,640.0,271.0,1780562636503,True,False,0.4496744812573796,0.13166700834514344,0.5980658457546959,0.0,0.5238701635060378,0.06583350417257172,0.05064094066619873,0.022809267044067383,0.43474574387073517,0.6079847514629364,,1.0,LOCKED_COLLECTING,True,,,,,,,-0.050325518742620444,-0.36833299165485656,0.09806584575469592,-0.5157795249057996
6,a28b3f78577e,516,T11,,gap_1_2,640.0,271.0,1780562636538,True,False,0.449749328366326,0.13254588241117682,0.598018766719037,0.0,0.5238840475426815,0.06627294120558841,0.05061116814613342,0.022798359394073486,0.4347250908613205,0.6079539358615875,,1.0,LOCKED_COLLECTING,True,,,,,,,-0.050250671633674006,-0.3674541175888232,0.09801876671903698,-0.5131050769873521
6,a28b3f78577e,517,T11,,gap_1_2,640.0,271.0,1780562636571,True,False,0.4498316037977441,0.13521848609732373,0.5980405002753818,0.0,0.523936052036563,0.06760924304866187,0.05061905086040497,0.022874027490615845,0.43471352756023407,0.6078950464725494,,1.0,LOCKED_COLLECTING,True,,,,,,,-0.050168396202255904,-0.36478151390267627,0.09804050027538182,-0.5041366489936374
6,a28b3f78577e,518,T11,,gap_1_2,640.0,271.0,1780562636604,True,False,0.45008707275818727,0.13578102365789096,0.5979680028563268,0.0002506840578605507,0.524027537807257,0.06801585385787576,0.050608113408088684,0.022903859615325928,0.4347088187932968,0.6078772246837616,,1.0,LOCKED_COLLECTING,True,,,,,,,-0.04991292724181273,-0.36421897634210904,0.09796800285632676,-0.49974931594213945
6,a28b3f78577e,519,T11,,gap_1_2,640.0,271.0,1780562636638,True,False,0.450283248136754,0.13454741167256562,0.5981940302430133,0.0,0.5242386391898837,0.06727370583628281,0.05060133337974548,0.022906184196472168,0.43469350039958954,0.6078234314918518,,1.0,LOCKED_COLLECTING,True,,,,,,,-0.04971675186324595,-0.3654525883274344,0.09819403024301326,-0.5037263715452185
6,a28b3f78577e,520,T11,,gap_1_2,640.0,271.0,1780562636673,True,False,0.4506286036207832,0.13470084626925705,0.5988512004228445,0.0,0.5247399020218139,0.06735042313462852,0.0505879670381546,0.02291855216026306,0.4346889704465866,0.6078078746795654,,1.0,LOCKED_COLLECTING,True,,,,,,,-0.0493713963792168,-0.36529915373074295,0.0988512004228445,-0.5036889983865996
6,a28b3f78577e,521,T11,,gap_1_2,640.0,271.0,1780562636705,True,False,0.45107001926411655,0.13372364533540443,0.5988954490056282,0.0,0.5249827341348724,0.06686182266770221,0.050573259592056274,0.02290669083595276,0.43467216193675995,0.6077978312969208,,1.0,LOCKED_COLLECTING,True,,,,,,,-0.048929980735883456,-0.36627635466459557,0.09889544900562822,-0.5058092927728364
6,a28b3f78577e,522,T11,,gap_1_2,640.0,271.0,1780562636740,True,False,0.4515399020394585,0.1347765563383933,0.5989107832767695,0.0,0.5252253426581139,0.06738827816919665,0.050583913922309875,0.022916436195373535,0.43467096984386444,0.6078060269355774,,1.0,LOCKED_COLLECTING,True,,,,,,,-0.04846009796054152,-0.3652234436616067,0.09891078327676953,-0.5055533258111808
6,a28b3f78577e,523,T11,,gap_1_2,640.0,271.0,1780562636774,True,False,0.4518847056509482,0.1351555055618287,0.5988490443016947,0.0,0.5253668749763214,0.06757775278091435,0.050596073269844055,0.022922426462173462,0.43466395139694214,0.6078095436096191,,1.0,LOCKED_COLLECTING,True,,,,,,,-0.04811529434905182,-0.3648444944381713,0.09884904430169471,-0.5056775614130297
6,a28b3f78577e,524,T11,,gap_1_2,640.0,271.0,1780562636809,True,False,0.451776065987218,0.13516883253894107,0.5987801284076799,0.0,0.5252780971974489,0.06758441626947054,0.050598084926605225,0.02292400598526001,0.4346592277288437,0.6078068017959595,,1.0,LOCKED_COLLECTING,True,,,,,,,-0.048223934012782,-0.3648311674610589,0.09878012840767991,-0.5060800494316151
6,a28b3f78577e,525,T11,,gap_1_2,640.0,271.0,1780562636841,True,False,0.45167843133605323,0.13515696926290732,0.5986492410567879,0.0,0.5251638361964206,0.06757848463145366,0.05059236288070679,0.022909611463546753,0.4346499890089035,0.6078024804592133,,1.0,LOCKED_COLLECTING,True,,,,,,,-0.048321568663946775,-0.3648430307370927,0.09864924105678784,-0.5066026199957002
6,a28b3f78577e,526,T11,,gap_1_2,640.0,271.0,1780562636876,True,False,0.45161433105993004,0.13556747029552113,0.5982956287351947,0.0,0.5249549798975623,0.06778373514776057,0.05057981610298157,0.02290213108062744,0.4346492290496826,0.6078115105628967,,1.0,LOCKED_COLLECTING,True,,,,,,,-0.048385668940069945,-0.36443252970447887,0.09829562873519468,-0.5070218281741753
6,a28b3f78577e,527,T11,,gap_1_2,640.0,271.0,1780562636909,True,False,0.45156754584642744,0.13582631481876623,0.5982982610873687,0.0,0.5249329034668981,0.06791315740938311,0.05057978630065918,0.022904247045516968,0.4346516877412796,0.6078163385391235,,1.0,LOCKED_COLLECTING,True,,,,,,,-0.04843245415357254,-0.3641736851812338,0.09829826108736874,-0.5077145159935784
6,a28b3f78577e,528,T11,,gap_1_2,640.0,271.0,1780562636945,True,False,0.4512819817822847,0.13519468098690296,0.5982361725338817,0.0,0.5247590771580832,0.06759734049345148,0.05059546232223511,0.022913306951522827,0.4346593916416168,0.6078229248523712,,1.0,LOCKED_COLLECTING,True,,,,,,,-0.048718018217715306,-0.36480531901309704,0.09823617253388169,-0.5089585120421962
6,a28b3f78577e,529,T11,,gap_1_2,640.0,271.0,1780562636977,True,False,0.4515169979878658,0.13498768016036977,0.5984423205433992,0.0,0.5249796592656325,0.06749384008018489,0.05060829222202301,0.022915422916412354,0.4346650689840317,0.6078272461891174,,1.0,LOCKED_COLLECTING,True,,,,,,,-0.04848300201213419,-0.36501231983963023,0.09844232054339914,-0.5104102169017336
6,a28b3f78577e,530,T11,,gap_1_2,640.0,271.0,1780562637012,True,False,0.4516904889026801,0.1342663148209779,0.5987071740598519,0.0,0.525198831481266,0.06713315741048895,0.05059495568275452,0.022895455360412598,0.4346703290939331,0.6078336238861084,,1.0,LOCKED_COLLECTING,True,,,,,,,-0.04830951109731992,-0.3657336851790221,0.09870717405985187,-0.5112043334431835
6,a28b3f78577e,531,T11,,gap_1_2,640.0,271.0,1780562637045,True,False,0.4516317284944343,0.13415776180002154,0.5988021440759588,0.0,0.5252169362851965,0.06707888090001077,0.05059833824634552,0.022885829210281372,0.4346681088209152,0.6078409254550934,,1.0,LOCKED_COLLECTING,True,,,,,,,-0.04836827150556571,-0.36584223819997846,0.09880214407595878,-0.5105674720902651
6,a28b3f78577e,532,T11,,gap_1_2,640.0,271.0,1780562637081,True,False,0.45167016767886575,0.1342387065704801,0.5988863127140486,0.0,0.5252782401964572,0.06711935328524005,0.05060321092605591,0.022891640663146973,0.43466542661190033,0.6078424453735352,,1.0,LOCKED_COLLECTING,True,,,,,,,-0.04832983232113427,-0.3657612934295199,0.09888631271404862,-0.5103073251999205
6,a28b3f78577e,533,T11,,gap_1_2,640.0,271.0,1780562637114,True,False,0.45164970269816945,0.13423317827508624,0.5988957162492735,0.0,0.5252727094737215,0.06711658913754312,0.05060875415802002,0.02288845181465149,0.43466445803642273,0.6078510880470276,,1.0,LOCKED_COLLECTING,True,,,,,,,-0.04835029730183053,-0.36576682172491376,0.09889571624927349,-0.5112641187127706
6,a28b3f78577e,534,T11,,gap_1_2,640.0,271.0,1780562637146,True,False,0.45171916476397744,0.1340120431614557,0.5990063336689602,0.0,0.5253627492164687,0.06700602158072785,0.050620660185813904,0.02288791537284851,0.43466486036777496,0.6078493297100067,,1.0,LOCKED_COLLECTING,True,,,,,,,-0.048280835236022585,-0.3659879568385443,0.09900633366896022,-0.5128034054125555
6,a28b3f78577e,535,T11,,gap_1_2,640.0,271.0,1780562637180,True,False,0.4517619926682875,0.13448405911877825,0.5992164488712813,0.0,0.5254892207697844,0.06724202955938913,0.05064821243286133,0.022890597581863403,0.4346710741519928,0.6078517138957977,,1.0,LOCKED_COLLECTING,True,,,,,,,-0.04823800733171251,-0.36551594088122175,0.09921644887128138,-0.5128885408823516
6,a28b3f78577e,536,T11,,gap_1_2,640.0,271.0,1780562637215,True,False,0.4517794864587152,0.13444986831505923,0.599204854935988,0.0,0.5254921706973515,0.06722493415752961,0.050651684403419495,0.02289518713951111,0.43466460704803467,0.6078430414199829,,1.0,LOCKED_COLLECTING,True,,,,,,,-0.048220513541284794,-0.36555013168494077,0.099204854935988,-0.5131687909778
6,a28b3f78577e,537,T12,r00c03:r,row0_x28,449.0,169.0,1780562639209,True,False,0.49234830642266275,0.08759581447543752,0.6367154021776523,0.0,0.5645318543001575,0.04379790723771876,0.05032184720039368,0.023521780967712402,0.4371456354856491,0.6052835881710052,,1.0,WAIT_LOCK,False,locking:time,,,,,,-0.00765169357733725,-0.4124041855245625,0.1367154021776523,-0.5210090386140083
6,a28b3f78577e,538,T12,r00c03:r,row0_x28,449.0,169.0,1780562639243,True,False,0.493261570881103,0.09101331658968487,0.6366079510044184,0.0,0.5649347609427606,0.045506658294842434,0.0503363311290741,0.02358904480934143,0.43719305098056793,0.6052416861057281,,1.0,WAIT_LOCK,False,locking:time,,,,,,-0.006738429118896984,-0.40898668341031513,0.1366079510044184,-0.5152999323779098
6,a28b3f78577e,539,T12,r00c03:r,row0_x28,449.0,169.0,1780562639276,True,False,0.49434338126954197,0.09321472165247452,0.6377238397850498,0.0,0.5660336105272958,0.04660736082623726,0.050386279821395874,0.02366015315055847,0.43727797269821167,0.6051959097385406,,1.0,WAIT_LOCK,False,locking:time,,,,,,-0.005656618730458022,-0.4067852783475255,0.13772383978504976,-0.5094358034280967
6,a28b3f78577e,540,T12,r00c03:r,row0_x28,449.0,169.0,1780562639310,True,False,0.4966318807469456,0.09353232059146427,0.6390140209227222,0.0,0.5678229508348339,0.046766160295732134,0.05043065547943115,0.023670077323913574,0.4373822659254074,0.6051590144634247,,1.0,WAIT_LOCK,False,locking:time,,,,,,-0.0033681192530544348,-0.40646767940853573,0.13901402092272214,-0.5076786876799071
6,a28b3f78577e,541,T12,r00c03:r,row0_x28,449.0,169.0,1780562639343,True,False,0.4974346443949194,0.09433654420421722,0.6394734307025622,0.0,0.5684540375487408,0.04716827210210861,0.05044633150100708,0.02367386221885681,0.4374205619096756,0.6051315665245056,,1.0,WAIT_LOCK,False,locking:time,,,,,,-0.0025653556050805647,-0.4056634557957828,0.13947343070256218,-0.5063022397046163
6,a28b3f78577e,542,T12,r00c03:r,row0_x28,449.0,169.0,1780562639377,True,False,0.4983434853911297,0.09510581086682901,0.6398208785321958,0.0,0.5690821819616627,0.047552905433414505,0.05045183002948761,0.02368319034576416,0.4374620318412781,0.6051223576068878,,1.0,WAIT_LOCK,False,locking:time,,,,,,-0.0016565146088702793,-0.404894189133171,0.13982087853219585,-0.5051704695355769
6,a28b3f78577e,543,T12,r00c03:r,row0_x28,449.0,169.0,1780562639410,True,False,0.49916965727558704,0.0972055071996209,0.6403069704031321,0.0,0.5697383138393596,0.04860275359981045,0.050536081194877625,0.02369740605354309,0.4375107139348984,0.6051188707351685,,1.0,WAIT_LOCK,False,locking:time,,,,,,-0.0008303427244129591,-0.4027944928003791,0.14030697040313206,-0.5030128374116776
6,a28b3f78577e,544,T12,r00c03:r,row0_x28,449.0,169.0,1780562639473,True,False,0.49911049147251374,0.0990480947514854,0.640061120998384,0.0,0.5695858062354489,0.0495240473757427,0.05057418346405029,0.023724853992462158,0.43752647936344147,0.6051084101200104,,1.0,WAIT_LOCK,False,locking:time,,,,,,-0.0008895085274862807,-0.4009519052485146,0.14006112099838394,-0.5019128858232493
6,a28b3f78577e,545,T12,r00c03:r,row0_x28,449.0,169.0,1780562639521,True,False,0.4992217222391364,0.09903641261692375,0.64012393742533,0.0,0.5696728298322332,0.049518206308461876,0.050579339265823364,0.023740112781524658,0.43752896785736084,0.6050726473331451,,1.0,WAIT_LOCK,False,locking:time,,,,,,-0.0007782777608635823,-0.40096358738307625,0.14012393742533,-0.5031509082696338
6,a28b3f78577e,546,T12,r00c03:r,row0_x28,449.0,169.0,1780562639556,True,False,0.4992470471003444,0.09933147913062201,0.6397755117540642,0.0,0.5695112794272044,0.04966573956531101,0.05060483515262604,0.02374693751335144,0.43753430247306824,0.6050673723220825,,1.0,WAIT_LOCK,False,locking:time,,,,,,-0.0007529528996556224,-0.400668520869378,0.1397755117540642,-0.5023082425494725
6,a28b3f78577e,547,T12,r00c03:r,row0_x28,449.0,169.0,1780562639569,True,False,0.49947159917194883,0.09929180190655873,0.6396698864749275,0.0,0.5695707428234382,0.049645900953279365,0.050610288977622986,0.023748785257339478,0.4375404715538025,0.6050663888454437,,1.0,WAIT_LOCK,False,locking:time,,,,,,-0.0005284008280511727,-0.40070819809344127,0.13966988647492745,-0.5019363449080246
6,a28b3f78577e,548,T12,r00c03:r,row0_x28,449.0,169.0,1780562639600,True,False,0.5001473939636376,0.09970371848169857,0.6394938452394581,0.0006011572654664454,0.5698206196015478,0.050152437873582506,0.05064459145069122,0.023788034915924072,0.4375694841146469,0.6050804257392883,,1.0,LOCKED_COLLECTING,False,locking,,,,,,0.00014739396363757715,-0.40029628151830143,0.13949384523945813,-0.49939884273453355
6,a28b3f78577e,549,T12,r00c03:r,row0_x28,449.0,169.0,1780562639632,True,False,0.5001111598457706,0.10009282047398488,0.6393291399667544,0.0019777938600649136,0.5697201499062625,0.051035307167024896,0.050654977560043335,0.023796886205673218,0.4375670403242111,0.6050852537155151,,1.0,LOCKED_COLLECTING,True,,,,,,,0.00011115984577057418,-0.3999071795260151,0.13932913996675447,-0.4980222061399351
6,a28b3f78577e,550,T12,r00c03:r,row0_x28,449.0,169.0,1780562639667,True,False,0.5000928792902278,0.10002439767356847,0.6394573163662884,0.0024740432624885678,0.5697750978282581,0.05124922046802852,0.05065733194351196,0.023808658123016357,0.43757349252700806,0.6050857305526733,,1.0,LOCKED_COLLECTING,True,,,,,,,9.287929022779128e-05,-0.39997560232643153,0.1394573163662884,-0.49752595673751143
6,a28b3f78577e,551,T12,r00c03:r,row0_x28,449.0,169.0,1780562639701,True,False,0.5001075736795783,0.10106101200710649,0.63980121206143,0.0038612754714854036,0.5699543928705042,0.052461143739295946,0.0506671667098999,0.023829281330108643,0.43759073317050934,0.6050918698310852,,1.0,LOCKED_COLLECTING,True,,,,,,,0.00010757367957821507,-0.3989389879928935,0.13980121206142998,-0.4961387245285146
6,a28b3f78577e,552,T12,r00c03:r,row0_x28,449.0,169.0,1780562639736,True,False,0.5008210496123309,0.10194063966046474,0.6404616530545155,0.0069112906336442625,0.5706413513334232,0.0544259651470545,0.05070362985134125,0.023840367794036865,0.43764419853687286,0.6051114797592163,,1.0,LOCKED_COLLECTING,True,,,,,,,0.0008210496123308324,-0.39805936033953526,0.1404616530545155,-0.49308870936635574
6,a28b3f78577e,553,T12,r00c03:r,row0_x28,449.0,169.0,1780562639769,True,False,0.5005608686379378,0.10221622357659199,0.6402940636270639,0.008872893141140481,0.5704274661325008,0.055544558358866236,0.05068539083003998,0.023818105459213257,0.43764713406562805,0.6051093637943268,,1.0,LOCKED_COLLECTING,True,,,,,,,0.0005608686379377607,-0.397783776423408,0.14029406362706384,-0.4911271068588595
6,a28b3f78577e,554,T12,r00c03:r,row0_x28,449.0,169.0,1780562639802,True,False,0.5004862151945315,0.10246017365575788,0.6404615484573685,0.010380887682056583,0.57047388182595,0.05642053066890723,0.05069972574710846,0.02380022406578064,0.4376700669527054,0.6051074266433716,,1.0,LOCKED_COLLECTING,True,,,,,,,0.0004862151945314758,-0.3975398263442421,0.14046154845736847,-0.4896191123179434
6,a28b3f78577e,555,T12,r00c03:r,row0_x28,449.0,169.0,1780562639836,True,False,0.5002655568374001,0.10287091048845587,0.6402930373654127,0.011191488328637367,0.5702792971014063,0.05703119940854662,0.050712764263153076,0.023799240589141846,0.43767473101615906,0.6051094830036163,,1.0,LOCKED_COLLECTING,True,,,,,,,0.0002655568374001042,-0.39712908951154413,0.14029303736541268,-0.48880851167136263
6,a28b3f78577e,556,T12,r00c03:r,row0_x28,449.0,169.0,1780562639871,True,False,0.5005002752795327,0.10289109348830267,0.6402691884389147,0.012230038651552533,0.5703847318592237,0.0575605660699276,0.050709471106529236,0.023804545402526855,0.4376824051141739,0.605108916759491,,1.0,LOCKED_COLLECTING,True,,,,,,,0.000500275279532705,-0.39710890651169733,0.14026918843891464,-0.48776996134844747
6,a28b3f78577e,557,T12,r00c03:r,row0_x28,449.0,169.0,1780562639904,True,False,0.5003820164529155,0.10342610714479966,0.6400153135684371,0.01243060112569555,0.5701986650106763,0.057928354135247606,0.050735607743263245,0.023799538612365723,0.43769510090351105,0.6051126420497894,,1.0,LOCKED_COLLECTING,True,,,,,,,0.0003820164529154469,-0.39657389285520034,0.14001531356843708,-0.48756939887430445
6,a28b3f78577e,558,T12,r00c03:r,row0_x28,449.0,169.0,1780562639937,True,False,0.5005138153470442,0.10355626254173933,0.6394390382494468,0.0128347949512706,0.5699764267982455,0.058195528746504965,0.0507761687040329,0.023812681436538696,0.43770262598991394,0.6051133573055267,,1.0,LOCKED_COLLECTING,True,,,,,,,0.0005138153470442465,-0.39644373745826067,0.13943903824944687,-0.4871652050487294
6,a28b3f78577e,559,T12,r00c03:r,row0_x28,449.0,169.0,1780562639971,True,False,0.5005723656765864,0.10520066215130619,0.6390734379142555,0.014081306215253442,0.5698229017954209,0.059640984183279816,0.0508115291595459,0.023814529180526733,0.43771739304065704,0.605125367641449,,1.0,LOCKED_COLLECTING,True,,,,,,,0.0005723656765863663,-0.3947993378486938,0.13907343791425553,-0.48591869378474656
6,a28b3f78577e,560,T12,r00c03:r,row0_x28,449.0,169.0,1780562640007,True,False,0.5017727011900379,0.10527531378236188,0.6392528458574319,0.015803831090944076,0.570512773523735,0.06053957243665298,0.05081440508365631,0.023786544799804688,0.4377480447292328,0.6051222681999207,,1.0,LOCKED_COLLECTING,True,,,,,,,0.0017727011900379442,-0.3947246862176381,0.13925284585743194,-0.4841961689090559
6,a28b3f78577e,561,T12,r00c03:r,row0_x28,449.0,169.0,1780562640039,True,False,0.501782859770148,0.10410353733961475,0.6393002936165074,0.01564768760009355,0.5705415766933277,0.05987561246985415,0.0508178174495697,0.02377966046333313,0.4377470761537552,0.605110228061676,,1.0,LOCKED_COLLECTING,True,,,,,,,0.0017828597701480223,-0.39589646266038525,0.13930029361650745,-0.48435231239990645
6,a28b3f78577e,562,T12,r00c03:r,row0_x28,449.0,169.0,1780562640074,True,False,0.5010091438218616,0.10296146365279818,0.6387269969629429,0.01477707986510901,0.5698680703924022,0.058869271758953595,0.050798386335372925,0.023779958486557007,0.43771570920944214,0.6050899624824524,,1.0,LOCKED_COLLECTING,True,,,,,,,0.001009143821861555,-0.3970385363472018,0.13872699696294286,-0.485222920134891
6,a28b3f78577e,563,T12,r00c03:r,row0_x28,449.0,169.0,1780562640108,True,False,0.5010331298443936,0.10268070783665317,0.6387066719556498,0.01543394476100457,0.5698699009000217,0.05905732629882887,0.05079244077205658,0.023784935474395752,0.43771569430828094,0.6050745844841003,,1.0,LOCKED_COLLECTING,True,,,,,,,0.001033129844393665,-0.3973192921633468,0.13870667195564973,-0.48456605523899543
6,a28b3f78577e,564,T12,r00c03:r,row0_x28,449.0,169.0,1780562640141,True,False,0.5010528234274217,0.1026768261488965,0.6387815057653675,0.01666771404032441,0.5699171645963946,0.05967227009461046,0.050791531801223755,0.02377796173095703,0.4377152919769287,0.6050576269626617,,1.0,LOCKED_COLLECTING,True,,,,,,,0.001052823427421754,-0.3973231738511035,0.13878150576536755,-0.4833322859596756
6,a28b3f78577e,565,T12,r00c03:r,row0_x28,449.0,169.0,1780562640175,True,False,0.5011644681666908,0.10503326447689104,0.6386736930682564,0.02045983558890152,0.5699190806174737,0.06274655003289628,0.05078347027301788,0.023780524730682373,0.4377124309539795,0.6050253808498383,,1.0,LOCKED_COLLECTING,True,,,,,,,0.001164468166690805,-0.39496673552310896,0.1386736930682564,-0.4795401644110985
6,a28b3f78577e,566,T12,r00c03:r,row0_x28,449.0,169.0,1780562640209,True,False,0.5011092928097813,0.10603693826821664,0.6387806090536852,0.022668164802812474,0.5699449509317333,0.06435255153551456,0.050789013504981995,0.02379131317138672,0.4377182275056839,0.605009138584137,,1.0,LOCKED_COLLECTING,True,,,,,,,0.0011092928097813286,-0.39396306173178336,0.1387806090536852,-0.4773318351971875
6,a28b3f78577e,567,T12,r00c03:r,row0_x28,449.0,169.0,1780562640243,True,False,0.5006316202577165,0.10666166209511435,0.6386387979031249,0.02397281802817841,0.5696352090804206,0.06531724006164638,0.05078744888305664,0.023799508810043335,0.4377116560935974,0.6049725413322449,,1.0,LOCKED_COLLECTING,True,,,,,,,0.0006316202577164892,-0.39333833790488565,0.138638797903125,-0.4760271819718216
6,a28b3f78577e,568,T12,r00c03:r,row0_x28,449.0,169.0,1780562640278,True,False,0.5005923631513659,0.10723133839604027,0.6385292472523142,0.02460902466305953,0.56956080520184,0.0659201815295499,0.050780534744262695,0.02379077672958374,0.4377101957798004,0.6049530804157257,,1.0,LOCKED_COLLECTING,True,,,,,,,0.0005923631513659507,-0.39276866160395973,0.13852924725231422,-0.47539097533694047
6,a28b3f78577e,569,T12,r00c03:r,row0_x28,449.0,169.0,1780562640311,True,False,0.5006789808695693,0.10846939566122415,0.6386492706102624,0.026176977779065025,0.5696641257399159,0.06732318672014459,0.05078461766242981,0.02379634976387024,0.4377196580171585,0.6049579083919525,,1.0,LOCKED_COLLECTING,True,,,,,,,0.0006789808695692556,-0.39153060433877585,0.1386492706102624,-0.473823022220935
6,a28b3f78577e,570,T12,r00c03:r,row0_x28,449.0,169.0,1780562640345,True,False,0.5007236900851915,0.1090544160795871,0.6388771584094664,0.027198435495575934,0.5698004242473289,0.06812642578758152,0.05080638825893402,0.02380955219268799,0.4377290904521942,0.6049608588218689,,1.0,LOCKED_COLLECTING,True,,,,,,,0.0007236900851915019,-0.3909455839204129,0.1388771584094663,-0.47280156450442407
6,a28b3f78577e,571,T12,r00c03:r,row0_x28,449.0,169.0,1780562640379,True,False,0.5005547073770928,0.11037001860488865,0.6387706591358289,0.028402456740387494,0.5696626832564609,0.06938623767263807,0.05080391466617584,0.023804396390914917,0.43772442638874054,0.6049595773220062,,1.0,LOCKED_COLLECTING,True,,,,,,,0.0005547073770928902,-0.38962998139511135,0.1387706591358289,-0.4715975432596125
6,a28b3f78577e,572,T12,r00c03:r,row0_x28,449.0,169.0,1780562640414,True,False,0.5010773712978716,0.11024744679697196,0.6389574038672878,0.029022820054969756,0.5700173875825797,0.06963513342597086,0.05078205466270447,0.02380576729774475,0.4377371370792389,0.6049610376358032,,1.0,LOCKED_COLLECTING,True,,,,,,,0.0010773712978715373,-0.38975255320302804,0.1389574038672879,-0.47097717994503024
6,a28b3f78577e,573,T12,r00c03:r,row0_x28,449.0,169.0,1780562640446,True,False,0.5006143394396496,0.11043647981617166,0.6387137944339341,0.029102405269434195,0.5696640669367918,0.06976944254280293,0.05076318979263306,0.023812085390090942,0.43772920966148376,0.6049537658691406,,1.0,LOCKED_COLLECTING,True,,,,,,,0.0006143394396496253,-0.38956352018382834,0.13871379443393408,-0.4708975947305658
6,a28b3f78577e,574,T12,r00c03:r,row0_x28,449.0,169.0,1780562640480,True,False,0.4995012709298159,0.11119908039447152,0.6385102590711451,0.0295096032097093,0.5690057650004805,0.07035434180209041,0.05075728893280029,0.023812711238861084,0.43770305812358856,0.6049525439739227,,1.0,LOCKED_COLLECTING,True,,,,,,,-0.0004987290701840892,-0.3888009196055285,0.13851025907114506,-0.4704903967902907
6,a28b3f78577e,575,T12,r00c03:r,row0_x28,449.0,169.0,1780562640514,True,False,0.49858577988759933,0.11157153036970308,0.6380821237326617,0.029374192695639068,0.5683339518101305,0.07047286153267107,0.050740331411361694,0.023804545402526855,0.43768277764320374,0.6049521267414093,,1.0,LOCKED_COLLECTING,True,,,,,,,-0.001414220112400663,-0.3884284696302969,0.13808212373266168,-0.47062580730436093
6,a28b3f78577e,576,T12,r00c03:r,row0_x28,449.0,169.0,1780562640548,True,False,0.49857831707974926,0.11227308107337292,0.6380964132242549,0.029774865290914332,0.5683373651520021,0.07102397318214362,0.05074883997440338,0.023810744285583496,0.43768180906772614,0.6049553155899048,,1.0,LOCKED_COLLECTING,True,,,,,,,-0.0014216829202507648,-0.3877269189266271,0.1380964132242549,-0.47022513470908567
6,a28b3f78577e,577,T12,r00c03:r,row0_x28,449.0,169.0,1780562640582,True,False,0.4991851549471055,0.11636118208580148,0.638122967232889,0.036305867059810204,0.5686540610899973,0.07633352457280584,0.05079609155654907,0.023879975080490112,0.43770696222782135,0.6049986779689789,,1.0,LOCKED_COLLECTING,True,,,,,,,-0.0008148450528944586,-0.3836388179141985,0.13812296723288894,-0.4636941329401898
6,a28b3f78577e,578,T12,r00c03:r,row0_x28,449.0,169.0,1780562640615,True,False,0.49901908626389363,0.116606089031146,0.6379803168692512,0.03824909876951221,0.5684997015665724,0.0774275939003291,0.05079351365566254,0.023876041173934937,0.43769456446170807,0.6050142347812653,,1.0,LOCKED_COLLECTING,True,,,,,,,-0.0009809137361063678,-0.383393910968854,0.13798031686925114,-0.4617509012304878
6,a28b3f78577e,579,T12,r00c03:r,row0_x28,449.0,169.0,1780562640650,True,False,0.4991039918879008,0.1183384021583192,0.6379003376847175,0.040278150732150464,0.5685021647863091,0.07930827644523483,0.05079290270805359,0.023892909288406372,0.4376951903104782,0.6050401926040649,,1.0,LOCKED_COLLECTING,True,,,,,,,-0.0008960081120992011,-0.3816615978416808,0.13790033768471757,-0.45972184926784954
6,a28b3f78577e,580,T12,r00c03:r,row0_x28,449.0,169.0,1780562640683,True,False,0.4991195184416112,0.11770214759121456,0.6378915066709621,0.03991093108348581,0.5685055125562866,0.07880653933735018,0.050780922174453735,0.023884296417236328,0.4376847445964813,0.6050384044647217,,1.0,LOCKED_COLLECTING,True,,,,,,,-0.0008804815583888409,-0.38229785240878544,0.13789150667096203,-0.4600890689165142
6,a28b3f78577e,581,T12,r00c03:r,row0_x28,449.0,169.0,1780562640717,True,False,0.4988989706381112,0.11796493093794869,0.6376015716664176,0.03989760300914241,0.5682502711522645,0.07893126697354555,0.0507965087890625,0.02388983964920044,0.4376707226037979,0.6050391495227814,,1.0,LOCKED_COLLECTING,True,,,,,,,-0.001101029361888749,-0.3820350690620513,0.13760157166641762,-0.4601023969908576
6,a28b3f78577e,582,T12,r00c03:r,row0_x28,449.0,169.0,1780562640751,True,False,0.49849375543713703,0.11739480957005738,0.6360329149036965,0.0378149116192798,0.5672633351704168,0.07760486059466859,0.050764888525009155,0.023882806301116943,0.4376024156808853,0.6050388216972351,,1.0,LOCKED_COLLECTING,True,,,,,,,-0.0015062445628629669,-0.3826051904299426,0.13603291490369654,-0.4621850883807202
6,a28b3f78577e,583,T12,r00c03:r,row0_x28,449.0,169.0,1780562640785,True,False,0.49827691870054674,0.1179688474572459,0.6361856733232193,0.03889173935723128,0.567231296011883,0.07843029340723859,0.0507889986038208,0.023881912231445312,0.43759970366954803,0.6050417125225067,,1.0,LOCKED_COLLECTING,True,,,,,,,-0.0017230812994532452,-0.3820311525427541,0.13618567332321926,-0.4611082606427687
6,a28b3f78577e,584,T12,r00c03:r,row0_x28,449.0,169.0,1780562640819,True,False,0.4981932507550715,0.117973436059426,0.6361336410256813,0.03946522960719956,0.5671634458903764,0.07871933283331278,0.050788238644599915,0.023883402347564697,0.4375948905944824,0.6050401926040649,,1.0,LOCKED_COLLECTING,True,,,,,,,-0.0018067492449285031,-0.382026563940574,0.13613364102568126,-0.46053477039280044
6,a28b3f78577e,585,T13,r00c06:u,row0_x72,829.0,169.0,1780562642846,True,False,0.43435255395237715,0.08847789636609715,0.575168892532981,0.0,0.5047607232426791,0.044238948183048576,0.05046330392360687,0.023302853107452393,0.43411295115947723,0.6039834916591644,,1.0,WAIT_LOCK,False,locking:time,,,,,,-0.06564744604762285,-0.41152210363390285,0.07516889253298102,-0.6338255115274868
6,a28b3f78577e,586,T13,r00c06:u,row0_x72,829.0,169.0,1780562642881,True,False,0.43434576969007826,0.08423655137248387,0.5753862143173082,0.0,0.5048659920036932,0.042118275686241935,0.050463318824768066,0.023313701152801514,0.434161901473999,0.6040462851524353,,1.0,WAIT_LOCK,False,locking:time,,,,,,-0.06565423030992172,-0.41576344862751613,0.07538621431730815,-0.6423644068295041
6,a28b3f78577e,587,T13,r00c06:u,row0_x72,829.0,169.0,1780562642914,True,False,0.43487913731073136,0.08788406663147258,0.5751989187187632,0.0,0.5050390280147472,0.04394203331573629,0.050436586141586304,0.023328572511672974,0.4341929405927658,0.6041851043701172,,1.0,WAIT_LOCK,False,locking:time,,,,,,-0.06512086268926863,-0.4121159333685274,0.07519891871876311,-0.6418757186915724
6,a28b3f78577e,588,T13,r00c06:u,row0_x72,829.0,169.0,1780562642948,True,False,0.4347631499624934,0.08885805549365583,0.5749623989019834,0.0,0.5048627744322384,0.044429027746827915,0.05042162537574768,0.023303568363189697,0.4341952055692673,0.6042627692222595,,1.0,WAIT_LOCK,False,locking:time,,,,,,-0.06523685003750664,-0.41114194450634417,0.07496239890198339,-0.6424399170792279
6,a28b3f78577e,589,T13,r00c06:u,row0_x72,829.0,169.0,1780562642982,True,False,0.4348789756431437,0.08887526931446449,0.5750938316440498,0.0,0.5049864036435967,0.044437634657232244,0.050420939922332764,0.02333688735961914,0.4342091232538223,0.6043340861797333,,1.0,WAIT_LOCK,False,locking:time,,,,,,-0.06512102435685628,-0.4111247306855355,0.07509383164404983,-0.6415207666955154
6,a28b3f78577e,590,T13,r00c06:u,row0_x72,829.0,169.0,1780562643016,True,False,0.4350062314512645,0.09089906497253936,0.5749963661585196,0.0,0.505001298804892,0.04544953248626968,0.05042855441570282,0.023354053497314453,0.4342147260904312,0.6043893992900848,,1.0,WAIT_LOCK,False,locking:time,,,,,,-0.06499376854873554,-0.40910093502746064,0.0749963661585196,-0.637588504506646
6,a28b3f78577e,591,T13,r00c06:u,row0_x72,829.0,169.0,1780562643051,True,False,0.43508385721812487,0.09070709456189419,0.5751366841486427,0.0,0.5051102706833838,0.04535354728094709,0.05045050382614136,0.023374587297439575,0.4342355728149414,0.6044731438159943,,1.0,WAIT_LOCK,False,locking:time,,,,,,-0.06491614278187514,-0.4092929054381058,0.07513668414864275,-0.6373247814565031
6,a28b3f78577e,592,T13,r00c06:u,row0_x72,829.0,169.0,1780562643084,True,False,0.4351979495144539,0.0877745770392045,0.5755901062218247,0.0,0.5053940278681393,0.04388728851960225,0.050446122884750366,0.02338385581970215,0.43425118923187256,0.6045665144920349,,1.0,WAIT_LOCK,False,locking:time,,,,,,-0.0648020504855461,-0.4122254229607955,0.07559010622182467,-0.6416196899515835
6,a28b3f78577e,593,T13,r00c06:u,row0_x72,829.0,169.0,1780562643119,True,False,0.4350852590089167,0.08313157759444728,0.5757406065681012,0.0,0.505412932788509,0.04156578879722364,0.05044935643672943,0.023359060287475586,0.4342539459466934,0.604667067527771,,1.0,WAIT_LOCK,False,locking:time,,,,,,-0.06491474099108328,-0.4168684224055527,0.07574060656810128,-0.6484230019481444
6,a28b3f78577e,594,T13,r00c06:u,row0_x72,829.0,169.0,1780562643151,True,False,0.43493066239084055,0.08445564777454723,0.5755185909826293,0.0,0.5052246266867348,0.04222782388727361,0.05045992136001587,0.02338498830795288,0.43425291776657104,0.6047898828983307,,1.0,WAIT_LOCK,False,locking:time,,,,,,-0.06506933760915945,-0.4155443522254528,0.07551859098262924,-0.6422112259872668
6,a28b3f78577e,595,T13,r00c06:u,row0_x72,829.0,169.0,1780562643185,True,False,0.43509593485251247,0.08924538009598093,0.5754226559907961,0.0,0.5052592954216543,0.044622690047990465,0.0504584014415741,0.023407429456710815,0.43426214158535004,0.604936271905899,,1.0,WAIT_LOCK,False,locking:time,,,,,,-0.06490406514748752,-0.41075461990401907,0.07542265599079612,-0.6333871217085025
6,a28b3f78577e,596,T13,r00c06:u,row0_x72,829.0,169.0,1780562643219,True,False,0.4351682934622952,0.09203293310633992,0.5752327756669309,0.0,0.505200534564613,0.04601646655316996,0.05045631527900696,0.0233767032623291,0.43426595628261566,0.6050129234790802,,1.0,WAIT_LOCK,False,locking:time,,,,,,-0.0648317065377048,-0.4079670668936601,0.07523277566693092,-0.6271616699970243
6,a28b3f78577e,597,T13,r00c06:u,row0_x72,829.0,169.0,1780562643253,True,False,0.43545309744001665,0.09189023932322327,0.5753040415596429,0.0,0.5053785694998297,0.04594511966161163,0.05043822526931763,0.023345142602920532,0.434262290596962,0.6050427556037903,,1.0,LOCKED_COLLECTING,False,locking,,,,,,-0.06454690255998334,-0.40810976067677673,0.07530404155964286,-0.6266414147631879
6,a28b3f78577e,598,T13,r00c06:u,row0_x72,829.0,169.0,1780562643286,True,False,0.4355059896587571,0.09145949244102136,0.5752803622939199,0.0,0.5053931759763385,0.04572974622051068,0.050433844327926636,0.023326873779296875,0.4342525005340576,0.605079710483551,,1.0,LOCKED_COLLECTING,True,,,,,,,-0.0644940103412429,-0.40854050755897864,0.07528036229391984,-0.6292617297180512
6,a28b3f78577e,599,T13,r00c06:u,row0_x72,829.0,169.0,1780562643321,True,False,0.4354392878166029,0.09051624422395238,0.5753530673490808,0.0,0.5053961775828418,0.04525812211197619,0.05042353272438049,0.0232713520526886,0.43423570692539215,0.6051344573497772,,1.0,LOCKED_COLLECTING,True,,,,,,,-0.06456071218339707,-0.4094837557760476,0.07535306734908075,-0.631589535515689
6,a28b3f78577e,600,T13,r00c06:u,row0_x72,829.0,169.0,1780562643353,True,False,0.4341563282708545,0.09002883058972067,0.5754146914057484,0.0,0.5047855098383014,0.04501441529486033,0.05044443905353546,0.023258090019226074,0.43417762219905853,0.6051556468009949,,1.0,LOCKED_COLLECTING,True,,,,,,,-0.06584367172914553,-0.40997116941027933,0.07541469140574844,-0.6339836907675616
6,a28b3f78577e,601,T13,r00c06:u,row0_x72,829.0,169.0,1780562643388,True,False,0.434209995796098,0.09034911350108576,0.5752909530478338,0.0,0.504750474421966,0.04517455675054288,0.0504351407289505,0.0232277512550354,0.43415747582912445,0.6052062213420868,,1.0,LOCKED_COLLECTING,True,,,,,,,-0.06579000420390205,-0.40965088649891424,0.07529095304783387,-0.6327568158013714
6,a28b3f78577e,602,T13,r00c06:u,row0_x72,829.0,169.0,1780562643421,True,False,0.43376376447631326,0.08953696621122337,0.5754182977805128,0.0,0.504591031128413,0.044768483105611684,0.05040983855724335,0.023208975791931152,0.4341290146112442,0.6052263379096985,,1.0,LOCKED_COLLECTING,True,,,,,,,-0.06623623552368675,-0.41046303378877663,0.07541829778051277,-0.6331959866514731
6,a28b3f78577e,603,T13,r00c06:u,row0_x72,829.0,169.0,1780562643455,True,False,0.4334034977629013,0.0888260487048878,0.575092755763269,0.0,0.5042481267630852,0.0444130243524439,0.05039103329181671,0.02320021390914917,0.4340984523296356,0.6052464544773102,,1.0,LOCKED_COLLECTING,True,,,,,,,-0.0665965022370987,-0.4111739512951122,0.07509275576326907,-0.6348374612832686
6,a28b3f78577e,604,T13,r00c06:u,row0_x72,829.0,169.0,1780562643488,True,False,0.43270636335367224,0.08893367085556109,0.575086655974779,0.0,0.5038965096642256,0.04446683542778054,0.05042806267738342,0.023201823234558105,0.43406231701374054,0.6052792072296143,,1.0,LOCKED_COLLECTING,True,,,,,,,-0.06729363664632775,-0.4110663291444389,0.07508665597477904,-0.6332158544878806
6,a28b3f78577e,605,T13,r00c06:u,row0_x72,829.0,169.0,1780562643523,True,False,0.4330367961650933,0.09366178927548163,0.5751182033862248,0.0,0.504077499775659,0.046830894637740816,0.050424009561538696,0.02321714162826538,0.4340670555830002,0.6053970754146576,,1.0,LOCKED_COLLECTING,True,,,,,,,-0.06696320383490674,-0.40633821072451837,0.07511820338622474,-0.6246621754702767
6,a28b3f78577e,606,T13,r00c06:u,row0_x72,829.0,169.0,1780562643556,True,False,0.43297858977612946,0.09141234918817298,0.5752305841670793,0.0,0.5041045869716043,0.04570617459408649,0.05044509470462799,0.023206889629364014,0.4340480715036392,0.6054253578186035,,1.0,LOCKED_COLLECTING,True,,,,,,,-0.06702141022387055,-0.408587650811827,0.0752305841670793,-0.6277473135437316
6,a28b3f78577e,607,T13,r00c06:u,row0_x72,829.0,169.0,1780562643591,True,False,0.43288344992354344,0.0890538515321671,0.5753230847854315,0.0,0.5041032673544874,0.04452692576608355,0.05044485628604889,0.02316412329673767,0.43403732776641846,0.6054314374923706,,1.0,LOCKED_COLLECTING,True,,,,,,,-0.06711655007645656,-0.4109461484678329,0.0753230847854315,-0.6333778796993144
6,a28b3f78577e,608,T13,r00c06:u,row0_x72,829.0,169.0,1780562643624,True,False,0.43271587477239515,0.0886035829813267,0.5753077157474068,0.0,0.504011795259901,0.04430179149066335,0.050449490547180176,0.023141145706176758,0.4340287297964096,0.605464905500412,,1.0,LOCKED_COLLECTING,True,,,,,,,-0.06728412522760488,-0.4113964170186733,0.07530771574740676,-0.6368160388199998
6,a28b3f78577e,609,T13,r00c06:u,row0_x72,829.0,169.0,1780562643658,True,False,0.4328692119231158,0.08607504323473603,0.5754752872227938,0.0,0.5041722495729548,0.04303752161736801,0.050440505146980286,0.02304631471633911,0.43403199315071106,0.6055543124675751,,1.0,LOCKED_COLLECTING,True,,,,,,,-0.06713078807688425,-0.413924956765264,0.0754752872227938,-0.6411848750275574
6,a28b3f78577e,610,T13,r00c06:u,row0_x72,829.0,169.0,1780562643693,True,False,0.4330785028084656,0.08730749731459597,0.5755336467388359,0.0,0.5043060747736507,0.043653748657297986,0.05043193697929382,0.022998422384262085,0.43403053283691406,0.6056622564792633,,1.0,LOCKED_COLLECTING,True,,,,,,,-0.06692149719153442,-0.41269250268540403,0.07553364673883586,-0.6421782338443933
6,a28b3f78577e,611,T13,r00c06:u,row0_x72,829.0,169.0,1780562643726,True,False,0.4335310005777576,0.08950211271837033,0.5760233147582193,0.0,0.5047771576679885,0.044751056359185165,0.05046539008617401,0.02303391695022583,0.4340207278728485,0.6057417392730713,,1.0,LOCKED_COLLECTING,True,,,,,,,-0.06646899942224241,-0.41049788728162967,0.07602331475821933,-0.6394645465084033
6,a28b3f78577e,612,T13,r00c06:u,row0_x72,829.0,169.0,1780562643759,True,False,0.43397231402359077,0.09107650789152949,0.5766653869727055,0.0,0.5053188504981482,0.045538253945764745,0.050522223114967346,0.023076355457305908,0.4339968413114548,0.6058098673820496,,1.0,LOCKED_COLLECTING,True,,,,,,,-0.06602768597640922,-0.4089234921084705,0.07666538697270557,-0.6309807481668958
6,a28b3f78577e,613,T13,r00c06:u,row0_x72,829.0,169.0,1780562643793,True,False,0.43413785572957503,0.09189155424287021,0.5771024581976198,0.0,0.5056201569635974,0.045945777121435105,0.050523459911346436,0.023069381713867188,0.43400096893310547,0.605861246585846,,1.0,LOCKED_COLLECTING,True,,,,,,,-0.06586214427042497,-0.4081084457571298,0.07710245819761988,-0.6295258387967488
6,a28b3f78577e,614,T13,r00c06:u,row0_x72,829.0,169.0,1780562643827,True,False,0.4337967895235816,0.08724014802095681,0.5776013040564937,0.0,0.5056990467900376,0.043620074010478405,0.05055256187915802,0.023061007261276245,0.43398188054561615,0.6058825850486755,,1.0,LOCKED_COLLECTING,True,,,,,,,-0.06620321047641844,-0.4127598519790432,0.0776013040564937,-0.6349555717552448
6,a28b3f78577e,615,T13,r00c06:u,row0_x72,829.0,169.0,1780562643862,True,False,0.4337998826478782,0.08195694563726014,0.5774867728410645,0.0,0.5056433277444714,0.04097847281863007,0.05057056248188019,0.023049980401992798,0.4339485168457031,0.6059020757675171,,1.0,LOCKED_COLLECTING,True,,,,,,,-0.06620011735212177,-0.41804305436273986,0.07748677284106456,-0.6409844973004125
6,a28b3f78577e,616,T13,r00c06:u,row0_x72,829.0,169.0,1780562643894,True,False,0.43409671557474494,0.07982379697188041,0.5771900796948729,0.0,0.5056433976348089,0.039911898485940206,0.05054013431072235,0.02304282784461975,0.4338962733745575,0.6059221625328064,,1.0,LOCKED_COLLECTING,True,,,,,,,-0.06590328442525506,-0.4201762030281196,0.0771900796948729,-0.6453387245323058
6,a28b3f78577e,617,T13,r00c06:u,row0_x72,829.0,169.0,1780562643929,True,False,0.4337148408275573,0.07671421434400633,0.5769476388484411,0.0,0.5053312398379992,0.03835710717200316,0.0505431592464447,0.023077815771102905,0.43384917080402374,0.6059606075286865,,1.0,LOCKED_COLLECTING,True,,,,,,,-0.0662851591724427,-0.4232857856559937,0.07694763884844114,-0.6510672502130405
6,a28b3f78577e,618,T13,r00c06:u,row0_x72,829.0,169.0,1780562643963,True,False,0.4339118105746929,0.07690595160947994,0.5771105253722276,0.0,0.5055111679734603,0.03845297580473997,0.050542548298835754,0.023093074560165405,0.4338350147008896,0.6060285866260529,,1.0,LOCKED_COLLECTING,True,,,,,,,-0.06608818942530709,-0.42309404839052006,0.07711052537222758,-0.6532401782657542
6,a28b3f78577e,619,T13,r00c06:u,row0_x72,829.0,169.0,1780562643996,True,False,0.43463099403652156,0.07981682910104271,0.5769578406043632,0.0,0.5057944173204424,0.039908414550521354,0.05054241418838501,0.023122459650039673,0.43381810188293457,0.6061313152313232,,1.0,LOCKED_COLLECTING,True,,,,,,,-0.06536900596347846,-0.4201831708989573,0.0769578406043632,-0.6546761443925819
6,a28b3f78577e,620,T13,r00c06:u,row0_x72,829.0,169.0,1780562644029,True,False,0.4349720859719006,0.07860841175835204,0.5768772804493331,0.0,0.5059246832106168,0.03930420587917602,0.050530850887298584,0.02312806248664856,0.4338115155696869,0.6061928868293762,,1.0,LOCKED_COLLECTING,True,,,,,,,-0.06502791402809936,-0.42139158824164796,0.07687728044933306,-0.6573738881771124
6,a28b3f78577e,621,T13,r00c06:u,row0_x72,829.0,169.0,1780562644063,True,False,0.4350730934111432,0.08346926848377512,0.5766772536621224,0.0,0.5058751735366328,0.04173463424188756,0.05052894353866577,0.02312740683555603,0.43380938470363617,0.6063164472579956,,1.0,LOCKED_COLLECTING,True,,,,,,,-0.06492690658885678,-0.4165307315162249,0.07667725366212244,-0.6513403501865855
6,a28b3f78577e,622,T13,r00c06:u,row0_x72,829.0,169.0,1780562644098,True,False,0.435098230330767,0.0827041293101945,0.5766823426182058,0.0,0.5058902864744864,0.04135206465509725,0.05051751434803009,0.0230807363986969,0.43381552398204803,0.6063829660415649,,1.0,LOCKED_COLLECTING,True,,,,,,,-0.06490176966923297,-0.4172958706898055,0.07668234261820583,-0.6544359457597851
6,a28b3f78577e,623,T13,r00c06:u,row0_x72,829.0,169.0,1780562644131,True,False,0.43500806674497106,0.08296777759243124,0.5767684177107935,0.0,0.5058882422278823,0.04148388879621562,0.050513505935668945,0.02306857705116272,0.4338131546974182,0.6064782738685608,,1.0,LOCKED_COLLECTING,True,,,,,,,-0.06499193325502893,-0.41703222240756876,0.07676841771079351,-0.656047858971668
6,a28b3f78577e,624,T13,r00c06:u,row0_x72,829.0,169.0,1780562644164,True,False,0.4349866466718748,0.08125505376850511,0.5768445152231858,0.0,0.5059155809475303,0.04062752688425256,0.05051153898239136,0.023085862398147583,0.43381211161613464,0.6065213680267334,,1.0,LOCKED_COLLECTING,True,,,,,,,-0.06501335332812518,-0.4187449462314949,0.07684451522318578,-0.6561327763674845
6,a28b3f78577e,625,T13,r00c06:u,row0_x72,829.0,169.0,1780562644200,True,False,0.4349683426789306,0.07976982573384733,0.577184555139558,0.0,0.5060764489092443,0.039884912866923666,0.05048196017742157,0.023066312074661255,0.43380826711654663,0.6066131293773651,,1.0,LOCKED_COLLECTING,True,,,,,,,-0.06503165732106939,-0.42023017426615267,0.07718455513955802,-0.6568516011754004
6,a28b3f78577e,626,T13,r00c06:u,row0_x72,829.0,169.0,1780562644233,True,False,0.43474299579701026,0.0799753300744091,0.57702715172665,0.0,0.5058850737618301,0.03998766503720455,0.05048942565917969,0.023025721311569214,0.43380092084407806,0.6066873669624329,,1.0,LOCKED_COLLECTING,True,,,,,,,-0.06525700420298976,-0.4200246699255909,0.07702715172665002,-0.6573305999807053
6,a28b3f78577e,627,T13,r00c06:u,row0_x72,829.0,169.0,1780562644267,True,False,0.43472751183857783,0.08437948988891825,0.5770075996114755,0.0,0.5058675557250267,0.04218974494445912,0.05048908293247223,0.023022204637527466,0.4337983727455139,0.6067969799041748,,1.0,LOCKED_COLLECTING,True,,,,,,,-0.06527248816142214,-0.41562051011108175,0.07700759961147552,-0.6515569734290216
6,a28b3f78577e,628,T13,r00c06:u,row0_x72,829.0,169.0,1780562644301,True,False,0.43490294514535155,0.0842941920596334,0.5772375271975384,0.0,0.506070236171445,0.0421470960298167,0.05047959089279175,0.023018687963485718,0.4338032901287079,0.6068593263626099,,1.0,LOCKED_COLLECTING,True,,,,,,,-0.06509705485464842,-0.4157058079403666,0.07723752719753842,-0.650079778614567
6,a28b3f78577e,629,T13,r00c06:u,row0_x72,829.0,169.0,1780562644335,True,False,0.43482730314263385,0.08560280522886904,0.5770779553849754,0.0,0.5059526292638046,0.04280140261443452,0.050482377409935,0.02306288480758667,0.4337993264198303,0.6069117784500122,,1.0,LOCKED_COLLECTING,True,,,,,,,-0.06517269685736612,-0.41439719477113096,0.07707795538497546,-0.6502315966205225
6,a28b3f78577e,630,T13,r00c06:u,row0_x72,829.0,169.0,1780562644369,True,False,0.434759815904603,0.08670880460310865,0.5769625797625509,0.0,0.505861197833577,0.04335440230155432,0.050487056374549866,0.023054897785186768,0.43379364907741547,0.6069759130477905,,1.0,LOCKED_COLLECTING,True,,,,,,,-0.06524018409539702,-0.41329119539689135,0.07696257976255097,-0.6491811104916516
6,a28b3f78577e,631,T13,r00c06:u,row0_x72,829.0,169.0,1780562644401,True,False,0.4343146342445522,0.08689458726146287,0.5767781384051652,0.0,0.5055463863248587,0.04344729363073144,0.05049329996109009,0.023052334785461426,0.43376922607421875,0.606980711221695,,1.0,LOCKED_COLLECTING,True,,,,,,,-0.06568536575544784,-0.4131054127385371,0.07677813840516526,-0.6506969503720241
6,a28b3f78577e,632,T13,r00c06:u,row0_x72,829.0,169.0,1780562644436,True,False,0.4343950144913615,0.08680002740050524,0.5769932791271534,0.0,0.5056941468092574,0.04340001370025262,0.0505041629076004,0.0230521559715271,0.43375226855278015,0.6069853901863098,,1.0,LOCKED_COLLECTING,True,,,,,,,-0.06560498550863852,-0.41319997259949476,0.07699327912715333,-0.6505241035424217
6,a28b3f78577e,633,T13,r00c06:u,row0_x72,829.0,169.0,1780562644469,True,False,0.43415115728558673,0.08687486632019109,0.5769541998612371,0.0,0.5055526785734119,0.043437433160095545,0.05051034688949585,0.023053407669067383,0.4337306469678879,0.6069896817207336,,1.0,LOCKED_COLLECTING,True,,,,,,,-0.06584884271441324,-0.4131251336798089,0.07695419986123711,-0.6503249294589936
6,a28b3f78577e,634,T14,r02c03:c,row2_x28,524.0,305.0,1780562646480,True,False,0.47351926195295396,0.1606859463629728,0.6200225266066328,0.061675821574909306,0.5467708942797934,0.11118088396894105,0.05057393014431,0.022688955068588257,0.4365343749523163,0.6106964945793152,,1.0,WAIT_LOCK,False,locking:time,,,,,,-0.02648073804704604,-0.3393140536370272,0.12002252660663286,-0.4383241784250907
6,a28b3f78577e,635,T14,r02c03:c,row2_x28,524.0,305.0,1780562646512,True,False,0.4749787492113206,0.16019800469869866,0.6199303695339093,0.0623039569241815,0.547454559372615,0.11125098081144008,0.05052606761455536,0.022679388523101807,0.4365956485271454,0.6107077598571777,,1.0,WAIT_LOCK,False,locking:time,,,,,,-0.025021250788679398,-0.33980199530130134,0.11993036953390931,-0.4376960430758185
6,a28b3f78577e,636,T14,r02c03:c,row2_x28,524.0,305.0,1780562646547,True,False,0.47542009959385845,0.15853371450082232,0.61981686566404,0.05966029747617485,0.5476184826289492,0.10909700598849859,0.05046805739402771,0.02266979217529297,0.436642125248909,0.6107105016708374,,1.0,WAIT_LOCK,False,locking:time,,,,,,-0.024579900406141535,-0.3414662854991777,0.11981686566404001,-0.44033970252382515
6,a28b3f78577e,637,T14,r02c03:c,row2_x28,524.0,305.0,1780562646581,True,False,0.47585565130896057,0.15655668520370147,0.6188643295638132,0.056460561675504284,0.5473599904363868,0.10650862343960288,0.05040736496448517,0.022664546966552734,0.4366923123598099,0.6107509136199951,,1.0,WAIT_LOCK,False,locking:time,,,,,,-0.024144348691039437,-0.3434433147962985,0.11886432956381315,-0.4435394383244957
6,a28b3f78577e,638,T14,r02c03:c,row2_x28,524.0,305.0,1780562646616,True,False,0.4764007304239656,0.16109254743932777,0.6191705756768704,0.06318014797688887,0.5477856530504179,0.11213634770810832,0.05039741098880768,0.02269047498703003,0.4368097335100174,0.6108525395393372,,1.0,WAIT_LOCK,False,locking:time,,,,,,-0.023599269576034435,-0.33890745256067223,0.11917057567687038,-0.43681985202311113
6,a28b3f78577e,639,T14,r02c03:c,row2_x28,524.0,305.0,1780562646649,True,False,0.47463496717093207,0.15949428798451604,0.6189333554069468,0.05816318749210986,0.5467841612889395,0.10882873773831295,0.050436705350875854,0.02268281579017639,0.43690402805805206,0.6108889877796173,,1.0,WAIT_LOCK,False,locking:time,,,,,,-0.025365032829067945,-0.34050571201548396,0.11893335540694686,-0.44183681250789014
6,a28b3f78577e,640,T14,r02c03:c,row2_x28,524.0,305.0,1780562646683,True,False,0.4733255985883442,0.16114923768262895,0.6182132855699342,0.06146960034526483,0.5457694420791392,0.11130941901394689,0.050456300377845764,0.02265992760658264,0.437005415558815,0.6109546422958374,,1.0,WAIT_LOCK,False,locking:time,,,,,,-0.026674401411655807,-0.33885076231737105,0.1182132855699342,-0.43853039965473517
6,a28b3f78577e,641,T14,r02c03:c,row2_x28,524.0,305.0,1780562646716,True,False,0.47225064207839385,0.163160729096526,0.6185603259980055,0.06447896518190271,0.5454054840381997,0.11381984713921436,0.05050957202911377,0.022650986909866333,0.43712589144706726,0.6110078692436218,,1.0,WAIT_LOCK,False,locking:time,,,,,,-0.02774935792160616,-0.336839270903474,0.11856032599800544,-0.4355210348180973
6,a28b3f78577e,642,T14,r02c03:c,row2_x28,524.0,305.0,1780562646750,True,False,0.472289020502756,0.16396950937742688,0.6180960259350923,0.064854238873577,0.5451925232189241,0.11441187412550194,0.050459131598472595,0.022636622190475464,0.4371938109397888,0.6110508143901825,,1.0,WAIT_LOCK,False,locking:time,,,,,,-0.027710979497243975,-0.3360304906225731,0.11809602593509226,-0.435145761126423
6,a28b3f78577e,643,T14,r02c03:c,row2_x28,524.0,305.0,1780562646784,True,False,0.47256054367059686,0.16353313711939577,0.6178303594131138,0.06387199005173894,0.5451954515418553,0.11370256358556735,0.05043356120586395,0.022644877433776855,0.4372759163379669,0.6110838651657104,,1.0,WAIT_LOCK,False,locking:time,,,,,,-0.02743945632940317,-0.33646686288060423,0.11783035941311384,-0.43612800994826106
6,a28b3f78577e,644,T14,r02c03:c,row2_x28,524.0,305.0,1780562646818,True,False,0.4724216325723544,0.1642988380327975,0.6182814418068143,0.0675207390685239,0.5453515371895844,0.1159097885506607,0.050436168909072876,0.02261960506439209,0.43732529878616333,0.6111305356025696,,1.0,WAIT_LOCK,False,locking:time,,,,,,-0.027578367427645585,-0.3357011619672025,0.11828144180681438,-0.4324792609314761
6,a28b3f78577e,645,T14,r02c03:c,row2_x28,524.0,305.0,1780562646852,True,False,0.47217619370621183,0.16405926064047593,0.6184168247417449,0.06661484825497643,0.5452965092239783,0.11533705444772618,0.050422146916389465,0.022602617740631104,0.43736062943935394,0.6111332476139069,,1.0,WAIT_LOCK,False,locking:time,,,,,,-0.027823806293788167,-0.33594073935952407,0.11841682474174485,-0.43338515174502357
6,a28b3f78577e,646,T14,r02c03:c,row2_x28,524.0,305.0,1780562646886,True,False,0.4727556874313956,0.1634726986344316,0.618511626948479,0.06629413656045541,0.5456336571899374,0.1148834175974435,0.0503896027803421,0.022587746381759644,0.43740180134773254,0.6111418902873993,,1.0,LOCKED_COLLECTING,False,locking,,,,,,-0.02724431256860437,-0.3365273013655684,0.11851162694847904,-0.4337058634395446
6,a28b3f78577e,647,T14,r02c03:c,row2_x28,524.0,305.0,1780562646920,True,False,0.4723376515443995,0.16305244082708087,0.6182618457039407,0.06602931328010964,0.5452997486241701,0.11454087705359525,0.050343483686447144,0.022579222917556763,0.43743060529232025,0.6111518442630768,,1.0,LOCKED_COLLECTING,True,,,,,,,-0.027662348455600512,-0.33694755917291913,0.11826184570394073,-0.43397068671989036
6,a28b3f78577e,648,T14,r02c03:c,row2_x28,524.0,305.0,1780562646955,True,False,0.4717261804506294,0.16216733993179616,0.6180754553109598,0.06442645664892177,0.5449008178807946,0.11329689829035897,0.050292566418647766,0.022580474615097046,0.4374430775642395,0.6111555397510529,,1.0,LOCKED_COLLECTING,True,,,,,,,-0.028273819549370603,-0.33783266006820384,0.11807545531095971,-0.43557354335107823
6,a28b3f78577e,649,T14,r02c03:c,row2_x28,524.0,305.0,1780562646988,True,False,0.4713980500326563,0.1618138506146743,0.6180067281726555,0.06313450842051821,0.5447023891026559,0.11247417951759625,0.050278693437576294,0.02260252833366394,0.437469482421875,0.6111684739589691,,1.0,LOCKED_COLLECTING,True,,,,,,,-0.028601949967343724,-0.3381861493853257,0.11800672817265541,-0.4368654915794818
6,a28b3f78577e,650,T14,r02c03:c,row2_x28,524.0,305.0,1780562647021,True,False,0.4713619145615313,0.16193309331449324,0.6179725510419094,0.061766612256233755,0.5446672328017204,0.1118498527853635,0.05028116703033447,0.022597134113311768,0.4375019371509552,0.6111743450164795,,1.0,LOCKED_COLLECTING,True,,,,,,,-0.028638085438468682,-0.33806690668550676,0.11797255104190944,-0.43823338774376625
6,a28b3f78577e,651,T14,r02c03:c,row2_x28,524.0,305.0,1780562647055,True,False,0.4712028501174862,0.16189532216790076,0.6180999351227224,0.06006456390469783,0.5446513926201043,0.1109799430362993,0.050239309668540955,0.022585958242416382,0.43754521012306213,0.6111808717250824,,1.0,LOCKED_COLLECTING,True,,,,,,,-0.028797149882513827,-0.33810467783209924,0.11809993512272247,-0.43993543609530217
6,a28b3f78577e,652,T14,r02c03:c,row2_x28,524.0,305.0,1780562647087,True,False,0.47104198769285544,0.1618815472021199,0.617673751018268,0.0586461198261492,0.5443578693555617,0.11026383351413455,0.050213515758514404,0.02259024977684021,0.4375606030225754,0.6111836433410645,,1.0,LOCKED_COLLECTING,True,,,,,,,-0.028958012307144544,-0.3381184527978801,0.11767375101826809,-0.4413538801738508
6,a28b3f78577e,653,T14,r02c03:c,row2_x28,524.0,305.0,1780562647124,True,False,0.4713255101412985,0.16184031514909714,0.6173333011406411,0.059665094374101835,0.5443294056409698,0.11075270476159949,0.05018952488899231,0.022592008113861084,0.43759874999523163,0.6111970245838165,,1.0,LOCKED_COLLECTING,True,,,,,,,-0.028674489858701538,-0.33815968485090286,0.11733330114064107,-0.44033490562589817
6,a28b3f78577e,654,T14,r02c03:c,row2_x28,524.0,305.0,1780562647156,True,False,0.47188532152222745,0.161461993713356,0.6176130934042178,0.05929148145303481,0.5447492074632226,0.11037673758319541,0.05017155408859253,0.022586584091186523,0.4376329630613327,0.611199289560318,,1.0,LOCKED_COLLECTING,True,,,,,,,-0.028114678477772527,-0.338538006286644,0.11761309340421774,-0.4407085185469652
6,a28b3f78577e,655,T14,r02c03:c,row2_x28,524.0,305.0,1780562647192,True,False,0.4720496015726366,0.1615384408152194,0.6173180063999597,0.0608355756897066,0.5446838039862981,0.111187008252463,0.05016361176967621,0.022574305534362793,0.4376576244831085,0.6112199127674103,,1.0,LOCKED_COLLECTING,True,,,,,,,-0.027950398427363386,-0.3384615591847806,0.11731800639995969,-0.4391644243102934
6,a28b3f78577e,656,T14,r02c03:c,row2_x28,524.0,305.0,1780562647223,True,False,0.47140793681191795,0.16151443996302173,0.6173674509667308,0.06104533548733254,0.5443876938893244,0.11127988772517713,0.05018490552902222,0.02257096767425537,0.4376874715089798,0.6112315356731415,,1.0,LOCKED_COLLECTING,True,,,,,,,-0.02859206318808208,-0.3384855600369783,0.11736745096673085,-0.43895466451266746
6,a28b3f78577e,657,T14,r02c03:c,row2_x28,524.0,305.0,1780562647257,True,False,0.4711541378392982,0.16121427953323897,0.6173471905354329,0.0622912539826328,0.5442506641873656,0.11175276675793588,0.05024236440658569,0.022589445114135742,0.4377486854791641,0.6112745702266693,,1.0,LOCKED_COLLECTING,True,,,,,,,-0.028845862160701778,-0.33878572046676103,0.11734719053543285,-0.4377087460173672
6,a28b3f78577e,658,T14,r02c03:c,row2_x28,524.0,305.0,1780562647291,True,False,0.4705886557487717,0.16058516992657917,0.6173132954595472,0.06173869264828746,0.5439509756041594,0.11116193128743332,0.050294965505599976,0.022603392601013184,0.43779265880584717,0.611284464597702,,1.0,LOCKED_COLLECTING,True,,,,,,,-0.029411344251228336,-0.3394148300734208,0.11731329545954713,-0.43826130735171254
6,a28b3f78577e,659,T14,r02c03:c,row2_x28,524.0,305.0,1780562647325,True,False,0.47180050148508257,0.15930231259181465,0.6184141315701981,0.061053818362321044,0.5451073165276403,0.11017806547706785,0.05034472048282623,0.022602438926696777,0.43789125978946686,0.6112885475158691,,1.0,LOCKED_COLLECTING,True,,,,,,,-0.028199498514917445,-0.34069768740818535,0.11841413157019806,-0.43894618163767896
6,a28b3f78577e,660,T14,r02c03:c,row2_x28,524.0,305.0,1780562647358,True,False,0.4719277058268534,0.1588914590548165,0.6191794720709459,0.06221572046174606,0.5455535889488996,0.11055358975828128,0.05045329034328461,0.022627830505371094,0.4379836320877075,0.611299455165863,,1.0,LOCKED_COLLECTING,True,,,,,,,-0.028072294173146585,-0.3411085409451835,0.11917947207094592,-0.43778427953825394
6,a28b3f78577e,661,T14,r02c03:c,row2_x28,524.0,305.0,1780562647392,True,False,0.4723732854486873,0.15860349122104023,0.6190094022068646,0.06114502077640105,0.545691343827776,0.10987425599872064,0.05045393109321594,0.022664785385131836,0.4380282312631607,0.6113231182098389,,1.0,LOCKED_COLLECTING,True,,,,,,,-0.027626714551312714,-0.3413965087789598,0.11900940220686464,-0.43885497922359895
6,a28b3f78577e,662,T14,r02c03:c,row2_x28,524.0,305.0,1780562647429,True,False,0.47226110409287025,0.1628347091855692,0.6184936371986022,0.06439569472995915,0.5453773706457362,0.11361520195776417,0.050487980246543884,0.02273675799369812,0.4380427747964859,0.6113765239715576,,1.0,LOCKED_COLLECTING,True,,,,,,,-0.02773889590712973,-0.3371652908144308,0.11849363719860218,-0.43560430527004085
6,a28b3f78577e,663,T14,r02c03:c,row2_x28,524.0,305.0,1780562647459,True,False,0.472330511358365,0.1651696860418086,0.6182641955452252,0.06600337782722021,0.5452973534517951,0.1155865319345144,0.0505080372095108,0.022784382104873657,0.43805426359176636,0.6114124953746796,,1.0,LOCKED_COLLECTING,True,,,,,,,-0.02766948864163499,-0.3348303139581914,0.11826419554522512,-0.4339966221727798
6,a28b3f78577e,664,T14,r02c03:c,row2_x28,524.0,305.0,1780562647494,True,False,0.47254628736253596,0.16481427343774435,0.6181749446614779,0.06554298225045535,0.5453606160120069,0.11517862784409985,0.05054251849651337,0.022790461778640747,0.4380907565355301,0.6114194989204407,,1.0,LOCKED_COLLECTING,True,,,,,,,-0.027453712637464045,-0.33518572656225565,0.11817494466147797,-0.43445701774954465
6,a28b3f78577e,665,T14,r02c03:c,row2_x28,524.0,305.0,1780562647528,True,False,0.47405082494454914,0.16401733379388672,0.6182017487438562,0.06581832311240005,0.5461262868442027,0.11491782845314338,0.05053582787513733,0.02280256152153015,0.43814416229724884,0.6114305555820465,,1.0,LOCKED_COLLECTING,True,,,,,,,-0.025949175055450836,-0.3359826662061133,0.11820174874385622,-0.43418167688759995
6,a28b3f78577e,666,T14,r02c03:c,row2_x28,524.0,305.0,1780562647562,True,False,0.47401523360018566,0.163321493804432,0.6186410729439719,0.06501537131047314,0.5463281532720787,0.11416843255745257,0.050551652908325195,0.02280983328819275,0.43817514181137085,0.6114345490932465,,1.0,LOCKED_COLLECTING,True,,,,,,,-0.025984766399814334,-0.336678506195568,0.11864107294397187,-0.43498462868952686
6,a28b3f78577e,667,T14,r02c03:c,row2_x28,524.0,305.0,1780562647595,True,False,0.4740936577822241,0.16289431851902075,0.6187328362647986,0.0637253322498898,0.5464132470235114,0.11330982538445528,0.05055825412273407,0.022807449102401733,0.4381868839263916,0.6114368140697479,,1.0,LOCKED_COLLECTING,True,,,,,,,-0.025906342217775883,-0.33710568148097925,0.11873283626479858,-0.4362746677501102
6,a28b3f78577e,668,T14,r02c03:c,row2_x28,524.0,305.0,1780562647629,True,False,0.4740600910081767,0.162818297281072,0.6187331925762033,0.06396887150090208,0.5463966417921899,0.11339358439098704,0.05055968463420868,0.022802233695983887,0.4381900876760483,0.6114439964294434,,1.0,LOCKED_COLLECTING,True,,,,,,,-0.025939908991823274,-0.337181702718928,0.11873319257620328,-0.4360311284990979
6,a28b3f78577e,669,T14,r02c03:c,row2_x28,524.0,305.0,1780562647664,True,False,0.4739557021179966,0.16029596374907928,0.6187591915644526,0.061025303346888604,0.5463574468412246,0.11066063354798394,0.050529852509498596,0.022769808769226074,0.43818624317646027,0.6114279627799988,,1.0,LOCKED_COLLECTING,True,,,,,,,-0.026044297882003416,-0.3397040362509207,0.11875919156445254,-0.4389746966531114
6,a28b3f78577e,670,T14,r02c03:c,row2_x28,524.0,305.0,1780562647697,True,False,0.4738272550811489,0.15977016051547355,0.6187502327606915,0.060935413744625244,0.5462887439209202,0.1103527871300494,0.050526782870292664,0.022766977548599243,0.43818508088588715,0.6114259958267212,,1.0,LOCKED_COLLECTING,True,,,,,,,-0.026172744918851056,-0.34022983948452645,0.11875023276069152,-0.43906458625537476
6,a28b3f78577e,671,T14,r02c03:c,row2_x28,524.0,305.0,1780562647732,True,False,0.4736309472289607,0.16008638466218322,0.6185677172325311,0.06076353400630208,0.5460993322307459,0.11042495933424265,0.05052654445171356,0.022782593965530396,0.43817710876464844,0.6114271879196167,,1.0,LOCKED_COLLECTING,True,,,,,,,-0.02636905277103931,-0.3399136153378168,0.1185677172325311,-0.4392364659936979
6,a28b3f78577e,672,T14,r02c03:c,row2_x28,524.0,305.0,1780562647765,True,False,0.4733818619429713,0.15993852967854882,0.6181584207195414,0.06057113637078598,0.5457701413312563,0.1102548330246674,0.05052259564399719,0.022785216569900513,0.43816132843494415,0.6114249229431152,,1.0,LOCKED_COLLECTING,True,,,,,,,-0.02661813805702869,-0.3400614703214512,0.11815842071954137,-0.439428863629214
6,a28b3f78577e,673,T14,r02c03:c,row2_x28,524.0,305.0,1780562647801,True,False,0.47339833925734326,0.15905483271782384,0.6181326917269756,0.06003561170720889,0.5457655154921595,0.10954522221251636,0.05051566660404205,0.022785156965255737,0.43816110491752625,0.6114221215248108,,1.0,LOCKED_COLLECTING,True,,,,,,,-0.026601660742656737,-0.34094516728217616,0.11813269172697556,-0.4399643882927911
6,a28b3f78577e,674,T14,r02c03:c,row2_x28,524.0,305.0,1780562647834,True,False,0.473459315673349,0.15972104679093468,0.6181054105170174,0.06042643877685511,0.5457823630951832,0.1100737427838949,0.05051584541797638,0.022804081439971924,0.4381628781557083,0.6114291250705719,,1.0,LOCKED_COLLECTING,True,,,,,,,-0.026540684326651014,-0.3402789532090653,0.11810541051701742,-0.4395735612231449
6,a28b3f78577e,675,T14,r02c03:c,row2_x28,524.0,305.0,1780562647867,True,False,0.47366394878115065,0.15977847919156424,0.6184168308772455,0.06073050635091426,0.5460403898291981,0.11025449277123925,0.050528332591056824,0.022825688123703003,0.43817563354969025,0.6114301979541779,,1.0,LOCKED_COLLECTING,True,,,,,,,-0.02633605121884936,-0.34022152080843576,0.11841683087724551,-0.43926949364908574
6,a28b3f78577e,676,T14,r02c03:c,row2_x28,524.0,305.0,1780562647901,True,False,0.4742779271565596,0.15966203732552564,0.6187926947225293,0.06104701476511193,0.5465353109395444,0.11035452604531878,0.05050422251224518,0.022822588682174683,0.4381784498691559,0.6114311516284943,,1.0,LOCKED_COLLECTING,True,,,,,,,-0.02572207284344041,-0.34033796267447436,0.11879269472252928,-0.43895298523488807
6,a28b3f78577e,677,T14,r02c03:c,row2_x28,524.0,305.0,1780562647936,True,False,0.474455582350797,0.1600065682493157,0.618977098372377,0.0624290691432427,0.546716340361587,0.1112178186962792,0.05052509903907776,0.022832870483398438,0.43817970156669617,0.6114368736743927,,1.0,LOCKED_COLLECTING,True,,,,,,,-0.02554441764920299,-0.3399934317506843,0.11897709837237706,-0.4375709308567573
6,a28b3f78577e,678,T14,r02c03:c,row2_x28,524.0,305.0,1780562647969,True,False,0.47415316360845705,0.1601211111801823,0.6193446228362778,0.06308017118906756,0.5467488932223674,0.11160064118462493,0.050521522760391235,0.022828757762908936,0.4381692558526993,0.6114294528961182,,1.0,LOCKED_COLLECTING,True,,,,,,,-0.025846836391542945,-0.3398788888198177,0.11934462283627774,-0.43691982881093244
6,a28b3f78577e,679,T14,r02c03:c,row2_x28,524.0,305.0,1780562648002,True,False,0.4741710091464553,0.16015535786898533,0.6196395867039366,0.06186128224137222,0.5469052979251959,0.11100832005517877,0.0505090057849884,0.02282780408859253,0.43816429376602173,0.6114132702350616,,1.0,LOCKED_COLLECTING,True,,,,,,,-0.025828990853544696,-0.3398446421310147,0.11963958670393662,-0.4381387177586278
6,a28b3f78577e,680,T14,r02c03:c,row2_x28,524.0,305.0,1780562648036,True,False,0.47391718227649793,0.1605739761716441,0.6192949945941846,0.062192253136398756,0.5466060884353412,0.11138311465402143,0.05050915479660034,0.022827565670013428,0.43813878297805786,0.6114135682582855,,1.0,LOCKED_COLLECTING,True,,,,,,,-0.026082817723502058,-0.3394260238283559,0.11929499459418455,-0.43780774686360124
6,a28b3f78577e,681,T14,r02c03:c,row2_x28,524.0,305.0,1780562648071,True,False,0.4737844640306345,0.16069442081871177,0.6189057994667385,0.062068888338023376,0.5463451317486865,0.11138165457836757,0.05050081014633179,0.02282613515853882,0.43811143934726715,0.6114123165607452,,1.0,LOCKED_COLLECTING,True,,,,,,,-0.026215535969365492,-0.33930557918128823,0.1189057994667385,-0.4379311116619766
6,a28b3f78577e,682,T14,r02c03:c,row2_x28,524.0,305.0,1780562648104,True,False,0.4735794061204684,0.16064569477181662,0.6185497735873129,0.061677820868743904,0.5460645898538906,0.11116175782028026,0.05047132074832916,0.02282583713531494,0.4380788952112198,0.6114041209220886,,1.0,LOCKED_COLLECTING,True,,,,,,,-0.026420593879531627,-0.3393543052281834,0.11854977358731283,-0.4383221791312561
6,a28b3f78577e,683,T15,r02c05:b,row2_x72,755.0,305.0,1780562650097,True,False,0.4436019205278397,0.1578867071262196,0.5886666371956352,0.0,0.5161342788617375,0.0789433535631098,0.05038270354270935,0.02238813042640686,0.4351953864097595,0.6135658621788025,,1.0,WAIT_LOCK,False,locking:time,,,,,,-0.056398079472160315,-0.3421132928737804,0.08866663719563521,-0.5154234671761327
6,a28b3f78577e,684,T15,r02c05:b,row2_x72,755.0,305.0,1780562650130,True,False,0.44391022040106487,0.15916380135359354,0.5888475178307967,0.0,0.5163788691159308,0.07958190067679677,0.05040939152240753,0.022405236959457397,0.43518465757369995,0.6135890185832977,,1.0,WAIT_LOCK,False,locking:time,,,,,,-0.05608977959893513,-0.34083619864640646,0.08884751783079667,-0.5148120139012295
6,a28b3f78577e,685,T15,r02c05:b,row2_x72,755.0,305.0,1780562650165,True,False,0.44380323729208493,0.15747231143158275,0.5889084493676691,0.0,0.5163558433298769,0.07873615571579137,0.05041782557964325,0.022429972887039185,0.43517133593559265,0.61360964179039,,1.0,WAIT_LOCK,False,locking:time,,,,,,-0.05619676270791504,-0.34252768856841725,0.08890844936766905,-0.5150499486203208
6,a28b3f78577e,686,T15,r02c05:b,row2_x72,755.0,305.0,1780562650198,True,False,0.4438248866824321,0.15669743017161558,0.5890013932433212,0.0,0.5164131399628766,0.07834871508580779,0.050416961312294006,0.022457152605056763,0.43516749143600464,0.6136139631271362,,1.0,WAIT_LOCK,False,locking:time,,,,,,-0.056175113317567894,-0.3433025698283844,0.08900139324332122,-0.5150788962987712
6,a28b3f78577e,687,T15,r02c05:b,row2_x72,755.0,305.0,1780562650233,True,False,0.4438347558636657,0.15578470801413835,0.588928865876963,0.0,0.5163818108703144,0.07789235400706918,0.050412848591804504,0.02248576283454895,0.4351525455713272,0.6136259436607361,,1.0,WAIT_LOCK,False,locking:time,,,,,,-0.056165244136334294,-0.34421529198586165,0.08892886587696304,-0.5156638836193443
6,a28b3f78577e,688,T15,r02c05:b,row2_x72,755.0,305.0,1780562650266,True,False,0.4439418233722241,0.15572364059827254,0.588909548966697,0.0,0.5164256861694605,0.07786182029913627,0.050419002771377563,0.02250257134437561,0.4351502060890198,0.6136332452297211,,1.0,WAIT_LOCK,False,locking:time,,,,,,-0.05605817662777588,-0.34427635940172746,0.08890954896669696,-0.5139791601539893
6,a28b3f78577e,689,T15,r02c05:b,row2_x72,755.0,305.0,1780562650301,True,False,0.4440164375605867,0.15632311565729817,0.5888791753681063,0.0,0.5164478064643465,0.07816155782864909,0.05042141675949097,0.022524356842041016,0.4351487159729004,0.6136436462402344,,1.0,WAIT_LOCK,False,locking:time,,,,,,-0.05598356243941334,-0.3436768843427018,0.08887917536810626,-0.5119687141247071
6,a28b3f78577e,690,T15,r02c05:b,row2_x72,755.0,305.0,1780562650333,True,False,0.4439810296495066,0.1562823937222148,0.588737808162768,0.0,0.5163594189061373,0.0781411968611074,0.05042886734008789,0.02254071831703186,0.43514545261859894,0.6136528849601746,,1.0,WAIT_LOCK,False,locking:time,,,,,,-0.05601897035049342,-0.3437176062777852,0.08873780816276802,-0.5107301968335752
6,a28b3f78577e,691,T15,r02c05:b,row2_x72,755.0,305.0,1780562650367,True,False,0.4440477966360949,0.15617280826777252,0.5888116431704407,0.0,0.5164297199032678,0.07808640413388626,0.05044178664684296,0.022535353899002075,0.4351436346769333,0.6136438548564911,,1.0,WAIT_LOCK,False,locking:time,,,,,,-0.05595220336390509,-0.3438271917322275,0.0888116431704407,-0.5120407351651443
6,a28b3f78577e,692,T15,r02c05:b,row2_x72,755.0,305.0,1780562650400,True,False,0.44391323194873517,0.1557211583476547,0.5888980174632792,0.0,0.5164056247060071,0.07786057917382735,0.05043196678161621,0.022529125213623047,0.43514248728752136,0.6136367619037628,,1.0,WAIT_LOCK,False,locking:time,,,,,,-0.05608676805126485,-0.3442788416523453,0.08889801746327916,-0.5139116936005769
6,a28b3f78577e,693,T15,r02c05:b,row2_x72,755.0,305.0,1780562650435,True,False,0.44408430714045655,0.15567433008637793,0.5887674519631618,0.0,0.5164258795518092,0.07783716504318897,0.05041097104549408,0.02251419425010681,0.43514472246170044,0.6136335730552673,,1.0,WAIT_LOCK,False,locking:time,,,,,,-0.05591569285954345,-0.34432566991362207,0.08876745196316178,-0.5145372057383698
6,a28b3f78577e,694,T15,r02c05:b,row2_x72,755.0,305.0,1780562650468,True,False,0.4442714639431664,0.15629578287460266,0.5886055492062813,0.0,0.5164385065747239,0.07814789143730133,0.050406575202941895,0.022544175386428833,0.4351493567228317,0.6136374473571777,,1.0,WAIT_LOCK,False,locking:time,,,,,,-0.05572853605683357,-0.34370421712539734,0.08860554920628123,-0.5131099470489917
6,a28b3f78577e,695,T15,r02c05:b,row2_x72,755.0,305.0,1780562650503,True,False,0.44422280082009286,0.1562770770778102,0.5886469630057337,0.0,0.5164348819129133,0.0781385385389051,0.05040682852268219,0.022562921047210693,0.43514811992645264,0.6136421859264374,,1.0,LOCKED_COLLECTING,False,locking,,,,,,-0.05577719917990714,-0.3437229229221898,0.08864696300573374,-0.5138134243176871
6,a28b3f78577e,696,T15,r02c05:b,row2_x72,755.0,305.0,1780562650536,True,False,0.4442819078681882,0.15667061054410036,0.5885355778059265,0.0,0.5164087428370574,0.07833530527205018,0.05042661726474762,0.022567003965377808,0.435160756111145,0.6136444509029388,,1.0,LOCKED_COLLECTING,True,,,,,,,-0.055718092131811774,-0.34332938945589964,0.08853557780592643,-0.5130514202497231
6,a28b3f78577e,697,T15,r02c05:b,row2_x72,755.0,305.0,1780562650570,True,False,0.4442537031578267,0.1571675125616483,0.5883756821488799,0.0,0.5163146926533533,0.07858375628082415,0.05043749511241913,0.022578686475753784,0.43516363203525543,0.6136461198329926,,1.0,LOCKED_COLLECTING,True,,,,,,,-0.05574629684217328,-0.3428324874383517,0.0883756821488799,-0.5125051813899166
6,a28b3f78577e,698,T15,r02c05:b,row2_x72,755.0,305.0,1780562650604,True,False,0.4443321929587694,0.1581235744153986,0.5882493949466151,0.0,0.5162907939526923,0.0790617872076993,0.05043311417102814,0.022590458393096924,0.4351620674133301,0.6136513948440552,,1.0,LOCKED_COLLECTING,True,,,,,,,-0.055667807041230595,-0.3418764255846014,0.08824939494661509,-0.5094327116322869
6,a28b3f78577e,699,T15,r02c05:b,row2_x72,755.0,305.0,1780562650638,True,False,0.44435051072084397,0.1593938727866518,0.5881581862435991,0.0,0.5162543484822215,0.0796969363933259,0.05043216049671173,0.022610217332839966,0.43516136705875397,0.6136588156223297,,1.0,LOCKED_COLLECTING,True,,,,,,,-0.055649489279156014,-0.3406061272133482,0.08815818624359906,-0.5067786473968358
6,a28b3f78577e,700,T15,r02c05:b,row2_x72,755.0,305.0,1780562650670,True,False,0.44439114211322905,0.1620157189767688,0.5880553949194223,0.0,0.5162232685163257,0.0810078594883844,0.05043494701385498,0.022626489400863647,0.4351614862680435,0.6136837601661682,,1.0,LOCKED_COLLECTING,True,,,,,,,-0.055608857886770925,-0.3379842810232312,0.08805539491942224,-0.5046549324451257
6,a28b3f78577e,701,T15,r02c05:b,row2_x72,755.0,305.0,1780562650705,True,False,0.44432271176845944,0.16191514300339538,0.588254817116588,0.0,0.5162887644425237,0.08095757150169769,0.05045168101787567,0.022619307041168213,0.4351579546928406,0.6136897206306458,,1.0,LOCKED_COLLECTING,True,,,,,,,-0.05567728823154058,-0.3380848569966046,0.08825481711658806,-0.5046958493391585
6,a28b3f78577e,702,T15,r02c05:b,row2_x72,755.0,305.0,1780562650740,True,False,0.4442844029563354,0.16122283043176144,0.5887523911122517,0.0,0.5165183970342936,0.08061141521588072,0.05049802362918854,0.0226096510887146,0.4351404011249542,0.6137026846408844,,1.0,LOCKED_COLLECTING,True,,,,,,,-0.05571559704366457,-0.33877716956823856,0.08875239111225171,-0.504472231682222
6,a28b3f78577e,703,T15,r02c05:b,row2_x72,755.0,305.0,1780562650772,True,False,0.44440309042916915,0.15941811583042054,0.5887918232171101,0.0,0.5165974568231396,0.07970905791521027,0.05052560567855835,0.022618472576141357,0.43512769043445587,0.6137173473834991,,1.0,LOCKED_COLLECTING,True,,,,,,,-0.05559690957083088,-0.34058188416957946,0.0887918232171101,-0.5083249038547436
6,a28b3f78577e,704,T15,r02c05:b,row2_x72,755.0,305.0,1780562650806,True,False,0.444749916685782,0.15920478363763707,0.5891262295716995,0.0,0.5169380731287407,0.07960239181881854,0.05052822828292847,0.02262169122695923,0.43511486053466797,0.6137502491474152,,1.0,LOCKED_COLLECTING,True,,,,,,,-0.05525008331421802,-0.34079521636236293,0.0891262295716995,-0.5083162083636852
6,a28b3f78577e,705,T15,r02c05:b,row2_x72,755.0,305.0,1780562650839,True,False,0.4448972683896257,0.1593597666907321,0.5891717884590671,0.0,0.5170345284243464,0.07967988334536605,0.05053688585758209,0.022623270750045776,0.4351048469543457,0.6138058006763458,,1.0,LOCKED_COLLECTING,True,,,,,,,-0.05510273161037432,-0.3406402333092679,0.08917178845906713,-0.5096686569369697
6,a28b3f78577e,706,T15,r02c05:b,row2_x72,755.0,305.0,1780562650873,True,False,0.44507828839788116,0.154415246421941,0.5892422530866374,0.0,0.5171602707422592,0.0772076232109705,0.050533369183540344,0.022628426551818848,0.4350852072238922,0.6138201653957367,,1.0,LOCKED_COLLECTING,True,,,,,,,-0.054921711602118846,-0.345584753578059,0.0892422530866374,-0.5185517393600519
6,a28b3f78577e,707,T15,r02c05:b,row2_x72,755.0,305.0,1780562650907,True,False,0.4458094121095371,0.1549076080955465,0.5891893640726525,0.0,0.5174993880910949,0.07745380404777324,0.050551339983940125,0.022592782974243164,0.4350435882806778,0.6139030754566193,,1.0,LOCKED_COLLECTING,True,,,,,,,-0.054190587890462875,-0.3450923919044535,0.08918936407265252,-0.5202642661604583
6,a28b3f78577e,708,T15,r02c05:b,row2_x72,755.0,305.0,1780562650940,True,False,0.4459541943805014,0.15473847782875227,0.5892320663598212,0.0,0.5175931303701613,0.07736923891437614,0.05056646466255188,0.022565335035324097,0.4349982887506485,0.6139546632766724,,1.0,LOCKED_COLLECTING,True,,,,,,,-0.0540458056194986,-0.3452615221712477,0.0892320663598212,-0.5214609970977111
6,a28b3f78577e,709,T15,r02c05:b,row2_x72,755.0,305.0,1780562650974,True,False,0.4458527588496033,0.153533747181675,0.5893067911229207,0.0,0.5175797749862621,0.0767668735908375,0.05057650804519653,0.02255767583847046,0.43498562276363373,0.6139893531799316,,1.0,LOCKED_COLLECTING,True,,,,,,,-0.054147241150396715,-0.346466252818325,0.08930679112292071,-0.5245457069660477
6,a28b3f78577e,710,T15,r02c05:b,row2_x72,755.0,305.0,1780562651007,True,False,0.44584688446845144,0.15174308259438163,0.5897483764574549,0.0,0.5177976304629532,0.07587154129719081,0.050571009516716,0.02256801724433899,0.434982106089592,0.6140342056751251,,1.0,LOCKED_COLLECTING,True,,,,,,,-0.054153115531548585,-0.34825691740561837,0.08974837645745498,-0.5275930475620145
6,a28b3f78577e,711,T15,r02c05:b,row2_x72,755.0,305.0,1780562651040,True,False,0.44547701858913347,0.15138158268041385,0.5901380514745591,0.0,0.5178075350318463,0.07569079134020693,0.050583645701408386,0.02257499098777771,0.4349559545516968,0.6140906810760498,,1.0,LOCKED_COLLECTING,True,,,,,,,-0.05452298141086655,-0.34861841731958615,0.09013805147455911,-0.5279991589903049
6,a28b3f78577e,712,T15,r02c05:b,row2_x72,755.0,305.0,1780562651074,True,False,0.4453161232310938,0.15035771932216901,0.590383347532456,0.0,0.5178497353817749,0.07517885966108451,0.05057471990585327,0.02255210280418396,0.4349477291107178,0.6141355335712433,,1.0,LOCKED_COLLECTING,True,,,,,,,-0.05468387676890618,-0.349642280677831,0.09038334753245607,-0.5306071613102923
6,a28b3f78577e,713,T15,r02c05:b,row2_x72,755.0,305.0,1780562651109,True,False,0.44488750843415054,0.14770291519529088,0.5904603562568399,0.0,0.5176739323454952,0.07385145759764544,0.05057622492313385,0.02258765697479248,0.4349319189786911,0.6141628324985504,,1.0,LOCKED_COLLECTING,True,,,,,,,-0.05511249156584946,-0.3522970848047091,0.09046035625683992,-0.5348220629915846
6,a28b3f78577e,714,T15,r02c05:b,row2_x72,755.0,305.0,1780562651142,True,False,0.44530293791870634,0.1479604112960819,0.5903907292615188,0.0,0.5178468335901125,0.07398020564804095,0.050559431314468384,0.022570163011550903,0.4349297732114792,0.6142460405826569,,1.0,LOCKED_COLLECTING,True,,,,,,,-0.05469706208129364,-0.3520395887039181,0.09039072926151884,-0.5319261332468295
6,a28b3f78577e,715,T15,r02c05:b,row2_x72,755.0,305.0,1780562651176,True,False,0.4453140240647996,0.1488321505855994,0.590181031064114,0.0,0.5177475275644567,0.0744160752927997,0.050558626651763916,0.02258974313735962,0.43492376804351807,0.614312618970871,,1.0,LOCKED_COLLECTING,True,,,,,,,-0.054685975935200415,-0.3511678494144006,0.09018103106411404,-0.5292400872436056
6,a28b3f78577e,716,T15,r02c05:b,row2_x72,755.0,305.0,1780562651210,True,False,0.44525817333552975,0.1521715726053411,0.5900929007244313,0.0,0.5176755370299806,0.07608578630267054,0.05055570602416992,0.022638410329818726,0.434917151927948,0.6144366562366486,,1.0,LOCKED_COLLECTING,True,,,,,,,-0.05474182666447022,-0.3478284273946589,0.09009290072443138,-0.5244641898422964
6,a28b3f78577e,717,T15,r02c05:b,row2_x72,755.0,305.0,1780562651245,True,False,0.44517691232601464,0.1533649787601355,0.5901010062713737,0.0,0.5176389592986942,0.07668248938006775,0.050549522042274475,0.022653907537460327,0.4349057078361511,0.6144912540912628,,1.0,LOCKED_COLLECTING,True,,,,,,,-0.05482308767398535,-0.3466350212398645,0.09010100627137377,-0.5220172215404386
6,a28b3f78577e,718,T15,r02c05:b,row2_x72,755.0,305.0,1780562651278,True,False,0.44514960238567647,0.15470117955969914,0.5901342240546474,0.0,0.517641913220162,0.07735058977984957,0.0505538284778595,0.022690147161483765,0.43490107357501984,0.6145749092102051,,1.0,LOCKED_COLLECTING,True,,,,,,,-0.054850397614323504,-0.34529882044030086,0.0901342240546474,-0.522381488961005
6,a28b3f78577e,719,T15,r02c05:b,row2_x72,755.0,305.0,1780562651311,True,False,0.4451471762914851,0.1554541215255389,0.589717067351078,0.0,0.5174321218212815,0.07772706076276945,0.05055767297744751,0.022716253995895386,0.43489012122154236,0.6146458983421326,,1.0,LOCKED_COLLECTING,True,,,,,,,-0.05485282370851493,-0.3445458784744611,0.089717067351078,-0.5194779526231548
6,a28b3f78577e,720,T15,r02c05:b,row2_x72,755.0,305.0,1780562651344,True,False,0.44492963860400014,0.15059085973715325,0.5896708302322408,0.0,0.5173002344181205,0.07529542986857662,0.050555676221847534,0.022758424282073975,0.4348830580711365,0.6147101521492004,,1.0,LOCKED_COLLECTING,True,,,,,,,-0.05507036139599983,-0.34940914026284675,0.08967083023224076,-0.5277443141929893
6,a28b3f78577e,721,T15,r02c05:b,row2_x72,755.0,305.0,1780562651377,True,False,0.4445248053026408,0.14993025242361097,0.5896086072245927,0.0,0.5170667062636167,0.07496512621180548,0.05057400465011597,0.02276727557182312,0.43487051129341125,0.6147691011428833,,1.0,LOCKED_COLLECTING,True,,,,,,,-0.05547519469735916,-0.35006974757638903,0.08960860722459268,-0.5275355542939395
6,a28b3f78577e,722,T15,r02c05:b,row2_x72,755.0,305.0,1780562651412,True,False,0.443717022275147,0.14680784762757704,0.5895340024334415,0.0,0.5166255123542942,0.07340392381378852,0.05059996247291565,0.022801190614700317,0.43484365940093994,0.6148219108581543,,1.0,LOCKED_COLLECTING,True,,,,,,,-0.056282977724852995,-0.35319215237242296,0.08953400243344146,-0.5316236675268396
6,a28b3f78577e,723,T15,r02c05:b,row2_x72,755.0,305.0,1780562651457,True,False,0.44378611325857104,0.14709681752109605,0.589611863678293,0.0,0.516698988468432,0.07354840876054802,0.05060896277427673,0.022746801376342773,0.4348386526107788,0.6148813366889954,,1.0,LOCKED_COLLECTING,True,,,,,,,-0.05621388674142896,-0.35290318247890395,0.08961186367829296,-0.5303021632059474
6,a28b3f78577e,724,T15,r02c05:b,row2_x72,755.0,305.0,1780562651487,True,False,0.44353483779816527,0.14586999807195705,0.589627731220326,0.0,0.5165812845092457,0.07293499903597853,0.05060891807079315,0.02271285653114319,0.43483227491378784,0.6149128377437592,,1.0,LOCKED_COLLECTING,True,,,,,,,-0.0564651622018347,-0.35413000192804295,0.08962773122032591,-0.5328519384433336
6,a28b3f78577e,725,T15,r02c05:b,row2_x72,755.0,305.0,1780562651520,True,False,0.4435546019566443,0.1472772422799492,0.5895849788971157,0.0,0.51656979042688,0.0736386211399746,0.05061092972755432,0.022685647010803223,0.434829980134964,0.6149518489837646,,1.0,LOCKED_COLLECTING,True,,,,,,,-0.056445398043355695,-0.3527227577200508,0.0895849788971157,-0.531492087757296
6,a28b3f78577e,726,T15,r02c05:b,row2_x72,755.0,305.0,1780562651552,True,False,0.4435157143904481,0.14796031121385772,0.5897593580934603,0.0,0.5166375362419542,0.07398015560692886,0.050626590847969055,0.02265581488609314,0.4348198473453522,0.614991307258606,,1.0,LOCKED_COLLECTING,True,,,,,,,-0.056484285609551876,-0.3520396887861423,0.08975935809346022,-0.5305991909603063
6,a28b3f78577e,727,T15,r02c05:b,row2_x72,755.0,305.0,1780562651585,True,False,0.44365111197113444,0.1536602277620584,0.5898624725415641,0.0,0.5167567922563493,0.0768301138810292,0.050652846693992615,0.02266409993171692,0.4348085820674896,0.6150564551353455,,1.0,LOCKED_COLLECTING,True,,,,,,,-0.056348888028865556,-0.3463397722379416,0.0898624725415641,-0.5267270914759609
6,a28b3f78577e,728,T15,r02c05:b,row2_x72,755.0,305.0,1780562651616,True,False,0.4437574879733053,0.1524967737747564,0.5896481986928158,0.0,0.5167028433330605,0.0762483868873782,0.05064427852630615,0.02264729142189026,0.43480275571346283,0.6150729954242706,,1.0,LOCKED_COLLECTING,True,,,,,,,-0.0562425120266947,-0.3475032262252436,0.08964819869281578,-0.5320281188570004
6,a28b3f78577e,729,T15,r02c05:b,row2_x72,755.0,305.0,1780562651650,True,False,0.4437717112234909,0.15261709799135598,0.5896366600642143,0.0,0.5167041856438526,0.07630854899567799,0.050640493631362915,0.022649765014648438,0.4347982257604599,0.6150914430618286,,1.0,LOCKED_COLLECTING,True,,,,,,,-0.056228288776509094,-0.347382902008644,0.0896366600642143,-0.5326333700142599
6,a28b3f78577e,730,T15,r02c05:b,row2_x72,755.0,305.0,1780562651685,True,False,0.4439190224713954,0.15622135804133042,0.5894873535412904,0.0,0.516703188006343,0.07811067902066521,0.05064469575881958,0.022632867097854614,0.4347929209470749,0.6151424646377563,,1.0,LOCKED_COLLECTING,True,,,,,,,-0.056080977528604574,-0.3437786419586696,0.08948735354129049,-0.526232788638663
6,a28b3f78577e,731,T15,r02c05:b,row2_x72,755.0,305.0,1780562651717,True,False,0.44393241552935203,0.15714710715607594,0.5893486435309523,0.0,0.5166405295301522,0.07857355357803797,0.05062772333621979,0.02263045310974121,0.43477021157741547,0.6151807308197021,,1.0,LOCKED_COLLECTING,True,,,,,,,-0.056067584470647955,-0.34285289284392406,0.08934864353095234,-0.5258231175995871
