session_id,timestamp_ms,layout_version,calibration_version,mapper_type,blink,confidence,Lh,Lv,Rh,Rv,avg_h,avg_v,eye_box_w,eye_box_h,face_x,face_y,mapped_x,mapped_y,mapped_quality,focused_key_id,focused_key_label,focused_confidence,challenger_key_id,challenger_confidence,switch_allowed,fixation_state,dwell_progress,activated_key_id,velocity_px_s,stability_score
21dd155a9585,1779962810662,ba43e845ddde0ab9,5,interpolation,False,1.0,0.48311729372729384,0.4788368763599537,0.62375961235664,0.49420097198092117,0.5534384530419669,0.4865189241704374,0.04244688153266907,0.020014464855194092,0.5711182653903961,0.5468984246253967,809.5259081327996,219.94135754949139,,,,0.0,r02c06:j,0.2178401437899039,True,dwell_v1,0.0,,,
21dd155a9585,1779962810782,ba43e845ddde0ab9,5,interpolation,False,1.0,0.49585833156506415,0.4703717886082245,0.6440619793640465,0.4913470268788652,0.5699601554645554,0.48085940774354485,0.0431647002696991,0.019613802433013916,0.5731599032878876,0.5449283123016357,711.3249412605743,229.61251987667418,,h,h,1.0,r01c05:y,0.16588830251499856,True,dwell_v1,0.0,,822.3003504481352,
21dd155a9585,1779962810913,ba43e845ddde0ab9,5,interpolation,False,1.0,0.49637591984822815,0.4651742077461272,0.645038842995282,0.4886712005970115,0.5707073814217551,0.47692270417156934,0.04260528087615967,0.01936471462249756,0.5747673213481903,0.5452701449394226,690.7589950137192,231.8589641286134,,g,g,1.0,r01c05:y,0.16039238843542455,True,dwell_v1,0.0,,157.9257512432715,
21dd155a9585,1779962811048,ba43e845ddde0ab9,5,interpolation,False,1.0,0.4969730919941542,0.4658816659574534,0.6362520832511908,0.48335591506965087,0.5666125876226724,0.47461879051355216,0.042765408754348755,0.019458532333374023,0.5743765234947205,0.5455089509487152,691.9039362324006,237.7040218762662,,g,g,1.0,r02c05:h,0.16033221631288902,True,dwell_v1,0.10650104004889727,,44.11954732752637,
21dd155a9585,1779962811149,ba43e845ddde0ab9,5,interpolation,False,1.0,0.5005990804847529,0.46314001957700474,0.6395304545670187,0.4807965958147174,0.5700647675258859,0.47196830769586107,0.04340985417366028,0.01961079239845276,0.5723514258861542,0.5455850958824158,686.7024758977271,243.84983587835677,,g,g,1.0,r02c05:h,0.14969092339632473,True,dwell_v1,0.18941879998892547,,79.71755561859587,
21dd155a9585,1779962811289,ba43e845ddde0ab9,5,interpolation,False,1.0,0.5007570218275932,0.45859894852393973,0.6335927847983426,0.47628426650432415,0.5671749033129678,0.46744160751413194,0.04333972930908203,0.01974073052406311,0.5705488324165344,0.5458688139915466,691.1658349152722,256.4648263608005,,g,g,1.0,r02c05:h,0.15270024495051807,True,dwell_v1,0.24251848012208937,,95.58081274439917,
21dd155a9585,1779962811421,ba43e845ddde0ab9,5,interpolation,False,1.0,0.5001399232928273,0.45989352344635887,0.6403940475445078,0.47807684240843956,0.5702669854186675,0.4689851829273992,0.04299166798591614,0.019683003425598145,0.5693334937095642,0.5461971163749695,693.1996434832911,264.6706007840606,,g,g,1.0,r02c05:h,0.19486028345477827,True,dwell_v1,0.3943792000412941,,64.04590044040135,
21dd155a9585,1779962811552,ba43e845ddde0ab9,5,interpolation,False,1.0,0.5027565286281971,0.468205657018802,0.6378445629316806,0.48458966394959646,0.5703005457799388,0.47639766048419924,0.0431692898273468,0.019902557134628296,0.5681358873844147,0.5466944873332977,686.7429897765899,254.72912717282895,,g,g,1.0,r03c04:v,0.14783616879794426,True,dwell_v1,0.5116845600306987,,90.48982423016712,
21dd155a9585,1779962811686,ba43e845ddde0ab9,5,interpolation,False,1.0,0.5053773735187622,0.4692529466559134,0.639275605506938,0.4877722822688625,0.5723264895128501,0.4785126144623879,0.04306867718696594,0.01992619037628174,0.5678927898406982,0.5469365417957306,680.0654725375048,244.19974768294122,,g,g,1.0,r03c04:v,0.14114882562382663,True,dwell_v1,0.61368792001158,,93.04658518690891,
21dd155a9585,1779962811796,ba43e845ddde0ab9,5,interpolation,False,1.0,0.5972335273600544,0.5017811704834606,0.7231341454216322,0.5285827726236129,0.6601838363908433,0.5151819715535367,0.04327186942100525,0.02061864733695984,0.571181982755661,0.5480731129646301,335.74394882715274,213.1022516482651,,f,f,1.0,r01c02:e,0.20149202748629258,True,dwell_v1,0.028369680047035217,,3142.93601155265,
21dd155a9585,1779962811911,ba43e845ddde0ab9,5,interpolation,False,1.0,0.6156765313413216,0.5190480099306629,0.7517823954503312,0.5439767804725552,0.6837294633958264,0.531512395201609,0.04342392086982727,0.020897358655929565,0.5720499455928802,0.548949122428894,89.18064792826881,171.45941459150455,,q,q,1.0,r01c01:w,0.14750508942670926,True,dwell_v1,0.04205703996121883,,2174.3927684302694,
21dd155a9585,1779962812013,ba43e845ddde0ab9,5,interpolation,False,1.0,0.6241711849772602,0.5220124896508972,0.7650228129523872,0.5470991514575209,0.6945969989648237,0.534555820554209,0.04366430640220642,0.021121978759765625,0.5725576281547546,0.5493506491184235,65.36639162631194,178.94424033860167,,q,q,1.0,r02c00:a,0.11958709933062799,True,dwell_v1,0.12299384009093046,,244.7333403711979,
21dd155a9585,1779962812131,ba43e845ddde0ab9,5,interpolation,False,1.0,0.6250349765451403,0.5217186181417076,0.7622031714358904,0.5454659684719753,0.6936190739905154,0.5335922933068414,0.043832361698150635,0.021161764860153198,0.5726377367973328,0.5496141016483307,52.38187692905056,184.58587659043118,,q,q,1.0,r03c00:SHIFT,0.12442099037836671,True,dwell_v1,0.2163672000169754,,119.97608253022179,
21dd155a9585,1779962812251,ba43e845ddde0ab9,5,interpolation,False,1.0,0.6221356342482334,0.5193948424220904,0.7595990205204459,0.5436217525302104,0.6908673273843396,0.5315082974761505,0.04399648308753967,0.021201789379119873,0.5727010369300842,0.5497268736362457,40.39088893933288,186.39595943203756,,q,q,1.0,r03c00:SHIFT,0.12405131195725355,True,dwell_v1,0.3126300800591707,,101.05698092297274,
21dd155a9585,1779962812383,ba43e845ddde0ab9,5,interpolation,False,1.0,0.6175803538959805,0.5152220466737439,0.7544577223495504,0.5397099701095152,0.6860190381227655,0.5274660083916296,0.04418051242828369,0.021149873733520508,0.5730794668197632,0.5499199628829956,33.77905508826967,176.93295854036683,,q,q,1.0,r03c00:SHIFT,0.10208055564329517,True,dwell_v1,0.41886072009801867,,87.45480688795291,
21dd155a9585,1779962812486,ba43e845ddde0ab9,5,interpolation,False,1.0,0.6166886933624806,0.5124685784501933,0.7532461606916401,0.5380670357915841,0.6849674270270603,0.5252678071208887,0.044223397970199585,0.021099209785461426,0.5732778310775757,0.5501238405704498,30.512115926920657,166.88468263043967,,q,q,1.0,r00c00:👁 CALIBRATE,0.09263932369384832,True,dwell_v1,0.49954528007656335,,102.58270080696997,
21dd155a9585,1779962812586,ba43e845ddde0ab9,5,interpolation,False,1.0,0.616664046363109,0.5122553251834149,0.7520718570657532,0.5374126252248886,0.6843679517144311,0.5248339752041518,0.04413112998008728,0.021034032106399536,0.5735586583614349,0.550186276435852,28.88818541332483,159.89553077228535,,q,q,1.0,r00c00:👁 CALIBRATE,0.10765138398609023,True,dwell_v1,0.5808598401024938,,71.7533232744864,
21dd155a9585,1779962812686,ba43e845ddde0ab9,5,interpolation,False,1.0,0.619826907733342,0.5135619030998814,0.7540641046094975,0.5384036212601749,0.6869455061714198,0.5259827621800282,0.044123172760009766,0.02108633518218994,0.5738127529621124,0.5501430332660675,26.324864233539802,158.24332302800653,,q,q,1.0,r00c00:👁 CALIBRATE,0.11055912283019378,True,dwell_v1,0.6613308800384402,,30.496566857581584,
21dd155a9585,1779962812790,ba43e845ddde0ab9,5,interpolation,False,1.0,0.6212392081499031,0.5143391186696152,0.7540240512693084,0.5390839742172981,0.6876316297096057,0.5267115464434566,0.044114381074905396,0.021042943000793457,0.5739447176456451,0.5500900447368622,24.774112645936107,159.98956652909814,,q,q,1.0,r00c00:👁 CALIBRATE,0.1058065232752047,True,dwell_v1,0.7419691201299429,,22.455982690881566,
21dd155a9585,1779962812925,ba43e845ddde0ab9,5,interpolation,False,1.0,0.6217835167109402,0.5139391800854352,0.7529401081037818,0.5389353020870956,0.687361812407361,0.5264372410862654,0.04416117072105408,0.021029293537139893,0.5740242302417755,0.5500923693180084,24.254607037378626,161.31037345725082,,q,q,1.0,r00c00:👁 CALIBRATE,0.10257683498317996,True,dwell_v1,0.8509418400004506,,10.513345151303707,
21dd155a9585,1779962813027,ba43e845ddde0ab9,5,interpolation,False,1.0,0.6201004869514055,0.5137728702145342,0.7520878611844993,0.5390817083216725,0.6860941740679525,0.5264272892681033,0.04412966966629028,0.020965158939361572,0.5740121603012085,0.5501127541065216,24.421289905479426,160.15582356520315,,q,q,1.0,r00c00:👁 CALIBRATE,0.10528066446613449,True,dwell_v1,0.9327260000631213,,11.436469417271189,
21dd155a9585,1779962813127,ba43e845ddde0ab9,5,interpolation,False,1.0,0.6198388376889084,0.5143450214361937,0.7517456897588188,0.5390995246633904,0.6857922637238636,0.526722273049792,0.04412013292312622,0.020980358123779297,0.5740100145339966,0.5500200390815735,25.204189265316977,159.58044925382143,,q,q,1.0,r00c00:👁 CALIBRATE,0.1069319909535976,True,dwell_v1,1.0,,9.715899370784143,
21dd155a9585,1779962813228,ba43e845ddde0ab9,5,interpolation,False,1.0,0.620364713634523,0.516583860105524,0.7517513763525893,0.5411721982182149,0.686058044993556,0.5288780291618695,0.044142574071884155,0.02119368314743042,0.5740309953689575,0.5497765243053436,27.048692786271914,161.80935180189795,,q,q,1.0,r00c00:👁 CALIBRATE,0.1025181960413884,True,dwell_v1,0.0,,28.64484910795181,
21dd155a9585,1779962813329,ba43e845ddde0ab9,5,interpolation,False,1.0,0.6203824165938625,0.5171133249069338,0.7520170262907654,0.5421036134033896,0.6861997214423139,0.5296084691551617,0.04418233036994934,0.02130541205406189,0.5740494728088379,0.5495124757289886,29.72500529086067,165.3344657348473,,q,q,1.0,r00c00:👁 CALIBRATE,0.09567976911659894,True,dwell_v1,0.0,,43.82133573937382,
21dd155a9585,1779962842172,ba43e845ddde0ab9,5,interpolation,False,1.0,0.5194287502774686,0.4449425556937989,0.6506012011192407,0.4704780951412479,0.5850149756983547,0.45771032541752343,0.04337330162525177,0.020552724599838257,0.5453226268291473,0.5694787204265594,642.3495391907356,401.93266416362593,,q,q,1.0,r03c04:v,0.18139393035534437,True,dwell_v1,0.0,,22.768950830473596,
21dd155a9585,1779962842272,ba43e845ddde0ab9,5,interpolation,False,1.0,0.5163899223552649,0.44470040594662463,0.6502505711154183,0.4702562646840328,0.5833202467353416,0.4574783353153287,0.043385669589042664,0.020583242177963257,0.5451083779335022,0.5694642961025238,641.7618206507756,403.54508933725106,,Space,Space,1.0,r03c04:v,0.17986617968878685,True,dwell_v1,0.0911064000800252,,17.16195799654809,
21dd155a9585,1779962842374,ba43e845ddde0ab9,5,interpolation,False,1.0,0.5064542998480482,0.44399742928400104,0.6432282803045909,0.4700881095530829,0.5748412900763196,0.45704276941854194,0.043507546186447144,0.02057778835296631,0.544619619846344,0.5693956911563873,646.0590873885834,397.9662303870974,,Space,Space,1.0,r03c04:v,0.18485332059355047,True,dwell_v1,0.17245728000998498,,69.03949733027156,
21dd155a9585,1779962842474,ba43e845ddde0ab9,5,interpolation,False,1.0,0.5062431343235554,0.44371370863787774,0.6464044593618453,0.46917120364772474,0.5763237968427004,0.4564424561428012,0.04361073672771454,0.020551860332489014,0.5445312261581421,0.5693880319595337,649.8525869105083,392.8510883146481,,Space,Space,1.0,r03c04:v,0.18907752045552173,True,dwell_v1,0.2535954400897026,,63.68305665103202,
21dd155a9585,1779962842575,ba43e845ddde0ab9,5,interpolation,False,1.0,0.5838507337773476,0.4681671937053527,0.7079884102378924,0.4895431584141701,0.6459195720076201,0.4788551760597614,0.04365555942058563,0.020372241735458374,0.547201007604599,0.5700260102748871,347.8929795141867,322.6155617625527,,c,c,1.0,r03c02:x,0.27267336236386297,True,dwell_v1,0.02675424013286829,,3069.5086757233994,
21dd155a9585,1779962842677,ba43e845ddde0ab9,5,interpolation,False,1.0,0.5798341866007068,0.4764448461829291,0.7178892408116787,0.49820943917573673,0.6488617137061927,0.4873271426793329,0.04375079274177551,0.02020663022994995,0.5473341643810272,0.5706346929073334,151.5968186377494,350.5320241250752,,Ctrl,Ctrl,1.0,r04c00:CTRL,0.26888816548700334,True,dwell_v1,0.025306160002946852,,1943.8363546628084,
21dd155a9585,1779962842781,ba43e845ddde0ab9,5,interpolation,False,1.0,0.5485433391091037,0.47819421598341905,0.692828233422378,0.5072728568802314,0.6206857862657409,0.4927335364318252,0.04368935525417328,0.01964983344078064,0.5462081730365753,0.5715470314025879,471.6412185608202,265.7913732166221,,x,x,1.0,r03c03:c,0.16883637770861298,True,dwell_v1,0.026620480045676232,,3183.3951675469634,
21dd155a9585,1779962842882,ba43e845ddde0ab9,5,interpolation,False,1.0,0.6014175113016546,0.48143822692863875,0.728054465164276,0.5126387737314064,0.6647359882329653,0.4970385003300226,0.043639734387397766,0.01965072751045227,0.5480251312255859,0.5718536376953125,221.7814093449274,304.5703540766943,,x,x,1.0,r03c00:SHIFT,0.18638769673765787,True,dwell_v1,0.02729000002145767,,2503.477311451196,
21dd155a9585,1779962842985,ba43e845ddde0ab9,5,interpolation,False,1.0,0.6187701460722002,0.4859516278730864,0.7527164333901154,0.513265243827736,0.6857432897311577,0.49960843585041115,0.04383814334869385,0.019834160804748535,0.5489847958087921,0.5717240571975708,94.14578929338421,260.90959821019413,,Shift,Shift,1.0,r02c00:a,0.18767421626209757,True,dwell_v1,0.07790207993239165,,1309.6764628860249,
21dd155a9585,1779962843089,ba43e845ddde0ab9,5,interpolation,False,1.0,0.6176328984860455,0.4863840272951286,0.7480843819432474,0.5120330890380203,0.6828586402146465,0.4992085581665744,0.04392769932746887,0.020037710666656494,0.5490646958351135,0.5714123547077179,81.48713070492286,251.7364447190262,,Shift,Shift,1.0,r01c00:q,0.2108100149441496,True,dwell_v1,0.16965847983956336,,150.31659827900714,
21dd155a9585,1779962843216,ba43e845ddde0ab9,5,interpolation,False,1.0,0.6170739971083363,0.48514228834390033,0.7523128565370966,0.5098874556530352,0.6846934268227165,0.4975148719984678,0.043995797634124756,0.020313501358032227,0.5492722988128662,0.5710477530956268,75.11126374145738,253.96186807486512,,Shift,Shift,1.0,r01c00:q,0.2156557753960114,True,dwell_v1,0.2685656799003482,,53.173916078648816,
21dd155a9585,1779962843319,ba43e845ddde0ab9,5,interpolation,False,1.0,0.6217271569232438,0.48915809469194654,0.7589686477446366,0.5144203288912386,0.6903479023339402,0.5017892117915925,0.04423251748085022,0.02059224247932434,0.5496541261672974,0.570975661277771,63.76113020402681,240.80266846566585,,Shift,Shift,1.0,r01c00:q,0.28405163319404,True,dwell_v1,0.3479403998702765,,168.71710064534147,
21dd155a9585,1779962843453,ba43e845ddde0ab9,5,interpolation,False,1.0,0.6278432959959848,0.4967082886896507,0.7648413854991121,0.5230448703650222,0.6963423407475484,0.5098765795273364,0.04442565143108368,0.021087676286697388,0.5500487983226776,0.5708920657634735,40.43760216832213,212.6845031825543,,q,q,1.0,r03c00:SHIFT,0.21806534822779985,True,dwell_v1,0.07963431999087334,,272.63004778665345,
21dd155a9585,1779962843553,ba43e845ddde0ab9,5,interpolation,False,1.0,0.6276888666993267,0.5000882639408677,0.7684278026737668,0.5241251691233791,0.6980583346865468,0.5121067165321234,0.04452821612358093,0.021334916353225708,0.55018749833107,0.5708160102367401,29.43550438115479,188.66258384089457,,q,q,1.0,r03c00:SHIFT,0.12426925642036186,True,dwell_v1,0.1613892000168562,,264.2155870828968,
21dd155a9585,1779962843656,ba43e845ddde0ab9,5,interpolation,False,1.0,0.627370122614499,0.5024410953088516,0.7692385389158923,0.5223006157144857,0.6983043307651957,0.5123708555116686,0.04463237524032593,0.02150142192840576,0.5502877235412598,0.570795863866806,22.56062774086657,171.00658285927352,,q,q,1.0,r03c00:SHIFT,0.08713107419221397,True,dwell_v1,0.24256775993853807,,183.9538878300432,
21dd155a9585,1779962843757,ba43e845ddde0ab9,5,interpolation,False,1.0,0.6275738866079543,0.5001334219816495,0.7693858264418458,0.5202358386056474,0.6984798565249001,0.5101846302936484,0.04463931918144226,0.021486908197402954,0.5503488183021545,0.5707235038280487,18.862189314807175,168.08515226864017,,q,q,1.0,r00c00:👁 CALIBRATE,0.08631624715518674,True,dwell_v1,0.3234184799715877,,46.66424286669011,
21dd155a9585,1779962843859,ba43e845ddde0ab9,5,interpolation,False,1.0,0.627784679343023,0.499383794217108,0.7686441457303903,0.5176614597269509,0.6982144125367067,0.5085226269720294,0.044641122221946716,0.021489888429641724,0.5504184663295746,0.5706777572631836,16.766169988015918,178.89801198199095,,q,q,1.0,r03c00:SHIFT,0.09886504150604386,True,dwell_v1,0.4041975200176239,,107.98174345836532,
21dd155a9585,1779962843961,ba43e845ddde0ab9,5,interpolation,False,1.0,0.6280796605063232,0.4985143112287977,0.7696548154475491,0.5170884186117829,0.6988672379769362,0.5078013649202903,0.0446297824382782,0.021491169929504395,0.5504802763462067,0.5706558525562286,15.32020680870914,190.01530186176927,,q,q,1.0,r03c00:SHIFT,0.1202405219574446,True,dwell_v1,0.48511992003768684,,109.9110750741938,
21dd155a9585,1779962844062,ba43e845ddde0ab9,5,interpolation,False,1.0,0.6282344127505163,0.4973825743994263,0.773386543781216,0.51510876811117,0.7008104782658662,0.5062456712552982,0.044617846608161926,0.021445095539093018,0.5506312549114227,0.5706778764724731,14.054299156104085,202.53762823745328,,q,q,1.0,r03c00:SHIFT,0.147581494951853,True,dwell_v1,0.5670487198978662,,124.61534976843562,
21dd155a9585,1779962844163,ba43e845ddde0ab9,5,interpolation,False,1.0,0.6282248213439049,0.49622334329620893,0.7720469297613769,0.5149084958566298,0.7001358755526409,0.5055659195764194,0.044659703969955444,0.02148088812828064,0.5507268905639648,0.5707454979419708,12.442011318191092,215.93885033981795,,q,q,1.0,r03c00:SHIFT,0.21156615534214449,True,dwell_v1,0.6488932000473142,,133.64217870546398,
21dd155a9585,1779962844267,ba43e845ddde0ab9,5,interpolation,False,1.0,0.6294631739002543,0.4958155322759993,0.7704132489012757,0.515275037949335,0.6999382114007651,0.5055452851126672,0.04468145966529846,0.021526366472244263,0.5508072972297668,0.5707972049713135,12.360231437233454,219.42934191770473,,q,q,1.0,r03c00:SHIFT,0.22107254030935225,True,dwell_v1,0.729836880043149,,33.5716295229001,
21dd155a9585,1779962844368,ba43e845ddde0ab9,5,interpolation,False,1.0,0.629293083184608,0.4950780559815354,0.7716542663850021,0.5146044515956021,0.700473674784805,0.5048412537885687,0.044718921184539795,0.021513164043426514,0.5508759617805481,0.5707911252975464,12.025444633490334,223.4553288787141,,q,q,1.0,r03c00:SHIFT,0.23182647738092166,True,dwell_v1,0.8114915998652578,,39.9988398201737,
21dd155a9585,1779962844469,ba43e845ddde0ab9,5,interpolation,False,1.0,0.6292641796265666,0.49366441797043203,0.7718325822301038,0.5141519060764579,0.7005483809283352,0.5039081620234449,0.04466277360916138,0.021479666233062744,0.550896167755127,0.5707534551620483,11.991635012100588,226.13807009940285,,q,q,1.0,r03c00:SHIFT,0.23907069070807974,True,dwell_v1,0.8923080800101161,,26.563903539315472,
21dd155a9585,1779962844570,ba43e845ddde0ab9,5,interpolation,False,1.0,0.6297172769143549,0.4933178367985307,0.770585777829973,0.5140104365885843,0.7001515273721639,0.5036641366935575,0.04464612901210785,0.02147117257118225,0.5508802235126495,0.5707527995109558,12.46118039243084,226.4010310347681,,q,q,1.0,r03c00:SHIFT,0.24012463946242296,True,dwell_v1,0.9739122400060296,,5.328364041454319,
21dd155a9585,1779962844672,ba43e845ddde0ab9,5,interpolation,False,1.0,0.5703360005412308,0.48898737033330053,0.7606944548379855,0.5079683048606135,0.6655152276896081,0.498477837596957,0.04465678334236145,0.021252185106277466,0.5495616793632507,0.5708001852035522,69.21071335593582,273.983529726563,,q,q,1.0,r04c00:CTRL,0.19792257697891544,True,dwell_v1,0.0,,726.0599030568039,
21dd155a9585,1779962844773,ba43e845ddde0ab9,5,interpolation,False,1.0,0.5160810864347296,0.4801949979054937,0.7055295097373101,0.5033076917306325,0.6108052980860199,0.4917513448180631,0.04441767930984497,0.02087533473968506,0.5472176969051361,0.5708390474319458,507.7687710840565,246.16381282345154,,d,d,1.0,r03c03:c,0.1672819176150206,True,dwell_v1,0.0,,4350.886504590636,
21dd155a9585,1779962844874,ba43e845ddde0ab9,5,interpolation,False,1.0,0.5114622830526983,0.4790656637935868,0.672639773987122,0.5023293043091734,0.5920510285199101,0.49069748405138014,0.044360339641571045,0.02086547017097473,0.5463641285896301,0.5708181858062744,599.7369312801127,221.7672876278593,,g,g,1.0,r01c04:t,0.17173239320008687,True,dwell_v1,0.026749280095100404,,942.069344936046,
21dd155a9585,1779962844977,ba43e845ddde0ab9,5,interpolation,False,1.0,0.5064594417516692,0.4781012254643537,0.6591670408108911,0.5010252980637123,0.5828132412812801,0.489563261764033,0.044313475489616394,0.02090659737586975,0.5458551794290543,0.5707251131534576,628.1653058984282,179.00249628521618,,g,g,1.0,r02c04:g,0.20272578079111492,True,dwell_v1,0.10754056014120579,,498.5604559454619,
21dd155a9585,1779962845078,ba43e845ddde0ab9,5,interpolation,False,1.0,0.5075159087325174,0.47933704286401235,0.6564862639419118,0.5022519819336092,0.5820010863372146,0.4907945123988108,0.044231608510017395,0.020947813987731934,0.5456175953149796,0.5706968307495117,633.5757714324285,154.62645582627962,,t,t,1.0,r01c05:y,0.2149226842243526,True,dwell_v1,0.0813849600031972,,247.22050326106722,
21dd155a9585,1779962845179,ba43e845ddde0ab9,5,interpolation,False,1.0,0.5072726606775977,0.4810656943511301,0.6551184629977895,0.5037801556504551,0.5811955618376936,0.4924229250007926,0.04411013424396515,0.02100193500518799,0.5454055666923523,0.5706844627857208,636.7318492547984,132.5747808237528,,t,t,1.0,r01c05:y,0.30966507075531213,True,dwell_v1,0.162820159830153,,220.55823820778392,
21dd155a9585,1779962845281,ba43e845ddde0ab9,5,interpolation,False,1.0,0.5080071666315694,0.4805498900970566,0.6546333126356365,0.5031055216095497,0.581320239633603,0.49182770585330315,0.044066235423088074,0.02102428674697876,0.5452928394079208,0.5706892609596252,638.3614642724842,116.57906214127242,,t,t,1.0,r01c05:y,0.300745010282773,True,dwell_v1,0.0,,157.63250508219738,
21dd155a9585,1779962845383,ba43e845ddde0ab9,5,interpolation,False,1.0,0.5090438276530153,0.480193617052297,0.6544513978433039,0.5034817413866235,0.5817476127481596,0.49183767921946026,0.04404526948928833,0.021030724048614502,0.5452134609222412,0.5707847774028778,639.2218677619286,107.46842708815404,,t,t,1.0,r01c04:t,0.3136258967483046,True,dwell_v1,0.0,,89.71738126009309,
21dd155a9585,1779962845485,ba43e845ddde0ab9,5,interpolation,False,1.0,0.5105492869458489,0.4790337446980661,0.6546690751089338,0.5020206573614281,0.5826091810273913,0.4905272010297471,0.043976083397865295,0.021003276109695435,0.5451856702566147,0.5709134638309479,639.7008467353253,105.85743973004064,,t,t,1.0,r01c04:t,0.3141265239763393,True,dwell_v1,0.0,,16.477301167475307,
21dd155a9585,1779962845585,ba43e845ddde0ab9,5,interpolation,False,1.0,0.5103629369124026,0.4772782142304656,0.6574271681602459,0.5001023849175772,0.5838950525363242,0.48869029957402144,0.04396234452724457,0.02100127935409546,0.5451138764619827,0.5709138214588165,640.200898930576,175.26899211062675,,t,t,1.0,r01c04:t,0.2496022070197232,True,dwell_v1,0.0,,694.133535861856,
21dd155a9585,1779962845687,ba43e845ddde0ab9,5,interpolation,False,1.0,0.5109215135956263,0.4760531309297913,0.6586515565916163,0.49875072634481216,0.5847865350936213,0.4874019286373017,0.04395122826099396,0.021008610725402832,0.5449928641319275,0.5709100961685181,640.4231223315873,194.20412975690238,,t,t,1.0,r01c04:t,0.2174912751435642,True,dwell_v1,0.0,,185.65138835259845,
21dd155a9585,1779962845789,ba43e845ddde0ab9,5,interpolation,False,1.0,0.5108190729516,0.47411696158321687,0.6589950274605655,0.4978026722162569,0.5849070502060827,0.4859598168997369,0.043911293148994446,0.020969629287719727,0.5448758602142334,0.57084721326828,640.7551330864051,204.81415677442783,,t,t,1.0,r01c05:y,0.19168555100189474,True,dwell_v1,0.0,,104.07078837999876,
21dd155a9585,1779962845890,ba43e845ddde0ab9,5,interpolation,False,1.0,0.513386684334453,0.4738969272596461,0.6555827490790895,0.49751140924662873,0.5844847167067713,0.48570416825313745,0.043868377804756165,0.02098679542541504,0.5446966290473938,0.5707995295524597,641.3014729337344,204.8519098529928,,g,g,1.0,r01c05:y,0.19262802364122866,True,dwell_v1,0.027212640084326268,,5.422204922089916,
21dd155a9585,1779962845993,ba43e845ddde0ab9,5,interpolation,False,1.0,0.5133189001610055,0.47335929211219435,0.6581980221561989,0.4970667355056438,0.5857584611586022,0.48521301380891907,0.04395595192909241,0.021023720502853394,0.5445807725191116,0.5707568526268005,641.8835238572417,205.72951002185374,,g,g,1.0,r01c05:y,0.19220714990291232,True,dwell_v1,0.053501520119607446,,10.224021650717377,
21dd155a9585,1779962846112,ba43e845ddde0ab9,5,interpolation,False,1.0,0.5159431172019253,0.47849493998587905,0.6576887486044068,0.5020568512842878,0.5868159329031661,0.49027589563508345,0.044299930334091187,0.021412044763565063,0.5443336516618729,0.5707674026489258,641.404136838957,216.06096936787102,,g,g,1.0,r01c05:y,0.1413033186224448,True,dwell_v1,0.15159352011978627,,86.91239759905403,
21dd155a9585,1779962846241,ba43e845ddde0ab9,5,interpolation,False,1.0,0.5179049600574386,0.4838947960723307,0.6586028399524351,0.5049818896187611,0.5882539000049368,0.4944383428455459,0.044353634119033813,0.021643459796905518,0.544248566031456,0.570790708065033,641.758490584497,209.73366867600333,,g,g,1.0,r01c05:y,0.15133352929124635,True,dwell_v1,0.25257080011069777,,49.12570175151728,
21dd155a9585,1779962846368,ba43e845ddde0ab9,5,interpolation,False,1.0,0.5179860665509965,0.4851731382371204,0.6568211539327721,0.5057115774496921,0.5874036102418843,0.49544235784340623,0.04438559710979462,0.02174791693687439,0.5441954433917999,0.5707518458366394,642.5631241970555,198.08720262243145,,y,y,1.0,r01c04:t,0.2063191493115236,True,dwell_v1,0.011739679984748364,,91.92305761080637,
21dd155a9585,1779962846479,ba43e845ddde0ab9,5,interpolation,False,1.0,0.5169064187450394,0.4869615278233406,0.6543054661044546,0.5077061285036996,0.5856059424247471,0.4973338281635201,0.0444512665271759,0.021760374307632446,0.54424849152565,0.5707803964614868,643.492991170344,189.3402727486106,,y,y,1.0,r01c04:t,0.21873060361681834,True,dwell_v1,0.09366319999098778,,79.24519886108725,
21dd155a9585,1779962846594,ba43e845ddde0ab9,5,interpolation,False,1.0,0.5147932637808968,0.4867547924475796,0.6516129794148604,0.5080949182283028,0.5832031215978786,0.4974248553379412,0.04444189369678497,0.021767467260360718,0.5444934517145157,0.5707734227180481,644.2096635366499,177.51822779113587,,y,y,1.0,r02c04:g,0.2038551023411797,True,dwell_v1,0.18004615996032952,,102.98911288550691,
21dd155a9585,1779962846705,ba43e845ddde0ab9,5,interpolation,False,1.0,0.5186921410167279,0.4881268368671014,0.6506581167542036,0.5111966644348408,0.5846751288854657,0.49966175065097107,0.04428638517856598,0.02177932858467102,0.5448139607906342,0.5708589255809784,645.4906464951036,171.34955718922225,,y,y,1.0,r02c04:g,0.19882374952294354,True,dwell_v1,0.2829900000244379,,56.75919795605297,
21dd155a9585,1779962846808,ba43e845ddde0ab9,5,interpolation,False,1.0,0.5179400020223254,0.4864058484796197,0.6514987912788415,0.5091769799549265,0.5847193966505835,0.49779141421727313,0.04423254728317261,0.021748006343841553,0.5449228882789612,0.5709362924098969,645.7941253766193,171.1367349073068,,y,y,1.0,r02c04:g,0.1985559775403749,True,dwell_v1,0.36449184007942675,,3.598692109662682,
21dd155a9585,1779962846928,ba43e845ddde0ab9,5,interpolation,False,1.0,0.5141920745768965,0.48375146291901205,0.6494666460458063,0.5070314876729208,0.5818293603113514,0.49539147529596644,0.04418501257896423,0.02169308066368103,0.5448490977287292,0.5709253549575806,644.7834262036884,161.79918234144057,,y,y,1.0,r01c04:t,0.2051966584727671,True,dwell_v1,0.462065039947629,,78.26743714949316,
21dd155a9585,1779962847045,ba43e845ddde0ab9,5,interpolation,False,1.0,0.5126055094053683,0.4819861941776574,0.6493824433522926,0.5055297693756937,0.5809939763788304,0.49375798177667557,0.04417333006858826,0.021578699350357056,0.5448209643363953,0.570903867483139,643.3708581625025,142.92732659663403,,y,y,1.0,r01c04:t,0.2893493752092335,True,dwell_v1,0.5525138400495052,,161.7491249984981,
21dd155a9585,1779962847146,ba43e845ddde0ab9,5,interpolation,False,1.0,0.5119463135128931,0.4812677758050056,0.6515706882042042,0.5037679278263886,0.5817585008585486,0.49251785181569707,0.04417523741722107,0.021522343158721924,0.5449050068855286,0.570885181427002,642.3137357744398,129.79641711729315,,y,y,1.0,r01c04:t,0.27534052606971093,True,dwell_v1,0.0,,130.42963680709377,
21dd155a9585,1779962847248,ba43e845ddde0ab9,5,interpolation,False,1.0,0.5116556888593462,0.4803646521089066,0.6549643583449473,0.5031864961460621,0.5833100236021467,0.4917755741274844,0.044227540493011475,0.021555334329605103,0.5450163185596466,0.5709013938903809,641.559001018647,127.58901668056545,,y,y,1.0,r01c04:t,0.2804892523816342,True,dwell_v1,0.0,,22.871187943642276,
21dd155a9585,1779962847351,ba43e845ddde0ab9,5,interpolation,False,1.0,0.5110954523280394,0.4770476659612003,0.6542475757155761,0.5012372507745086,0.5826715140218077,0.48914245836785447,0.04426345229148865,0.021528005599975586,0.545063704252243,0.5709191858768463,641.0742438914908,133.4877652157943,,y,y,1.0,r01c04:t,0.3090914622793953,True,dwell_v1,0.0,,57.46246218771221,
21dd155a9585,1779962847452,ba43e845ddde0ab9,5,interpolation,False,1.0,0.5106421385767355,0.47600838489642405,0.6534135399580087,0.5002710666608058,0.5820278392673721,0.4881397257786149,0.04423046112060547,0.021485090255737305,0.5450840145349503,0.5709591805934906,641.0397639463448,140.2882667408189,,y,y,1.0,r01c04:t,0.3000347748184181,True,dwell_v1,0.026007040031254293,,67.3325637096936,
21dd155a9585,1779962847553,ba43e845ddde0ab9,5,interpolation,False,1.0,0.5115692429994563,0.47528648138987367,0.6536251923412248,0.5002386737828312,0.5825972176703406,0.48776257758635244,0.044257715344429016,0.02149033546447754,0.5451322197914124,0.5709841251373291,641.1307179738945,148.8047213841696,,y,y,1.0,r01c04:t,0.2877798683991861,True,dwell_v1,0.10752055998891592,,84.32614173157174,
21dd155a9585,1779962847653,ba43e845ddde0ab9,5,interpolation,False,1.0,0.511482596803539,0.4740717507908465,0.6540040258690009,0.4995857833282512,0.5827433113362699,0.48682876705954886,0.044225797057151794,0.021469146013259888,0.5451876819133759,0.5709679424762726,641.2958192230318,160.4611017502769,,y,y,1.0,r01c04:t,0.2700579537509522,True,dwell_v1,0.18812375999987124,,116.57549556482203,
21dd155a9585,1779962847756,ba43e845ddde0ab9,5,interpolation,False,1.0,0.5118555712095872,0.47517815342691944,0.6536499409507334,0.500571928550789,0.5827527560801603,0.48787504098885426,0.044226765632629395,0.02146303653717041,0.5452211499214172,0.5709616541862488,641.2294507380948,169.21026898666872,,y,y,1.0,r01c04:t,0.2566850341706578,True,dwell_v1,0.26959103997796774,,84.94581512817501,
21dd155a9585,1779962847858,ba43e845ddde0ab9,5,interpolation,False,1.0,0.5108653110075209,0.4743293964128525,0.6528843103330169,0.49946881622895833,0.5818748106702689,0.4868991063209054,0.04421249032020569,0.021441668272018433,0.5451826751232147,0.5709317326545715,641.378272636397,166.9024888694523,,y,y,1.0,r01c04:t,0.25991378356506806,True,dwell_v1,0.3506973600015044,,22.672290983370313,
21dd155a9585,1779962847993,ba43e845ddde0ab9,5,interpolation,False,1.0,0.5093122727671592,0.47371788434778866,0.6524977285025036,0.49806591474207934,0.5809050006348314,0.485891899544934,0.04422199726104736,0.02136966586112976,0.5451598465442657,0.5709619224071503,642.5195984044606,164.2518507951344,,y,y,1.0,r01c04:t,0.26095364505165386,True,dwell_v1,0.4583972800523043,,21.377149845593603,
21dd155a9585,1779962848094,ba43e845ddde0ab9,5,interpolation,False,1.0,0.5084685198774402,0.472857064916195,0.6535554137110144,0.49756319363241275,0.5810119667942273,0.48521012927430385,0.04426586627960205,0.021352499723434448,0.5452054440975189,0.5709659457206726,643.1812800738084,164.7501883427192,,y,y,1.0,r01c04:t,0.25840970668010704,True,dwell_v1,0.5410788800567389,,8.20148048926737,
21dd155a9585,1779962848195,ba43e845ddde0ab9,5,interpolation,False,1.0,0.5236118674327528,0.4755897978608207,0.6567038798661052,0.49959617466212375,0.5901578736494291,0.4875929862614722,0.044134125113487244,0.021365255117416382,0.545684814453125,0.5708526372909546,643.0446872615519,179.48615550662214,,y,y,1.0,r01c04:t,0.23574698412617479,True,dwell_v1,0.6224042400717735,,145.90693280674833,
21dd155a9585,1779962848297,ba43e845ddde0ab9,5,interpolation,False,1.0,0.5447684301839857,0.48958597583911406,0.6744945042004212,0.5089201849299194,0.6096314671922034,0.49925308038451677,0.04420126974582672,0.02187591791152954,0.5465518981218338,0.5706804096698761,635.7379510754351,195.90071097176457,,y,y,1.0,r01c05:y,0.21060526347221714,True,dwell_v1,0.7031624799594283,,176.15058808309678,
21dd155a9585,1779962848397,ba43e845ddde0ab9,5,interpolation,False,1.0,0.5476162094045013,0.4908898718068593,0.6854694262591209,0.5109762239245103,0.6165428178318111,0.5009330478656848,0.044367969036102295,0.021989405155181885,0.5469593554735184,0.5706430375576019,611.5760909870386,212.4538518976039,,g,g,1.0,r01c04:t,0.17813931257581167,True,dwell_v1,0.02682808004319668,,292.88256305931696,
21dd155a9585,1779962848500,ba43e845ddde0ab9,5,interpolation,False,1.0,0.5551679140600032,0.49371737227800894,0.695822628766083,0.5116311413454271,0.6254952714130431,0.502674256811718,0.04436415433883667,0.022035300731658936,0.547489583492279,0.5706954598426819,540.5626051109277,237.71458968719054,,g,g,1.0,r03c03:c,0.15172803570988455,True,dwell_v1,0.10755839999765157,,731.7722500061411,
21dd155a9585,1779962848601,ba43e845ddde0ab9,5,interpolation,False,1.0,0.5632977778476332,0.4916469886351667,0.7014251352873865,0.5110545771856474,0.6323614565675099,0.501350782910407,0.044379666447639465,0.021962523460388184,0.547951802611351,0.5708239376544952,467.1574805446415,255.44710209033843,,f,f,1.0,r02c02:d,0.21919275022255927,True,dwell_v1,0.08075048010796308,,747.688940641515,
21dd155a9585,1779962848702,ba43e845ddde0ab9,5,interpolation,False,1.0,0.5665632455551978,0.4919920121532687,0.7044518969435923,0.5116380406244897,0.635507571249395,0.5018150263888792,0.0444754958152771,0.021910905838012695,0.5482996702194214,0.5709981620311737,436.08449450474353,261.8050918782273,,d,d,1.0,r03c02:x,0.18943427890490727,True,dwell_v1,0.05365871991962194,,314.0275812566192,
21dd155a9585,1779962848803,ba43e845ddde0ab9,5,interpolation,False,1.0,0.56801700197081,0.49217634487107953,0.7024705957452693,0.5118220846796826,0.6352437988580396,0.5019992147753811,0.0444202721118927,0.021885603666305542,0.5484198927879333,0.5710409879684448,416.5143378856338,265.51822935810577,,d,d,1.0,r03c02:x,0.20618809485340442,True,dwell_v1,0.1347215998917818,,197.220769103073,
21dd155a9585,1779962848905,ba43e845ddde0ab9,5,interpolation,False,1.0,0.5700644837902082,0.4923464035230403,0.705073363212421,0.5120231038958626,0.6375689235013147,0.5021847537094515,0.044465869665145874,0.021880388259887695,0.5485807359218597,0.5710445940494537,397.09508911301975,268.8797180973399,,d,d,1.0,r03c02:x,0.2654733941533222,True,dwell_v1,0.216297759860754,,193.21607564438148,
21dd155a9585,1779962849006,ba43e845ddde0ab9,5,interpolation,False,1.0,0.5682747745528015,0.49272487884135924,0.7051484477383474,0.5130537772159907,0.6367116111455744,0.5028893280286749,0.044468194246292114,0.021864742040634155,0.5486163794994354,0.5710199475288391,388.38150106455316,270.161132072334,,d,d,1.0,r03c02:x,0.2630695403362294,True,dwell_v1,0.0,,87.2010492104459,
21dd155a9585,1779962849109,ba43e845ddde0ab9,5,interpolation,False,1.0,0.5667756766972626,0.4940927582361043,0.7040669279088255,0.5146764930552145,0.635421302303044,0.5043846256456594,0.044532254338264465,0.02192765474319458,0.5486451387405396,0.5709706246852875,391.26370893036943,269.08281111487145,,d,d,1.0,r03c02:x,0.26285026240236836,True,dwell_v1,0.2975068001076579,,29.876893025118896,
21dd155a9585,1779962849210,ba43e845ddde0ab9,5,interpolation,False,1.0,0.5686318106255402,0.5043200780098731,0.7049183757198886,0.5223437363185335,0.6367750931727144,0.5133319071642033,0.04456372559070587,0.022372722625732422,0.5487664639949799,0.5708439946174622,394.897901047564,265.27677105191344,,d,d,1.0,r03c02:x,0.20404495247758817,True,dwell_v1,0.3797216000035405,,52.10338378883747,
21dd155a9585,1779962849310,ba43e845ddde0ab9,5,interpolation,False,1.0,0.5751477676652879,0.513636899117837,0.7040372703498907,0.5306050480724476,0.6395925190075893,0.5221209735951423,0.04466678202152252,0.022757411003112793,0.5491094887256622,0.5708273947238922,392.1237556327676,259.42288557215176,,d,d,1.0,r03c02:x,0.19273902371440457,True,dwell_v1,0.46052519995719193,,64.7795168186678,
21dd155a9585,1779962849414,ba43e845ddde0ab9,5,interpolation,False,1.0,0.5751946650921025,0.5148910304508043,0.7034783634491925,0.5336249046818532,0.6393365142706475,0.5242579675663288,0.04481528699398041,0.022851675748825073,0.5494522452354431,0.5709444582462311,387.0847242795971,254.7967173751103,,d,d,1.0,r03c02:x,0.18232925587420298,True,dwell_v1,0.5414257600903511,,65.77462104370069,
21dd155a9585,1779962849549,ba43e845ddde0ab9,5,interpolation,False,1.0,0.5749465041789834,0.5128039386789912,0.7046925424130692,0.5328893848575281,0.6398195232960263,0.5228466617682597,0.044968247413635254,0.022777974605560303,0.5499294400215149,0.5710553824901581,382.87557724567574,251.6700272898745,,d,d,1.0,r03c02:x,0.17461120477832262,True,dwell_v1,0.6494836000725627,,38.839905406385704,
21dd155a9585,1779962849649,ba43e845ddde0ab9,5,interpolation,False,1.0,0.5699553638071619,0.5108692253923138,0.7019075690799016,0.5296714721400458,0.6359314664435318,0.5202703487661798,0.04490962624549866,0.022668778896331787,0.5500529408454895,0.5710673332214355,392.4927790395871,251.11719674468713,,d,d,1.0,r03c02:x,0.1788164425031368,True,dwell_v1,0.7305460000410676,,96.33078010506512,
21dd155a9585,1779962849750,ba43e845ddde0ab9,5,interpolation,False,1.0,0.5665920268530307,0.5080771853551704,0.7002057438981195,0.5265297911645225,0.6333988853755751,0.5173034882598464,0.04482756555080414,0.02253139019012451,0.5502617061138153,0.5711037516593933,407.2530935227375,251.16619455136365,,d,d,1.0,r03c02:x,0.1821379384862901,True,dwell_v1,0.8119355199858547,,146.14253275842336,
21dd155a9585,1779962849852,ba43e845ddde0ab9,5,interpolation,False,1.0,0.5663745392386447,0.5059569011470498,0.6981941514936787,0.5247532205272761,0.6322843453661617,0.515355060837163,0.04471100866794586,0.022391825914382935,0.5504196286201477,0.5711840689182281,422.8249603006626,251.1750349920441,,d,d,1.0,r03c02:x,0.1792960592926558,True,dwell_v1,0.8931738400831819,,152.66538517026316,
21dd155a9585,1779962849953,ba43e845ddde0ab9,5,interpolation,False,1.0,0.5642576171127222,0.5051807166316181,0.6962378454987359,0.5238941113298462,0.6302477313057291,0.5145374139807322,0.044616371393203735,0.0223236083984375,0.5504800081253052,0.5713338851928711,437.0946595313641,250.79017735299223,,d,d,1.0,r03c02:x,0.1706130308353527,True,dwell_v1,0.9732330400496721,,141.33552618283255,
21dd155a9585,1779962850056,ba43e845ddde0ab9,5,interpolation,False,1.0,0.5609530377397688,0.5044042201561802,0.6942913286032834,0.5227914324155495,0.6276221831715261,0.5135978262858649,0.04456840455532074,0.02221238613128662,0.5504519641399384,0.5714636147022247,453.96617999994817,249.61026257134694,,d,d,1.0,r02c03:f,0.15500910028002837,True,dwell_v1,0.0,,164.20125230845852,
21dd155a9585,1779962850157,ba43e845ddde0ab9,5,interpolation,False,1.0,0.5558113389677745,0.49968252735948715,0.6927550530931135,0.5196866500181719,0.624283196030444,0.5096845886888295,0.04454775154590607,0.022029519081115723,0.5503091812133789,0.5715153515338898,473.78410831123017,248.13916419033313,,d,d,1.0,r02c02:d,0.16211511048493232,True,dwell_v1,0.0,,196.75696656421897,
21dd155a9585,1779962850257,ba43e845ddde0ab9,5,interpolation,False,1.0,0.5463868397181529,0.4969388665205647,0.6895363678659315,0.5172561933958597,0.6179616037920422,0.5070975299582122,0.04449668526649475,0.021920770406723022,0.5499823689460754,0.5715207457542419,506.6197879971682,243.81925756916587,,f,f,1.0,r03c03:c,0.16322633840439338,True,dwell_v1,0.02743279989808798,,331.1862698925075,
21dd155a9585,1779962850360,ba43e845ddde0ab9,5,interpolation,False,1.0,0.5435578704942358,0.4931530131792771,0.6875223009475045,0.5138432902258369,0.6155400857208702,0.503498151702557,0.044483184814453125,0.0217876136302948,0.5497682988643646,0.5715675950050354,536.2686601861342,239.373962742069,,f,f,1.0,r03c03:c,0.15590502880557724,True,dwell_v1,0.10900688003748656,,291.0705305328824,
21dd155a9585,1779962850460,ba43e845ddde0ab9,5,interpolation,False,1.0,0.5029988390519868,0.48504810084081784,0.6360015855033052,0.49822313854483075,0.569500212277646,0.4916356196928243,0.04376709461212158,0.02121850848197937,0.5474117249250412,0.5716313719749451,619.9892947152822,200.62332423615555,,f,f,1.0,r01c04:t,0.23962139416432662,True,dwell_v1,0.18982544001191853,,922.5376214864709,
21dd155a9585,1779962850561,ba43e845ddde0ab9,5,interpolation,False,1.0,0.46249061409427983,0.45382593114152303,0.6142332205198365,0.479500779724943,0.5383619173070582,0.466663355433233,0.043657273054122925,0.020175248384475708,0.5455281436443329,0.5717366635799408,1058.695410072322,273.5464173850442,,k,k,1.0,r03c08:BACKSPACE,0.17129675834182942,True,dwell_v1,0.026556399837136268,,4403.223471516107,
21dd155a9585,1779962850668,ba43e845ddde0ab9,5,interpolation,False,1.0,0.4601229445081696,0.4501583084713481,0.6113458423770618,0.47895567833480135,0.5357343934426158,0.4645569934030747,0.04393160343170166,0.02006050944328308,0.5451533794403076,0.5717405080795288,1132.3703362850797,282.29834512593675,,⌫,⌫,1.0,r02c08:l,0.20284680139245945,True,dwell_v1,0.08109616003930568,,693.3918773247703,
21dd155a9585,1779962850806,ba43e845ddde0ab9,5,interpolation,False,1.0,0.47240973923799506,0.44948944429598164,0.610689432843859,0.4766909982868008,0.5415495860409271,0.4630902212913912,0.04391314089298248,0.020046859979629517,0.5449320524930954,0.5717000365257263,1121.7932329578794,280.64790586087156,,⌫,⌫,1.0,r02c08:l,0.21104784289107242,True,dwell_v1,0.18941096011549236,,77.57315407024578,
21dd155a9585,1779962850932,ba43e845ddde0ab9,5,interpolation,False,1.0,0.46812711397095363,0.45068714152553285,0.6113493193405845,0.47540483649080933,0.539738216655769,0.46304598900817107,0.04391302168369293,0.019962280988693237,0.5445255190134048,0.5716419816017151,1094.1025577681187,278.78640625998486,,⌫,⌫,1.0,r02c08:l,0.21854733750746685,True,dwell_v1,0.298149280063808,,220.2632865943012,
21dd155a9585,1779962851034,ba43e845ddde0ab9,5,interpolation,False,1.0,0.4512649709870017,0.4520520647617637,0.5945235348795321,0.47638304230599865,0.522894252933267,0.46421755353388117,0.04391612112522125,0.01988619565963745,0.5435884445905685,0.5716530084609985,1213.095535346751,277.9851038869868,,⌫,⌫,1.0,r01c09:p,0.1574198314347589,True,dwell_v1,0.37818152010440825,,1166.6242700535895,
21dd155a9585,1779962851135,ba43e845ddde0ab9,5,interpolation,False,1.0,0.4405621951764271,0.4537012345777286,0.5862012984808902,0.4779315427960762,0.5133817468286587,0.4658163886869024,0.043966710567474365,0.019834041595458984,0.5431687235832214,0.5716856122016907,1237.6175420706709,254.39344895613857,,⌫,⌫,1.0,r01c09:p,0.31769852744913646,True,dwell_v1,0.4590188801288605,,336.9094671196095,
21dd155a9585,1779962851237,ba43e845ddde0ab9,5,interpolation,False,1.0,0.43877804297234035,0.45749128919860627,0.580769921009393,0.48112292006852436,0.5097739819908667,0.4693071046335653,0.04400049149990082,0.019973725080490112,0.5428867489099503,0.5716387331485748,1265.3739938714052,133.94508912682267,,p,p,1.0,r01c08:o,0.059465423325713716,True,dwell_v1,0.05409968011081219,,1211.814993647622,
21dd155a9585,1779962851339,ba43e845ddde0ab9,5,interpolation,False,1.0,0.4403175904541101,0.46372160657874945,0.5790877499760626,0.4847312849363161,0.5097026702150864,0.4742264457575328,0.04407478868961334,0.020372897386550903,0.5427673906087875,0.5714044272899628,1265.2667513580254,148.03483314907322,,p,p,1.0,r03c08:BACKSPACE,0.060795427518502664,True,dwell_v1,0.13684336002916098,,138.13874655438852,
21dd155a9585,1779962851441,ba43e845ddde0ab9,5,interpolation,False,1.0,0.4409458223201415,0.4659458915690465,0.5744777854417589,0.48858227407223165,0.5077118038809502,0.47726408282063904,0.04416745901107788,0.02063584327697754,0.5425795167684555,0.5712086856365204,1262.4211067195906,164.2586668242161,,p,p,1.0,r03c08:BACKSPACE,0.08375710909276907,True,dwell_v1,0.2170608000829816,,161.48534181647366,
21dd155a9585,1779962851542,ba43e845ddde0ab9,5,interpolation,False,1.0,0.43863582994503003,0.46932088789884213,0.5721204192259038,0.49100594238668266,0.5053781245854669,0.4801634151427624,0.04429347813129425,0.02081403136253357,0.5423812568187714,0.5711405575275421,1254.9754417936615,186.82479767609777,,p,p,1.0,r03c08:BACKSPACE,0.1293552917932133,True,dwell_v1,0.2983255200088024,,235.27473169452279,
21dd155a9585,1779962851645,ba43e845ddde0ab9,5,interpolation,False,1.0,0.43323295715413107,0.47300592276007836,0.5671963493328356,0.4927304986771326,0.5002146532434834,0.4828682107186055,0.04425160586833954,0.02089652419090271,0.542035385966301,0.5711435079574585,1244.9080593602064,200.2750180617647,,p,p,1.0,r03c08:BACKSPACE,0.16705309291860582,True,dwell_v1,0.37903664000332354,,163.11275344080585,
21dd155a9585,1779962851778,ba43e845ddde0ab9,5,interpolation,False,1.0,0.4284333904582981,0.4738655332851883,0.5625382008112463,0.4927219434257441,0.4954857956347722,0.4832937383554662,0.044212162494659424,0.02094128727912903,0.5418144166469574,0.5711552798748016,1229.2057829202347,210.98239653947576,,p,p,1.0,r03c08:BACKSPACE,0.23730754878801533,True,dwell_v1,0.48747160006314516,,142.89857714557968,
21dd155a9585,1779962851880,ba43e845ddde0ab9,5,interpolation,False,1.0,0.4259773983427606,0.47414579742471863,0.5599435324063133,0.49243240912422925,0.49296046537453697,0.48328910327447394,0.04417949914932251,0.02093881368637085,0.5417065471410751,0.5711590647697449,1219.3598243065846,215.14721542813982,,p,p,1.0,r03c08:BACKSPACE,0.251376996142035,True,dwell_v1,0.5688732801005244,,104.80966133564611,
21dd155a9585,1779962851980,ba43e845ddde0ab9,5,interpolation,False,1.0,0.42276831886542465,0.47397979266703055,0.555820914330089,0.4917613911947917,0.4892946165977568,0.4828705919309111,0.04414434731006622,0.020910263061523438,0.5415341109037399,0.5711357295513153,1210.1801163055356,217.874468446215,,p,p,1.0,r03c08:BACKSPACE,0.2592372159946024,True,dwell_v1,0.6508007999509573,,95.76270046793952,
21dd155a9585,1779962852081,ba43e845ddde0ab9,5,interpolation,False,1.0,0.42109304178980717,0.4725703221072974,0.5542892503200905,0.49088857068010233,0.4876911460549488,0.48172944639369986,0.0441233366727829,0.020858168601989746,0.5414325445890427,0.5710834860801697,1203.083243355061,219.23013305651142,,p,p,1.0,r03c08:BACKSPACE,0.26181611841051966,True,dwell_v1,0.7302518399432302,,71.53657691119778,
21dd155a9585,1779962852183,ba43e845ddde0ab9,5,interpolation,False,1.0,0.42134624007977295,0.4723250108766518,0.5542409348291797,0.49039309535500114,0.4877935874544763,0.4813590531158265,0.04412005841732025,0.020854026079177856,0.5413391292095184,0.5709989070892334,1198.959326751406,219.80143778087103,,p,p,1.0,r03c08:BACKSPACE,0.26218592188943163,True,dwell_v1,0.8110026400536299,,40.816678855310336,
21dd155a9585,1779962852284,ba43e845ddde0ab9,5,interpolation,False,1.0,0.42100330322768303,0.4720307055973991,0.5551486563894263,0.48817617661595913,0.48807597980855466,0.48010344110667913,0.04417625069618225,0.02095523476600647,0.5412936806678772,0.5708368718624115,1198.2696459073554,219.2398774307739,,p,p,1.0,r03c08:BACKSPACE,0.2602503108257923,True,dwell_v1,0.8933505600318312,,8.805814428734779,
21dd155a9585,1779962852387,ba43e845ddde0ab9,5,interpolation,False,1.0,0.42150671024150405,0.47127876030346333,0.5560386381124924,0.48669303037061,0.4887726741769982,0.47898589533703667,0.04418879747390747,0.02095213532447815,0.5413122922182083,0.5708203911781311,1199.3619621407504,218.33869089118247,,p,p,1.0,r03c08:BACKSPACE,0.25795019454632867,True,dwell_v1,0.9739252800121904,,13.748381623124311,
21dd155a9585,1779962852513,ba43e845ddde0ab9,5,interpolation,False,1.0,0.4215557670675781,0.4711518781033241,0.5562650017985282,0.48704354204341826,0.4889103844330531,0.4790977100733712,0.044215768575668335,0.02094593644142151,0.541356161236763,0.57083460688591,1200.7654285529195,217.57134903525045,,p,p,1.0,r03c08:BACKSPACE,0.2561157060305609,True,dwell_v1,0.0,,12.694770047854462,
21dd155a9585,1779962852639,ba43e845ddde0ab9,5,interpolation,False,1.0,0.5282558240497475,0.4773347566441437,0.6642642249080197,0.4973332772558427,0.5962600244788836,0.48733401694999323,0.04391029477119446,0.02070900797843933,0.5459185689687729,0.5710053145885468,696.617464923529,206.534845426131,,y,y,1.0,r02c04:g,0.20313846217504286,True,dwell_v1,0.0,,4002.132947658869,
21dd155a9585,1779962852740,ba43e845ddde0ab9,5,interpolation,False,1.0,0.5328063987956971,0.4801535392307887,0.6723556662242747,0.503976029718853,0.6025810325099858,0.4920647844748208,0.04388779401779175,0.02089884877204895,0.5463994890451431,0.5711787939071655,669.9667639928624,210.02802262705418,,g,g,1.0,r01c05:y,0.18648710785872535,True,dwell_v1,0.05430527999997139,,266.12530668878236,
21dd155a9585,1779962852843,ba43e845ddde0ab9,5,interpolation,False,1.0,0.5308931556489478,0.48129058287311394,0.668843867658873,0.5061158417231725,0.5998685116539104,0.4937032122981432,0.0438196063041687,0.0210191011428833,0.5464994460344315,0.5712874531745911,656.7133445748286,209.48758098074927,,g,g,1.0,r01c05:y,0.17210768977678664,True,dwell_v1,0.13557687997817994,,128.78091046324846,
21dd155a9585,1779962852943,ba43e845ddde0ab9,5,interpolation,False,1.0,0.5423219934486456,0.4833372787290565,0.6809777949126082,0.5075923194515181,0.611649894180627,0.4954647990902873,0.043939009308815,0.020972788333892822,0.5472155809402466,0.5715331435203552,638.5758974689911,215.8264988846978,,g,g,1.0,r01c04:t,0.13896695579200208,True,dwell_v1,0.21705735996365547,,192.13247193279238,
21dd155a9585,1779962853044,ba43e845ddde0ab9,5,interpolation,False,1.0,0.5375742914990417,0.48770785364445896,0.6779254607794777,0.5122253474937565,0.6077498761392597,0.4999666005691077,0.0440024733543396,0.021054357290267944,0.5471392571926117,0.5718221962451935,628.1947844452931,218.56147266465968,,g,g,1.0,r01c04:t,0.14829481634095462,True,dwell_v1,0.2976079199463129,,106.29052468801856,
21dd155a9585,1779962853146,ba43e845ddde0ab9,5,interpolation,False,1.0,0.528510432341202,0.49094649097549203,0.6721395171743886,0.5156983319808996,0.6003249747577952,0.5033224114781958,0.04404151439666748,0.021094948053359985,0.5468178391456604,0.5720263421535492,629.6589740487266,215.41069430910943,,g,g,1.0,r01c04:t,0.15145008862148576,True,dwell_v1,0.3790003200992942,,34.0624630346373,
21dd155a9585,1779962853246,ba43e845ddde0ab9,5,interpolation,False,1.0,0.5280210954545985,0.4880019340141437,0.6694051798287965,0.5142246313445316,0.5987131376416975,0.5011132826793376,0.04409298300743103,0.021221071481704712,0.5467579364776611,0.5720927119255066,634.8702490803955,210.31954686368044,,g,g,1.0,r01c04:t,0.15237110973848822,True,dwell_v1,0.45868232008069754,,72.8540800276788,
21dd155a9585,1779962853348,ba43e845ddde0ab9,5,interpolation,False,1.0,0.5631642802305602,0.48922434442451096,0.7039140803240347,0.5145391818629866,0.6335391802772974,0.5018817631437488,0.044098421931266785,0.021193385124206543,0.5482501089572906,0.5721325576305389,488.9486619083797,249.89446315675673,,f,f,1.0,r03c03:c,0.16278527375027974,True,dwell_v1,0.02647696007043123,,1482.283028307898,
21dd155a9585,1779962853450,ba43e845ddde0ab9,5,interpolation,False,1.0,0.5761579995844689,0.4891038915856265,0.7176914643043889,0.5130912662860535,0.6469247319444289,0.5010975789358401,0.04405771195888519,0.02112370729446411,0.5489435195922852,0.5721805989742279,301.26744333564125,285.2821266505037,,z,z,1.0,r02c01:s,0.1964422583067479,True,dwell_v1,0.027636720053851604,,1872.4342058142647,
21dd155a9585,1779962853551,ba43e845ddde0ab9,5,interpolation,False,1.0,0.580719070575185,0.48965350519754663,0.7211259546595107,0.5132026689893547,0.6509225126173479,0.5014280870934507,0.044185519218444824,0.021052241325378418,0.5492799878120422,0.5723279416561127,271.04063824327426,290.23282791334225,,z,z,1.0,r02c01:s,0.18354902970141285,True,dwell_v1,0.10749072004109621,,303.2628479942965,
21dd155a9585,1779962853652,ba43e845ddde0ab9,5,interpolation,False,1.0,0.5816192249518121,0.4913988015635824,0.7212407795427067,0.5139900889718493,0.6514300022472594,0.5026944452677158,0.044265955686569214,0.021035075187683105,0.5494479835033417,0.5724636018276215,248.98828025954487,292.74529574679815,,z,z,1.0,r04c01:ALT,0.16777411729288821,True,dwell_v1,0.18905024006962776,,219.75268987445529,
21dd155a9585,1779962853755,ba43e845ddde0ab9,5,interpolation,False,1.0,0.5789191702445962,0.4921331097442409,0.7188595774059338,0.5149606448075723,0.648889373825265,0.5035468772759066,0.04438096284866333,0.021056294441223145,0.5494676232337952,0.5725075006484985,248.05754621780952,291.22381640131636,,z,z,1.0,r04c01:ALT,0.16485289523633487,True,dwell_v1,0.27009488008916377,,17.316331470043668,
21dd155a9585,1779962853890,ba43e845ddde0ab9,5,interpolation,False,1.0,0.5774321457637,0.49151029412437264,0.7175313048865749,0.5149975014992973,0.6474817253251375,0.503253897811835,0.044332534074783325,0.021052062511444092,0.5494805872440338,0.5725120902061462,255.67977078912557,289.1142027898095,,z,z,1.0,r02c01:s,0.17248401008596917,True,dwell_v1,0.37762775998562575,,58.58354427743215,
21dd155a9585,1779962853990,ba43e845ddde0ab9,5,interpolation,False,1.0,0.5769738971483378,0.49291324949164367,0.7166717647411107,0.5162263961311994,0.6468228309447243,0.5045698228114215,0.04433956742286682,0.021122604608535767,0.5494682788848877,0.5724994838237762,264.2642013065382,287.1077341901248,,z,z,1.0,r02c01:s,0.18224677480884482,True,dwell_v1,0.45951535999774934,,88.1580192324023,
21dd155a9585,1779962854092,ba43e845ddde0ab9,5,interpolation,False,1.0,0.5756085427848577,0.49707141521203413,0.7164267766337605,0.5191093031975179,0.6460176597093091,0.5080903592047761,0.044368401169776917,0.021292507648468018,0.5494317710399628,0.5724747180938721,276.3888041145982,282.4443468220581,,z,z,1.0,r02c01:s,0.19522566131327582,True,dwell_v1,0.5413152800872922,,127.35787511682734,
21dd155a9585,1779962854192,ba43e845ddde0ab9,5,interpolation,False,1.0,0.5748305678919636,0.4996844496285837,0.7157877282337167,0.5218918657510397,0.6453091480628401,0.5107881576898117,0.04440997540950775,0.021407008171081543,0.5493849217891693,0.5724803507328033,289.5372838656646,276.74543581196065,,z,z,1.0,r02c01:s,0.20530525471087488,True,dwell_v1,0.6220408000051976,,143.30391008804105,
21dd155a9585,1779962854295,ba43e845ddde0ab9,5,interpolation,False,1.0,0.5761623075147235,0.4985327548366718,0.7165473184147545,0.521911454932926,0.646354812964739,0.5102221048847989,0.04442344605922699,0.021465182304382324,0.5494258105754852,0.5722825825214386,296.98286502581686,273.22724659325115,,z,z,1.0,r02c01:s,0.2626718520905479,True,dwell_v1,0.7033740000799298,,79.95093119477743,
21dd155a9585,1779962854396,ba43e845ddde0ab9,5,interpolation,False,1.0,0.5785280620049631,0.4972150757552144,0.717922090298831,0.521402259939521,0.6482250761518971,0.5093086678473677,0.04443305730819702,0.02201300859451294,0.5494813024997711,0.5716085433959961,291.51055148690034,273.18130383425597,,z,z,1.0,r02c01:s,0.26280421014262517,True,dwell_v1,0.784021120145917,,54.18323159928564,
21dd155a9585,1779962854499,ba43e845ddde0ab9,5,interpolation,False,1.0,0.5810014762545375,0.505916737370307,0.7184675205734358,0.5275994006479698,0.6497344984139866,0.5167580690091385,0.04446090757846832,0.022591054439544678,0.5495210886001587,0.5711092054843903,288.2008728691517,268.2139742881942,,z,z,1.0,r03c01:z,0.25979374578106973,True,dwell_v1,0.0,,57.95094750809147,
21dd155a9585,1779962854599,ba43e845ddde0ab9,5,interpolation,False,1.0,0.5850615953323512,0.5056132758879932,0.718688364877279,0.5281636247099255,0.6518749801048151,0.5168884502989594,0.04445524513721466,0.02266848087310791,0.549594908952713,0.5709068775177002,280.8654846073947,264.19070923752423,,s,s,1.0,r03c01:z,0.19848130744489975,True,dwell_v1,0.08232399988919496,,83.66276508618664,
21dd155a9585,1779962854701,ba43e845ddde0ab9,5,interpolation,False,1.0,0.5849867100839481,0.5131984716840836,0.7172538695905147,0.53416639967389,0.6511202898372315,0.5236824356789869,0.04448211193084717,0.02253296971321106,0.5495989322662354,0.5714091360569,279.9278713745264,258.62908497396097,,s,s,1.0,r03c01:z,0.1897443773974648,True,dwell_v1,0.1644123999401927,,55.295145852894414,
21dd155a9585,1779962854803,ba43e845ddde0ab9,5,interpolation,False,1.0,0.5819969967312565,0.5135304104980879,0.7136834849007079,0.5351971386580616,0.6478402408159822,0.5243637745780747,0.04437187314033508,0.022148996591567993,0.5496105849742889,0.5718799531459808,292.7115329420841,253.58157966116644,,s,s,1.0,r03c01:z,0.1839187808939932,True,dwell_v1,0.24488839991390704,,134.74573181037366,
21dd155a9585,1779962854904,ba43e845ddde0ab9,5,interpolation,False,1.0,0.5781301187914869,0.5116197585405796,0.7116615738975156,0.5334015621686203,0.6448958463445013,0.5225106603545999,0.04436695575714111,0.021901816129684448,0.5496804714202881,0.5720639228820801,309.0141600313982,252.10103555596703,,s,s,1.0,r03c01:z,0.1779783679714366,True,dwell_v1,0.3275744000449777,,162.07641386412067,
21dd155a9585,1779962855006,ba43e845ddde0ab9,5,interpolation,False,1.0,0.5763152158612399,0.5088982997873474,0.711416238764915,0.5306888833339611,0.6438657273130775,0.5197935915606542,0.04431071877479553,0.02174687385559082,0.5497733950614929,0.5721079409122467,324.13183904632757,252.80612525188695,,s,s,1.0,r03c01:z,0.17000276751330262,True,dwell_v1,0.40763696003705263,,148.3736549131692,
21dd155a9585,1779962855109,ba43e845ddde0ab9,5,interpolation,False,1.0,0.5747503712213433,0.5061452351624012,0.7111709998466003,0.5284556382701829,0.6429606855339718,0.5173004367162921,0.04438681900501251,0.021704375743865967,0.5498455166816711,0.5720269083976746,333.6147398496488,254.33759922744596,,s,s,1.0,r03c01:z,0.16402526005991522,True,dwell_v1,0.48810823988169433,,93.25990437338625,
21dd155a9585,1779962855209,ba43e845ddde0ab9,5,interpolation,False,1.0,0.5744018834735869,0.5052038922555607,0.7113083032234434,0.5278996989959645,0.6428550933485151,0.5165517956257626,0.04442073404788971,0.021676093339920044,0.549901694059372,0.571969598531723,338.3245184608302,256.1025585652499,,s,s,1.0,r03c01:z,0.1617733797115171,True,dwell_v1,0.5711456799879671,,50.29621857599532,
21dd155a9585,1779962855309,ba43e845ddde0ab9,5,interpolation,False,1.0,0.5730947387890212,0.5052194071024596,0.710470372300239,0.5274548471768281,0.6417825555446302,0.5163371271396439,0.04443234205245972,0.02166876196861267,0.5499192476272583,0.5719607770442963,342.8814062694722,257.16767448995773,,s,s,1.0,r02c02:d,0.1610875352688557,True,dwell_v1,0.650461439974606,,46.79711362212063,
21dd155a9585,1779962855411,ba43e845ddde0ab9,5,interpolation,False,1.0,0.5732241215177953,0.504892025476351,0.7124977430573608,0.5265606782684382,0.642860932287578,0.5157263518723947,0.0444374680519104,0.021653324365615845,0.5499957799911499,0.5719648897647858,345.6807292490506,258.0262419249477,,s,s,1.0,r02c02:d,0.16569630553185352,True,dwell_v1,0.7314405599609017,,28.706155549602933,
21dd155a9585,1779962855511,ba43e845ddde0ab9,5,interpolation,False,1.0,0.5722378657309298,0.5046418187114264,0.7116522249918815,0.5263868869168505,0.6419450453614057,0.5155143528141385,0.044424235820770264,0.021661490201950073,0.5500278472900391,0.5719392001628876,346.81327963825777,258.59082952218677,,s,s,1.0,r02c02:d,0.21356567019606176,True,dwell_v1,0.8121700000017882,,12.65476012830519,
21dd155a9585,1779962855612,ba43e845ddde0ab9,5,interpolation,False,1.0,0.5726200303105742,0.5042048126338394,0.7115948076434914,0.5255432754545916,0.6421074189770328,0.5148740440442154,0.04444105923175812,0.02164474129676819,0.5500611364841461,0.5719024837017059,347.95341608889044,259.163553076931,,s,s,1.0,r02c02:d,0.21569327237675692,True,dwell_v1,0.893574719876051,,12.632683301863064,
21dd155a9585,1779962855713,ba43e845ddde0ab9,5,interpolation,False,1.0,0.5711045454347017,0.5025865960073849,0.7100713810143406,0.5237733061560157,0.6405879632245212,0.5131799510817003,0.044457778334617615,0.02164393663406372,0.5499997138977051,0.5718536674976349,352.1832333375791,260.1407828876648,,s,s,1.0,r02c01:s,0.21519147931974944,True,dwell_v1,0.0,,42.982536994126185,
21dd155a9585,1779962855815,ba43e845ddde0ab9,5,interpolation,False,1.0,0.570685914411011,0.5032676064767394,0.7111971820997139,0.5242540311006121,0.6409415482553624,0.5137608187886757,0.0444454699754715,0.02157813310623169,0.5499851703643799,0.5718233585357666,353.64641223089814,260.7371399437897,,d,d,1.0,r02c01:s,0.2120381880550223,True,dwell_v1,0.08127520009875297,,15.490612467238886,
21dd155a9585,1779962855918,ba43e845ddde0ab9,5,interpolation,False,1.0,0.5227681931107611,0.49290067730696835,0.6896276859732696,0.516397452825873,0.6061979395420154,0.5046490650664207,0.0444144606590271,0.021402209997177124,0.5485265105962753,0.5716501772403717,532.2089355907887,234.06033457561102,,d,d,1.0,r03c03:c,0.1491617413850241,True,dwell_v1,0.16256495993584394,,1752.856809163373,
21dd155a9585,1779962856019,ba43e845ddde0ab9,5,interpolation,False,1.0,0.4948631564951314,0.4873124394716779,0.6523024211324884,0.5098933360041064,0.5735827888138099,0.49860288773789213,0.04424867033958435,0.0212133526802063,0.5470085740089417,0.5716050565242767,616.7009497738431,194.24518692767518,,t,t,1.0,r02c04:g,0.2047261946142126,True,dwell_v1,0.02590463999658823,,924.7835580533429,
21dd155a9585,1779962856121,ba43e845ddde0ab9,5,interpolation,False,1.0,0.49464041566251465,0.48296805546540006,0.6403421603086681,0.5064838014857796,0.5674912879855913,0.4947259284755898,0.04409492015838623,0.021144956350326538,0.5465909689664841,0.5716165900230408,644.8615285849436,185.29563559636287,,t,t,1.0,r02c04:g,0.20889921204925133,True,dwell_v1,0.109389360062778,,289.69098001019785,
21dd155a9585,1779962856221,ba43e845ddde0ab9,5,interpolation,False,1.0,0.49263469630147333,0.47996031630822217,0.6329451516368787,0.503030508245014,0.562789923969176,0.4914954122766181,0.04406903684139252,0.02107834815979004,0.5463167279958725,0.5716133713722229,678.367213087669,190.29276646464115,,y,y,1.0,r02c04:g,0.1859225379924319,True,dwell_v1,0.07982831988483667,,338.7627799671734,
21dd155a9585,1779962856323,ba43e845ddde0ab9,5,interpolation,False,1.0,0.4923137399079084,0.47725054964850305,0.6300797698282355,0.5010190723955658,0.561196754868072,0.4891348110220344,0.04398740828037262,0.021048635244369507,0.54605333507061,0.571606457233429,706.5667846225472,197.83442638465044,,y,y,1.0,r02c05:h,0.17858222468477003,True,dwell_v1,0.16055999994277953,,286.1825780907541,
21dd155a9585,1779962856426,ba43e845ddde0ab9,5,interpolation,False,1.0,0.4939116956221723,0.4743839474009639,0.6335287399251934,0.49898287942508684,0.5637202177736829,0.48668341341302535,0.04394172132015228,0.02103593945503235,0.5460236817598343,0.5715359449386597,718.1884455997033,202.4207878540602,,y,y,1.0,r02c05:h,0.24742879771758933,True,dwell_v1,0.24282287992537022,,121.30006923222766,
21dd155a9585,1779962856526,ba43e845ddde0ab9,5,interpolation,False,1.0,0.4991001519769247,0.4733793593225443,0.6360007788161994,0.4985511233487925,0.5675504653965621,0.48596524133566843,0.04394263029098511,0.021034300327301025,0.545990526676178,0.5715234875679016,710.7491325191123,199.53961475315302,,y,y,1.0,r02c05:h,0.2346462527314597,True,dwell_v1,0.26847967989742755,,79.77752662776848,
21dd155a9585,1779962856629,ba43e845ddde0ab9,5,interpolation,False,1.0,0.4990935234050938,0.4736530040660515,0.6368989625089786,0.4990738159060731,0.5679962429570362,0.4863634099860623,0.04403740167617798,0.02108520269393921,0.5458728671073914,0.5715384483337402,700.0637790175006,194.29500240193423,,y,y,1.0,r02c05:h,0.1676675904145816,True,dwell_v1,0.34909623991698024,,115.56364886629952,
21dd155a9585,1779962856729,ba43e845ddde0ab9,5,interpolation,False,1.0,0.4991818561245441,0.47246133096984105,0.6364895892433929,0.49730410974893696,0.5678357226839685,0.484882720359389,0.0441044420003891,0.02109062671661377,0.5457854270935059,0.5715295672416687,695.9597902473581,193.77223870934333,,y,y,1.0,r02c04:g,0.16439432609243737,True,dwell_v1,0.4305527199059725,,41.37149465966466,
21dd155a9585,1779962856830,ba43e845ddde0ab9,5,interpolation,False,1.0,0.4992324365513608,0.4731607231223792,0.6361798087369757,0.4970516736615261,0.5677061226441682,0.4851061983919527,0.04411338269710541,0.0210990309715271,0.5457576960325241,0.5715445280075073,694.6515585149998,194.2443701945167,,y,y,1.0,r02c04:g,0.16648065402339982,True,dwell_v1,0.5127603998407722,,13.77048840210081,
21dd155a9585,1779962856935,ba43e845ddde0ab9,5,interpolation,False,1.0,0.499294866512137,0.4741257869063898,0.636458159471456,0.497325790408134,0.5678765129917965,0.4857257886572619,0.044123321771621704,0.021118849515914917,0.5457502752542496,0.5715583860874176,693.1699052828117,193.17613703713525,,y,y,1.0,r02c04:g,0.16810770040984493,True,dwell_v1,0.593034159950912,,17.396062261921628,
21dd155a9585,1779962857068,ba43e845ddde0ab9,5,interpolation,False,1.0,0.49892688743157554,0.46986304142295826,0.6364649326178612,0.4918195761750108,0.5676959100247183,0.48084130879898457,0.044106870889663696,0.02110832929611206,0.5457509905099869,0.5713607668876648,695.5936854521553,199.15504206551952,,y,y,1.0,r02c04:g,0.20226637116983706,True,dwell_v1,0.7018947198987007,,48.50761401153549,
21dd155a9585,1779962857168,ba43e845ddde0ab9,5,interpolation,False,1.0,0.4985321626768908,0.46952616810816905,0.6364178640070826,0.49127886097559625,0.5674750133419867,0.48040251454188265,0.04410542547702789,0.021101385354995728,0.5457499474287033,0.5712828040122986,700.0827176001162,206.81740658294785,,y,y,1.0,r02c05:h,0.20826183181724492,True,dwell_v1,0.0,,88.80497712593076,
21dd155a9585,1779962857273,ba43e845ddde0ab9,5,interpolation,False,1.0,0.4983026913394636,0.4693635352251591,0.6369798508518422,0.49045236280547944,0.5676412710956529,0.4799079490153193,0.044119998812675476,0.021113187074661255,0.5457549542188644,0.5712814033031464,702.0282554314556,211.1029582773459,,h,h,1.0,r01c05:y,0.20343050462429746,True,dwell_v1,0.08437120001763106,,44.823737210922054,
21dd155a9585,1779962857414,ba43e845ddde0ab9,5,interpolation,False,1.0,0.49748365268971073,0.4691897183367718,0.6387348516504466,0.49021140337165403,0.5681092521700787,0.4797005608542129,0.044127583503723145,0.02110186219215393,0.5457179248332977,0.5712512731552124,703.0698274616665,215.17885407572268,,h,h,1.0,r01c05:y,0.19517075366105852,True,dwell_v1,0.18999783992767333,,29.835994246136003,
21dd155a9585,1779962857541,ba43e845ddde0ab9,5,interpolation,False,1.0,0.49965758040944885,0.47072889886723807,0.6390413095105016,0.49081398969653256,0.5693494449599752,0.48077144428188534,0.0440792441368103,0.021113425493240356,0.5454849749803543,0.5711877942085266,698.273126523713,213.0381410134332,,h,h,1.0,r02c04:g,0.21521081778288145,True,dwell_v1,0.30048111993819476,,41.35994371477738,
21dd155a9585,1779962857642,ba43e845ddde0ab9,5,interpolation,False,1.0,0.4933336348726755,0.47299150544139196,0.6343141481745116,0.4921769544577751,0.5638238915235936,0.4825842299495835,0.04400227963924408,0.021031558513641357,0.5449795126914978,0.5711694061756134,707.562975911153,213.74538891750038,,h,h,1.0,r01c05:y,0.19742680458475484,True,dwell_v1,0.32813392002135516,,92.24487451739817,
21dd155a9585,1779962857742,ba43e845ddde0ab9,5,interpolation,False,1.0,0.4946652795209272,0.4731473897415013,0.6331493188789601,0.4922961215230204,0.5639072991999436,0.48272175563226083,0.04377099871635437,0.020967453718185425,0.5445495992898941,0.5711460411548615,718.3991225470568,215.0131470043368,,h,h,1.0,r01c05:y,0.19109612653138036,True,dwell_v1,0.40855423994362355,,109.10054284078886,
21dd155a9585,1779962857844,ba43e845ddde0ab9,5,interpolation,False,1.0,0.4950919500235002,0.4720715410692005,0.6337475881001118,0.49259195588918814,0.564419769061806,0.48233174847919436,0.04373735189437866,0.020898014307022095,0.5443155318498611,0.571135014295578,722.5289887338256,215.46600773619676,,h,h,1.0,r01c05:y,0.1879392321958949,True,dwell_v1,0.4890092000365257,,40.73158068428109,
21dd155a9585,1779962857945,ba43e845ddde0ab9,5,interpolation,False,1.0,0.49574819437833134,0.4728317549584558,0.6337172069594461,0.49330198275026804,0.5647327006688887,0.4830668688543619,0.04370597004890442,0.020809918642044067,0.5442310720682144,0.5712057054042816,723.3539984799406,215.296266924266,,h,h,1.0,r01c05:y,0.18775298628052195,True,dwell_v1,0.5718717599287629,,8.339508361278973,
21dd155a9585,1779962858047,ba43e845ddde0ab9,5,interpolation,False,1.0,0.4952621753035293,0.47118997461654993,0.6350194311428843,0.4929255945213064,0.5651408032232068,0.48205778456892817,0.0437224805355072,0.020700424909591675,0.5442013144493103,0.5712762475013733,722.1927381216225,215.26799857948362,,h,h,1.0,r01c05:y,0.18851944612640034,True,dwell_v1,0.6513533599674701,,11.388278165591416,
21dd155a9585,1779962858148,ba43e845ddde0ab9,5,interpolation,False,1.0,0.49574141756631224,0.47146635704744105,0.6346653892334297,0.4935490860305752,0.565203403399871,0.4825077215390081,0.043725669384002686,0.020711928606033325,0.5441965460777283,0.5712848901748657,721.343298449069,214.82023356011675,,h,h,1.0,r01c05:y,0.18987690945004934,True,dwell_v1,0.7331004800274968,,9.507225748081785,
21dd155a9585,1779962858249,ba43e845ddde0ab9,5,interpolation,False,1.0,0.4963332114333326,0.4717213353961872,0.6346996663594145,0.49392228261825605,0.5655164388963736,0.4828218090072216,0.04373767971992493,0.020715296268463135,0.5441926568746567,0.5712814629077911,719.6992150100383,213.66109014418342,,h,h,1.0,r01c05:y,0.19303506996307895,True,dwell_v1,0.8139621598646045,,19.917051331742652,
21dd155a9585,1779962858351,ba43e845ddde0ab9,5,interpolation,False,1.0,0.4965298658652066,0.47225183316749797,0.6345588827799094,0.49446689942312355,0.565544374322558,0.48335936629531073,0.043724432587623596,0.02071741223335266,0.5441845804452896,0.5712777674198151,717.6957893390125,211.80934299771553,,h,h,1.0,r01c05:y,0.1976902396266283,True,dwell_v1,0.894974559918046,,26.746352095579283,
21dd155a9585,1779962858481,ba43e845ddde0ab9,5,interpolation,False,1.0,0.4961339100908413,0.47131874180399597,0.635259388701761,0.4939100357102823,0.5656966493963012,0.48261438875713913,0.04372739791870117,0.02070564031600952,0.5441919714212418,0.5712651610374451,715.9967452716337,211.06796141618597,,h,h,1.0,r01c05:y,0.19996331759942682,True,dwell_v1,0.9764163199812174,,14.259632667299131,
21dd155a9585,1779962858607,ba43e845ddde0ab9,5,interpolation,False,1.0,0.4959751947405896,0.47086331026472683,0.6363537209058586,0.4935731495489438,0.5661644578232241,0.4822182299068353,0.04372328519821167,0.020710766315460205,0.5441980361938477,0.5712670981884003,713.6963601895849,210.99375320770972,,h,h,1.0,r01c05:y,0.20108789534206803,True,dwell_v1,0.0,,18.266521535714997,
21dd155a9585,1779962858707,ba43e845ddde0ab9,5,interpolation,False,1.0,0.5373016512140968,0.4730092560780391,0.6505722405238643,0.496281945480302,0.5939369458689805,0.48464560077917057,0.04363034665584564,0.02064940333366394,0.545389860868454,0.5713502168655396,691.3235948459445,205.29920261247074,,h,h,1.0,r02c04:g,0.22310559256625898,True,dwell_v1,0.0,,230.86111314020215,
21dd155a9585,1779962858808,ba43e845ddde0ab9,5,interpolation,False,1.0,0.5541768049012178,0.47578585865995965,0.6865442713397906,0.4998957047259853,0.6203605381205042,0.4878407816929725,0.0436587780714035,0.020554810762405396,0.546638697385788,0.5714740455150604,583.2096134652581,240.69960105272025,,g,g,1.0,r02c03:f,0.21180501095939547,True,dwell_v1,0.0537559200078249,,1126.357677409903,
21dd155a9585,1779962858909,ba43e845ddde0ab9,5,interpolation,False,1.0,0.5584504130889791,0.47899319987462696,0.6987567185556591,0.5024609424104021,0.6286035658223191,0.4907270711425145,0.04376998543739319,0.02056431770324707,0.5471470355987549,0.5715689063072205,462.6680111163788,266.8339107346097,,d,d,1.0,r02c03:f,0.2106353441713487,True,dwell_v1,0.02623215988278389,,1221.2091680432777,
21dd155a9585,1779962859010,ba43e845ddde0ab9,5,interpolation,False,1.0,0.5433754809903039,0.47873976598354046,0.6926932978847739,0.5017633396442331,0.6180343894375389,0.49025155281388677,0.04376798868179321,0.02055254578590393,0.5468003898859024,0.5716235339641571,525.706161165166,253.59973996387407,,f,f,1.0,r03c03:c,0.1806237664224218,True,dwell_v1,0.02620440013706684,,637.7461014763475,
21dd155a9585,1779962859112,ba43e845ddde0ab9,5,interpolation,False,1.0,0.5331709537171904,0.47946855854483356,0.6849109416867949,0.5015035118127902,0.6090409477019927,0.49048603517881184,0.043741241097450256,0.020621657371520996,0.5464912354946136,0.5716935396194458,562.4693227943114,243.81102599642722,,f,f,1.0,r03c03:c,0.1454149599405162,True,dwell_v1,0.10780271999537945,,372.98078361607685,
21dd155a9585,1779962859213,ba43e845ddde0ab9,5,interpolation,False,1.0,0.5268041972456288,0.47725880833638135,0.6775813835075745,0.4995206917126815,0.6021927903766016,0.48838975002453144,0.04374134540557861,0.020655453205108643,0.5462323725223541,0.5717391669750214,594.473521630299,233.002802054239,,g,g,1.0,r01c04:t,0.15454075630941072,True,dwell_v1,0.02632944006472826,,334.4551594647202,
21dd155a9585,1779962859314,ba43e845ddde0ab9,5,interpolation,False,1.0,0.5139199174274872,0.4767877504479557,0.6663382869300879,0.49976716902806606,0.5901291021787876,0.48827745973801084,0.043821364641189575,0.020651310682296753,0.5457017421722412,0.5717511177062988,615.9150312917353,223.92363813243787,,g,g,1.0,r01c04:t,0.1533633068659349,True,dwell_v1,0.1071068799123168,,230.5399470750629,
21dd155a9585,1779962859416,ba43e845ddde0ab9,5,interpolation,False,1.0,0.5014594950348273,0.474351607778286,0.6556186884523401,0.4971504468585517,0.5785390917435838,0.48575102731841885,0.0438704788684845,0.020638346672058105,0.545046329498291,0.5716678202152252,628.3646332612149,202.03743076203108,,g,g,1.0,r01c04:t,0.2226164515900276,True,dwell_v1,0.18841687999665738,,246.8561770565843,
21dd155a9585,1779962859517,ba43e845ddde0ab9,5,interpolation,False,1.0,0.497566167835665,0.4740178632355827,0.6462186675522095,0.49701812490347813,0.5718924176939373,0.48551799406953045,0.043982088565826416,0.020686239004135132,0.5445926785469055,0.5716580748558044,642.6798648119789,186.7315597742192,,t,t,1.0,r01c04:t,0.2248787282536709,True,dwell_v1,0.056395839899778366,,207.4949767599277,
21dd155a9585,1779962859618,ba43e845ddde0ab9,5,interpolation,False,1.0,0.4963452789387087,0.47318403528397535,0.6414823453610984,0.4963839424274901,0.5689138121499036,0.4847839888557327,0.04395580291748047,0.020747601985931396,0.544302687048912,0.5716699063777924,658.8683452444403,186.0444521770801,,y,y,1.0,r02c04:g,0.20212029622050903,True,dwell_v1,0.07873648013919592,,160.42629453142646,
21dd155a9585,1779962859719,ba43e845ddde0ab9,5,interpolation,False,1.0,0.49582635715861556,0.47183467484079405,0.6390354602029877,0.4953069700570456,0.5674309086808016,0.4835708224489198,0.04390162229537964,0.0207349956035614,0.5440391451120377,0.5716720819473267,675.7900752004075,191.76452904815983,,y,y,1.0,r02c04:g,0.18964724450838294,True,dwell_v1,0.16033856011927128,,176.85513801011888,
21dd155a9585,1779962859820,ba43e845ddde0ab9,5,interpolation,False,1.0,0.4955983055497819,0.4700516136370002,0.6390599501871567,0.4920738572393605,0.5673291278684693,0.48106273543818034,0.04379741847515106,0.020620286464691162,0.543814018368721,0.5717073976993561,688.7312620389908,200.0168879773404,,y,y,1.0,r02c04:g,0.22520330255593043,True,dwell_v1,0.24070824012160302,,151.9651183176276,
21dd155a9585,1779962859920,ba43e845ddde0ab9,5,interpolation,False,1.0,0.49409480488802143,0.4601258153817885,0.6395722632651115,0.4808192642250509,0.5668335340765664,0.4704725398034197,0.04358154535293579,0.0201759934425354,0.5435853004455566,0.5717626214027405,701.9503304866723,224.7795531484743,,y,y,1.0,r02c04:g,0.20826620621990305,True,dwell_v1,0.0,,280.7015064088855,
21dd155a9585,1779962860023,ba43e845ddde0ab9,5,interpolation,False,1.0,0.4926959896975261,0.45711847396115673,0.6403543110511387,0.47733699336894153,0.5665251503743324,0.4672277336650491,0.04351899027824402,0.020076483488082886,0.5434526354074478,0.5717690587043762,713.3880020984642,254.8413891092188,,h,h,1.0,r03c05:b,0.15675796562634586,True,dwell_v1,0.0816839998587966,,312.2735678069796,
21dd155a9585,1779962860123,ba43e845ddde0ab9,5,interpolation,False,1.0,0.4929685816425634,0.45489859689969975,0.6417536692006556,0.4767203717778384,0.5673611254216095,0.46580948433876906,0.04352119565010071,0.020001590251922607,0.5433233082294464,0.5718013346195221,716.4081352551069,276.7872702382791,,h,h,1.0,r02c05:h,0.17573896694306718,True,dwell_v1,0.0,,221.52717729766223,
21dd155a9585,1779962860225,ba43e845ddde0ab9,5,interpolation,False,1.0,0.4908079942187331,0.45231000667913557,0.641993570917048,0.4759389900038386,0.5664007825678905,0.46412449834148706,0.04357057809829712,0.01997208595275879,0.5432166457176208,0.5718328058719635,720.6674975877521,291.34744723332307,,b,b,1.0,r02c05:h,0.16693684574848053,True,dwell_v1,0.07944336012005807,,148.72937474981902,
21dd155a9585,1779962860328,ba43e845ddde0ab9,5,interpolation,False,1.0,0.4910055299964362,0.45037840248399874,0.6419832543356225,0.47457039816533003,0.5664943921660294,0.46247440032466436,0.043576762080192566,0.019971400499343872,0.5431950390338898,0.5718533396720886,722.2521197545982,302.67948519355525,,b,b,1.0,r02c05:h,0.15685696779985187,True,dwell_v1,0.1617306400090456,,111.0902413934265,
21dd155a9585,1779962860428,ba43e845ddde0ab9,5,interpolation,False,1.0,0.49105620153321133,0.44942923011913155,0.6428960210502088,0.47404681082111666,0.5669761112917101,0.46173802047012413,0.04351815581321716,0.01995435357093811,0.5431716740131378,0.5718670189380646,722.2321063725633,310.789166731328,,b,b,1.0,r02c05:h,0.14807775867126557,True,dwell_v1,0.24191960003226995,,81.09706232629686,
21dd155a9585,1779962860529,ba43e845ddde0ab9,5,interpolation,False,1.0,0.4920688593870118,0.44910935428846044,0.6431587707911999,0.4744610347221503,0.5676138150891058,0.46178519450530536,0.043457359075546265,0.019946306943893433,0.543091744184494,0.5718829035758972,718.711359978484,317.7174457298338,,b,b,1.0,r04c02: ,0.15526146819246017,True,dwell_v1,0.3234981600195169,,76.94585847218708,
21dd155a9585,1779962860630,ba43e845ddde0ab9,5,interpolation,False,1.0,0.49169360091820374,0.45651332766652347,0.6388918221226438,0.480410173690123,0.5652927115204238,0.46846175067832324,0.043467193841934204,0.02012839913368225,0.5429291129112244,0.571871817111969,722.9675457275812,311.1608956119189,,b,b,1.0,r02c05:h,0.14836900775917383,True,dwell_v1,0.4040868800133467,,77.39475879734944,
21dd155a9585,1779962860730,ba43e845ddde0ab9,5,interpolation,False,1.0,0.49567809973027405,0.4720987863332875,0.6358412565008051,0.4949174699654116,0.5657596781155396,0.4835081281493495,0.04372522234916687,0.020689040422439575,0.5427536815404892,0.5718207657337189,717.572866629261,243.4796237981082,,b,b,1.0,r03c05:b,0.14608674402247768,True,dwell_v1,0.48465304002165793,,678.9592857387529,
21dd155a9585,1779962860831,ba43e845ddde0ab9,5,interpolation,False,1.0,0.49881194303286563,0.4771310890127125,0.6358261401496192,0.5012649313447608,0.5673190415912425,0.48919801017873665,0.043796226382255554,0.0209028422832489,0.5427244901657104,0.5718520283699036,707.7670859111875,219.67513580595883,,h,h,1.0,r01c05:y,0.18566542537310496,True,dwell_v1,0.08052520006895066,,254.90136680541218,
21dd155a9585,1779962860935,ba43e845ddde0ab9,5,interpolation,False,1.0,0.5003323214294231,0.47906182325824404,0.6356000508399441,0.5044588995006316,0.5679661861346836,0.4917603613794378,0.04384620487689972,0.02105402946472168,0.5426838994026184,0.5718640983104706,698.1193380185358,201.9675134827084,,h,h,1.0,r02c05:h,0.20294364255843841,True,dwell_v1,0.16186600010842084,,193.8970208898799,
21dd155a9585,1779962861068,ba43e845ddde0ab9,5,interpolation,False,1.0,0.5012372043134251,0.4806807414745527,0.634840708746637,0.5052390230554756,0.568038956530031,0.4929598822650142,0.04388785362243652,0.02109217643737793,0.5425814092159271,0.5718219578266144,690.6809186588382,189.06134838720305,,y,y,1.0,r02c04:g,0.16958817446420985,True,dwell_v1,0.10760768000036477,,112.00211086701043,
21dd155a9585,1779962861170,ba43e845ddde0ab9,5,interpolation,False,1.0,0.5017461483224577,0.4813823554906882,0.6350913988698399,0.5054362012951273,0.5684187735961488,0.49340927839290777,0.04390069842338562,0.02109476923942566,0.5425524115562439,0.5718159973621368,687.0995352904216,183.55788843171317,,y,y,1.0,r02c04:g,0.1713937557179253,True,dwell_v1,0.1891262399032712,,64.37405879481395,
21dd155a9585,1779962861272,ba43e845ddde0ab9,5,interpolation,False,1.0,0.5016365615124565,0.48171818616581885,0.6356139598627124,0.5053742223275312,0.5686252606875845,0.493546204246675,0.04395608603954315,0.021135032176971436,0.5425168424844742,0.5717842876911163,684.3883152863242,179.97110744718617,,y,y,1.0,r02c04:g,0.1727100595460036,True,dwell_v1,0.27088343985378743,,44.080280190256524,
21dd155a9585,1779962861372,ba43e845ddde0ab9,5,interpolation,False,1.0,0.5019799645310312,0.48063233771844616,0.6356064877146554,0.5049207124855971,0.5687932261228433,0.49277652510202163,0.04392877221107483,0.02113404870033264,0.5424779206514359,0.5717950165271759,682.3024681640645,177.65448843550806,,y,y,1.0,r02c04:g,0.1738032420032486,True,dwell_v1,0.35379103999584915,,31.172875810081212,
21dd155a9585,1779962861474,ba43e845ddde0ab9,5,interpolation,False,1.0,0.5021949649650479,0.48063537006062274,0.6358940570506301,0.5045262181717185,0.569044511007839,0.4925807941161706,0.043892309069633484,0.02112603187561035,0.5424637943506241,0.5718270242214203,680.1962090853593,175.78875930685237,,y,y,1.0,r02c04:g,0.17506849953593434,True,dwell_v1,0.43265295997262,,27.585929652916942,
21dd155a9585,1779962861575,ba43e845ddde0ab9,5,interpolation,False,1.0,0.50114378117802,0.47914243969347287,0.6358612440976721,0.5016615227814021,0.568502512637846,0.4904019812374375,0.043878331780433655,0.021107763051986694,0.5424084663391113,0.571958601474762,678.9881396462697,175.0725326372953,,y,y,1.0,r02c04:g,0.1759744625007803,True,dwell_v1,0.5137671198695898,,13.90520799964866,
21dd155a9585,1779962861676,ba43e845ddde0ab9,5,interpolation,False,1.0,0.4989385328668433,0.4743313548520646,0.6357527945442929,0.4970834703083629,0.567345663705568,0.48570741258021377,0.043873876333236694,0.020963579416275024,0.5423189699649811,0.571985274553299,684.348279733717,181.74177055597067,,y,y,1.0,r02c04:g,0.17383548424456932,True,dwell_v1,0.5963123999536037,,84.7155907599529,
21dd155a9585,1779962861779,ba43e845ddde0ab9,5,interpolation,False,1.0,0.5018284402021169,0.4734508432107291,0.6341840459129017,0.4965859812972874,0.5680062430575092,0.48501841225400827,0.04375532269477844,0.020884960889816284,0.5421000719070435,0.5720528066158295,687.3833856679855,186.79378917273476,,y,y,1.0,r02c04:g,0.17282146168605309,True,dwell_v1,0.6764335200190544,,57.219614477273105,
21dd155a9585,1779962861882,ba43e845ddde0ab9,5,interpolation,False,1.0,0.5014447347977107,0.47052899652370944,0.6315329614669388,0.4943246317789563,0.5664888481323247,0.4824268141513329,0.04364332556724548,0.020805001258850098,0.5418250262737274,0.5720784664154053,693.5507599828064,194.23026050011356,,y,y,1.0,r02c04:g,0.16804149479837097,True,dwell_v1,0.7577896799892188,,93.79746851400692,
21dd155a9585,1779962861982,ba43e845ddde0ab9,5,interpolation,False,1.0,0.501600728514576,0.4655020928679343,0.6354003957248644,0.49100051920081533,0.5685005621197202,0.4782513060343748,0.04354296624660492,0.02064812183380127,0.5415928959846497,0.5721031129360199,697.8357614703054,205.07269464599833,,y,y,1.0,r02c05:h,0.20353292505752585,True,dwell_v1,0.8385294400155544,,116.58456842812289,
21dd155a9585,1779962862084,ba43e845ddde0ab9,5,interpolation,False,1.0,0.49418173702299983,0.46009688732015813,0.6349909720673607,0.4858504701432198,0.5645863545451802,0.47297367873168894,0.04352070391178131,0.020473629236221313,0.5412328243255615,0.572119802236557,713.4450736836577,226.64201903436927,,h,h,1.0,r01c05:y,0.17086757579345782,True,dwell_v1,0.05418999996036291,,261.02863064316193,
21dd155a9585,1779962862186,ba43e845ddde0ab9,5,interpolation,False,1.0,0.4932572575300357,0.4580408549400424,0.6352245396899048,0.48320819029828116,0.5642408986099703,0.47062452261916177,0.04358932375907898,0.020421236753463745,0.5410463511943817,0.5721428096294403,728.8799610003663,245.82816630193065,,h,h,1.0,r03c05:b,0.15826929475517276,True,dwell_v1,0.13607215993106364,,241.41228576799364,
21dd155a9585,1779962862286,ba43e845ddde0ab9,5,interpolation,False,1.0,0.4951456788887814,0.45799007832131344,0.6340561723882797,0.48389385921991906,0.5646009256385306,0.4709419687706162,0.043607473373413086,0.020368635654449463,0.5408377051353455,0.5722018480300903,736.2675589489943,257.29235851723485,,h,h,1.0,r03c05:b,0.17981133009322103,True,dwell_v1,0.21635407991707326,,136.38339583688847,
21dd155a9585,1779962862387,ba43e845ddde0ab9,5,interpolation,False,1.0,0.49666094604476857,0.4590207541124337,0.6339463325958358,0.48511286127091524,0.5653036393203021,0.4720668076916745,0.04362185299396515,0.020368844270706177,0.5405944287776947,0.5722081065177917,737.3431434447147,261.8966486036594,,h,h,1.0,r03c05:b,0.18730281652666114,True,dwell_v1,0.29704023990780115,,46.81437857440659,
21dd155a9585,1779962862489,ba43e845ddde0ab9,5,interpolation,False,1.0,0.4960729286791842,0.46015191202521016,0.6343054052569926,0.48612127686364986,0.5651891669680884,0.47313659444443,0.043553680181503296,0.020342975854873657,0.5403822660446167,0.5721316635608673,737.49755924898,262.1882993639978,,h,h,1.0,r03c05:b,0.18783179910402598,True,dwell_v1,0.3784675199538469,,3.235359574692776,
21dd155a9585,1779962862589,ba43e845ddde0ab9,5,interpolation,False,1.0,0.49764250270533283,0.4589242862300264,0.6370652231023797,0.4841625994022332,0.5673538629038563,0.4715434428161298,0.04356259107589722,0.02028334140777588,0.5402062684297562,0.5720249712467194,730.5338734707382,264.67017528377477,,h,h,1.0,r03c05:b,0.18638790364611252,True,dwell_v1,0.45968784000724555,,73.92741555015708,
21dd155a9585,1779962862691,ba43e845ddde0ab9,5,interpolation,False,1.0,0.4980256658508728,0.4589190310925953,0.638850711962823,0.4836826034761731,0.5684381889068479,0.4713008172843842,0.0435715913772583,0.02024739980697632,0.540091410279274,0.5719985961914062,724.1287499213305,268.9273712943076,,h,h,1.0,r03c05:b,0.23620621939915618,True,dwell_v1,0.5407503999769687,,75.40058697053422,
21dd155a9585,1779962862793,ba43e845ddde0ab9,5,interpolation,False,1.0,0.4999318546733651,0.4592582148101148,0.6392173865915126,0.4841948315014542,0.5695746206324388,0.4717265231557845,0.04359652101993561,0.020199716091156006,0.5399961322546005,0.5719939768314362,716.6364785187807,270.4154205543491,,h,h,1.0,r03c05:b,0.22869083122944842,True,dwell_v1,0.6232907999306917,,74.88837096315287,
21dd155a9585,1779962862894,ba43e845ddde0ab9,5,interpolation,False,1.0,0.5009163807045932,0.45938535951619247,0.6396294379729027,0.4843913639997628,0.570272909338748,0.47188836175797766,0.04351484775543213,0.020183145999908447,0.5398563742637634,0.5719922184944153,710.0866622713518,271.0942074498998,,h,h,1.0,r02c05:h,0.21970373100121818,True,dwell_v1,0.0,,65.1969819749864,
21dd155a9585,1779962862994,ba43e845ddde0ab9,5,interpolation,False,1.0,0.4986136646787365,0.45848052836617004,0.6376599992917673,0.4839513822551542,0.5681368319852519,0.4712159553106621,0.04343092441558838,0.020146042108535767,0.5395382195711136,0.5719372034072876,710.5575271165956,272.0861490134785,,h,h,1.0,r02c05:h,0.2195016439384334,True,dwell_v1,0.0,,10.980263057147074,
21dd155a9585,1779962863096,ba43e845ddde0ab9,5,interpolation,False,1.0,0.4964619298123427,0.45876725175666977,0.6380559240839845,0.4849446727997416,0.5672589269481636,0.4718559622782057,0.04351913928985596,0.02012002468109131,0.5391683876514435,0.5718421638011932,714.4582367094142,270.6685607675518,,h,h,1.0,r03c05:b,0.2259327397857803,True,dwell_v1,0.0,,40.68933577249911,
21dd155a9585,1779962863196,ba43e845ddde0ab9,5,interpolation,False,1.0,0.4981723328022971,0.46037092934265006,0.6378937614914617,0.4867580114020797,0.5680330471468794,0.4735644703723649,0.043608397245407104,0.02015477418899536,0.5389207005500793,0.5718169510364532,715.5793382430427,267.656550649706,,h,h,1.0,r03c05:b,0.22308194827632677,True,dwell_v1,0.02702575996518135,,32.138876145113834,
21dd155a9585,1779962863298,ba43e845ddde0ab9,5,interpolation,False,1.0,0.49955443004315664,0.46091175109639876,0.638320100171116,0.48715806733229317,0.5689372651071363,0.474034909214346,0.04362916946411133,0.020150810480117798,0.5388135313987732,0.5718108117580414,712.459916787349,261.6509299724121,,h,h,1.0,r03c05:b,0.16428129253931664,True,dwell_v1,0.10697616003453732,,66.34746965703086,
21dd155a9585,1779962863399,ba43e845ddde0ab9,5,interpolation,False,1.0,0.5024584258573895,0.46165777220575477,0.6377932120257486,0.48723274041994685,0.570125818941569,0.47444525631285084,0.04354944825172424,0.020115703344345093,0.5387068837881088,0.5718391537666321,707.6929949632928,257.2116996044993,,h,h,1.0,r03c05:b,0.15330306912497998,True,dwell_v1,0.18836384005844592,,64.49361612239882,
21dd155a9585,1779962863502,ba43e845ddde0ab9,5,interpolation,False,1.0,0.5018019725546783,0.46033337345787756,0.6384495382283092,0.4872627408467671,0.5701257553914938,0.4737980571523223,0.04348635673522949,0.020074814558029175,0.5386186242103577,0.5718331336975098,704.1111547045311,255.83097028456226,,h,h,1.0,r02c04:g,0.15224351964356156,True,dwell_v1,0.2683912800624967,,37.269406766991295,
21dd155a9585,1779962863635,ba43e845ddde0ab9,5,interpolation,False,1.0,0.4997472599399394,0.45950151983194265,0.6382141897334214,0.4859423971305248,0.5689807248366804,0.4727219584812337,0.04349365830421448,0.0199851393699646,0.538514107465744,0.5716410577297211,705.637227177348,260.1732732823688,,h,h,1.0,r03c05:b,0.15433260294803916,True,dwell_v1,0.37649128008633853,,34.60647714422929,
21dd155a9585,1779962863736,ba43e845ddde0ab9,5,interpolation,False,1.0,0.4988111591186236,0.4590913665234278,0.6389668326628088,0.48612920066250814,0.5688889958907162,0.472610283592968,0.0434713214635849,0.01990354061126709,0.5384843498468399,0.5715472400188446,707.3570723681495,262.27849394190173,,h,h,1.0,r03c05:b,0.15893119044255696,True,dwell_v1,0.4586710400879383,,26.91507538129558,
21dd155a9585,1779962863837,ba43e845ddde0ab9,5,interpolation,False,1.0,0.49952643374237243,0.4601831101781459,0.6390037691066837,0.486611027437059,0.569265101424528,0.47339706880760246,0.04344537854194641,0.019914597272872925,0.5384670048952103,0.5715453624725342,707.080629108208,261.87226498866653,,h,h,1.0,r03c05:b,0.15811023761672488,True,dwell_v1,0.5386230399832129,,4.865032997365002,
21dd155a9585,1779962863937,ba43e845ddde0ab9,5,interpolation,False,1.0,0.49951437662772846,0.4603009308454117,0.6391970413224745,0.48667996118144785,0.5693557089751015,0.47349044601342977,0.043453097343444824,0.019929856061935425,0.5384595692157745,0.5715376436710358,706.4923276615132,260.4575508450616,,h,h,1.0,r03c05:b,0.15571946023205663,True,dwell_v1,0.6189006399363279,,15.321601418582498,
21dd155a9585,1779962864039,ba43e845ddde0ab9,5,interpolation,False,1.0,0.4991262944143562,0.4597556856414116,0.6392980592745805,0.4862788829482962,0.5692121768444683,0.4730172842948539,0.04346004128456116,0.019912809133529663,0.5384466052055359,0.5715340077877045,706.7294222133818,260.9536117036594,,h,h,1.0,r03c05:b,0.15659488266248237,True,dwell_v1,0.7003936000168324,,5.390286680657511,
21dd155a9585,1779962864141,ba43e845ddde0ab9,5,interpolation,False,1.0,0.49898693223181395,0.45995483286164185,0.6391965045555517,0.485943657256923,0.5690917183936828,0.47294924505928243,0.0434466153383255,0.01990675926208496,0.5384442657232285,0.5715638697147369,707.023977392655,261.9182279126474,,h,h,1.0,r03c05:b,0.15809426076269742,True,dwell_v1,0.7814656799659133,,9.888105158882736,
21dd155a9585,1779962864242,ba43e845ddde0ab9,5,interpolation,False,1.0,0.4988561361976652,0.4600579960901612,0.6391036219587916,0.48586668517939996,0.5689798790782283,0.4729623406347806,0.043448492884635925,0.019909292459487915,0.5384349226951599,0.5715592801570892,707.4812325296896,261.96834306983334,,h,h,1.0,r03c05:b,0.15871824999104578,True,dwell_v1,0.8611469600349665,,4.554388606099311,
21dd155a9585,1779962864343,ba43e845ddde0ab9,5,interpolation,False,1.0,0.4991467635029832,0.46026285058378,0.6388302294322852,0.48641945823280447,0.5689884964676342,0.4733411544082923,0.04343874752521515,0.019910216331481934,0.5384223610162735,0.5715541243553162,708.0440987415275,261.62300547626853,,h,h,1.0,r03c05:b,0.1589990055731022,True,dwell_v1,0.944328079931438,,6.538226040800353,
21dd155a9585,1779962864446,ba43e845ddde0ab9,5,interpolation,False,1.0,0.500198870479064,0.4616729538000714,0.6394076058302725,0.4870557254712581,0.5698032381546683,0.4743643396356647,0.043401867151260376,0.019943147897720337,0.5384195894002914,0.5715636610984802,706.0565311424306,258.4051141777177,,h,h,1.0,r03c05:b,0.1527711198862861,True,dwell_v1,1.0,,36.720661126338534,
21dd155a9585,1779962864548,ba43e845ddde0ab9,5,interpolation,False,1.0,0.4991928734477441,0.4608547480887906,0.6395590373803425,0.4862294237343082,0.5693759554140433,0.47354208591154945,0.043411195278167725,0.01991066336631775,0.5384035706520081,0.5715309381484985,705.5447056248012,257.7119223497062,,h,h,1.0,r03c05:b,0.15133644978555832,True,dwell_v1,0.0,,8.447774009122199,
21dd155a9585,1779962864682,ba43e845ddde0ab9,5,interpolation,False,1.0,0.4979655757555617,0.46133825530224465,0.6398441382597109,0.48678159662481807,0.5689048570076363,0.47405992596353136,0.04344557225704193,0.019951164722442627,0.5383850038051605,0.5715173184871674,706.4159030128185,257.9459549476857,,h,h,1.0,r03c05:b,0.1526618545827186,True,dwell_v1,0.0,,6.731972642440582,
21dd155a9585,1779962864815,ba43e845ddde0ab9,5,interpolation,False,1.0,0.5041937969777858,0.46349126245857397,0.6477874223024228,0.4879676162935666,0.5759906096401043,0.47572943937607026,0.04346565902233124,0.020032256841659546,0.5386125445365906,0.5714613795280457,698.9174377007763,249.39404656194722,,h,h,1.0,r02c04:g,0.20774188622644246,True,dwell_v1,0.0,,85.51689415971677,
21dd155a9585,1779962864917,ba43e845ddde0ab9,5,interpolation,False,1.0,0.6100219663014081,0.4681882359150748,0.7441167518506245,0.4924957316965225,0.6770693590760164,0.4803419838057986,0.04353231191635132,0.02002069354057312,0.54285529255867,0.5714859664440155,153.24979199307737,356.53006952643625,,z,z,1.0,r03c00:SHIFT,0.2615721624617633,True,dwell_v1,0.02786456011235714,,5451.8205992043,
21dd155a9585,1779962865019,ba43e845ddde0ab9,5,interpolation,False,1.0,0.6085737301613228,0.47313661215590913,0.7519774397126938,0.497183830048519,0.6802755849370083,0.4851602211022141,0.043695494532585144,0.020105719566345215,0.5432951152324677,0.5715197324752808,87.71871901685896,346.4218116467906,,Ctrl,Ctrl,1.0,r03c00:SHIFT,0.3072602197917606,True,dwell_v1,0.05368504002690315,,650.0597673684199,
21dd155a9585,1779962865120,ba43e845ddde0ab9,5,interpolation,False,1.0,0.6170262156132513,0.47702148858333054,0.7533490985961167,0.5007306174023346,0.685187657104684,0.48887605299283254,0.04367952048778534,0.02017614245414734,0.5437548011541367,0.5715405642986298,78.92692499729007,325.81015871445317,,Shift,Shift,1.0,r04c00:CTRL,0.3273901817042001,True,dwell_v1,0.026337119936943054,,221.86523345063046,
21dd155a9585,1779962865221,ba43e845ddde0ab9,5,interpolation,False,1.0,0.6159459142643706,0.47863559891816576,0.7486709375226812,0.5044152505117335,0.6823084258935259,0.49152542471494964,0.04383225739002228,0.020274728536605835,0.5441072136163712,0.5716270804405212,74.81031202518571,310.9627147598506,,Shift,Shift,1.0,r04c00:CTRL,0.293353174359168,True,dwell_v1,0.10715880002826453,,152.55015979834553,
21dd155a9585,1779962865321,ba43e845ddde0ab9,5,interpolation,False,1.0,0.6175238459502419,0.48262862447225413,0.7505976162185541,0.5104147041303656,0.684060731084398,0.49652166430130984,0.04392877221107483,0.02050936222076416,0.54440937936306,0.5718765258789062,72.69926295711832,291.8304883237482,,Shift,Shift,1.0,r04c00:CTRL,0.2423288978898236,True,dwell_v1,0.18841864001005887,,192.48340618611326,
21dd155a9585,1779962865423,ba43e845ddde0ab9,5,interpolation,False,1.0,0.6165056172461414,0.4892211538215444,0.7508792645895773,0.5159749481517967,0.6836924409178593,0.5025980509866705,0.044020846486091614,0.02073371410369873,0.5444536209106445,0.5719209909439087,68.75321084176852,266.2034955286832,,Shift,Shift,1.0,r04c00:CTRL,0.19987651858802602,True,dwell_v1,0.26972039993852376,,254.20608010543188,
21dd155a9585,1779962865524,ba43e845ddde0ab9,5,interpolation,False,1.0,0.6163676817641247,0.4930935578642578,0.7497003574496972,0.5183689460836021,0.6830340196069109,0.5057312519739299,0.044050633907318115,0.021017253398895264,0.5444333702325821,0.5716452598571777,66.85373206070288,246.93001885114703,,Shift,Shift,1.0,r01c00:q,0.2553926140618464,True,dwell_v1,0.3502327999100089,,191.7510013350998,
21dd155a9585,1779962865625,ba43e845ddde0ab9,5,interpolation,False,1.0,0.6178283407354606,0.49577044817233856,0.7507994261375728,0.5192789189640814,0.6843138834365167,0.50752468356821,0.04405277967453003,0.02113938331604004,0.5444083511829376,0.5713823139667511,64.00168928554267,231.31627793185095,,Shift,Shift,1.0,r03c00:SHIFT,0.2764880083256039,True,dwell_v1,0.0,,157.14934746510838,
21dd155a9585,1779962865727,ba43e845ddde0ab9,5,interpolation,False,1.0,0.6161613135186961,0.4957982706213459,0.750422803412143,0.5185107456298876,0.6832920584654195,0.5071545081256168,0.04406416416168213,0.021238327026367188,0.5443432331085205,0.571166604757309,62.25914041753499,222.2320360972583,,q,q,1.0,r03c00:SHIFT,0.2511596147549356,True,dwell_v1,0.08072423990815877,,90.684910570961,
21dd155a9585,1779962865829,ba43e845ddde0ab9,5,interpolation,False,1.0,0.6157630375595369,0.4987912274477901,0.7503034746832865,0.5206197243757045,0.6830332561214116,0.5097054759117473,0.04409301280975342,0.0213891863822937,0.5443354547023773,0.5710198879241943,62.66096069348529,216.54403511357626,,q,q,1.0,r03c00:SHIFT,0.23509852009773732,True,dwell_v1,0.16121743991971016,,55.90368936032562,
21dd155a9585,1779962865931,ba43e845ddde0ab9,5,interpolation,False,1.0,0.6147027788378225,0.5000892887861477,0.7487900433961825,0.5237800297927873,0.6817464111170025,0.5119346592894675,0.04414176940917969,0.021509677171707153,0.5443162769079208,0.5708668828010559,64.63166210474616,211.2938437209323,,q,q,1.0,r03c00:SHIFT,0.22040078457160417,True,dwell_v1,0.2425296800211072,,54.97908947833884,
21dd155a9585,1779962866033,ba43e845ddde0ab9,5,interpolation,False,1.0,0.6143206187322103,0.5011799093285377,0.7473947391253446,0.525192016002069,0.6808576789287775,0.5131859626653034,0.044118598103523254,0.02148398756980896,0.5443257987499237,0.5708246529102325,68.29372117482782,208.41823087182564,,q,q,1.0,r03c00:SHIFT,0.2125387875213372,True,dwell_v1,0.32370567992329596,,45.6486273931977,
21dd155a9585,1779962866133,ba43e845ddde0ab9,5,interpolation,False,1.0,0.6146412619887416,0.500748272940095,0.748330830099595,0.523183219302764,0.6814860460441683,0.5119657461214295,0.04410639405250549,0.021426141262054443,0.5443583577871323,0.5708236694335938,69.66056269995855,206.87329704713332,,q,q,1.0,r03c00:SHIFT,0.18351441834208862,True,dwell_v1,0.4053337600082159,,20.627836235291692,
21dd155a9585,1779962866236,ba43e845ddde0ab9,5,interpolation,False,1.0,0.6146538128072713,0.4997101482714166,0.7487594263315908,0.5205341601710022,0.681706619569431,0.5101221542212093,0.04410292208194733,0.021274149417877197,0.5443592369556427,0.5709672272205353,70.00504325203046,207.8292020526616,,q,q,1.0,r03c00:SHIFT,0.18610745588613312,True,dwell_v1,0.4860722400248051,,9.864867096066478,
21dd155a9585,1779962866337,ba43e845ddde0ab9,5,interpolation,False,1.0,0.6153188241588771,0.4973817922291676,0.7493310614103734,0.5183669424919274,0.6823249427846252,0.5078743673605475,0.04409608244895935,0.021075934171676636,0.5443622022867203,0.571232408285141,69.07271084171805,210.4450817900379,,q,q,1.0,r03c00:SHIFT,0.21827600995984642,True,dwell_v1,0.5680254399776459,,27.495658324842594,
21dd155a9585,1779962866439,ba43e845ddde0ab9,5,interpolation,False,1.0,0.6182500246928935,0.5002375110155971,0.7506744563878673,0.5203568647711343,0.6844622405403804,0.5102971878933658,0.04418952763080597,0.02138158679008484,0.5443154573440552,0.5717794001102448,65.67552634986534,210.00075113876852,,q,q,1.0,r03c00:SHIFT,0.2168339294765352,True,dwell_v1,0.6489818399772048,,33.589403101360624,
21dd155a9585,1779962866544,ba43e845ddde0ab9,5,interpolation,False,1.0,0.6182189494354443,0.5080604433953164,0.7476432600739394,0.5275997297540417,0.6829311047546919,0.517830086574679,0.04417675733566284,0.021626561880111694,0.5440569519996643,0.5722613036632538,65.46248548176159,201.57715654280082,,q,q,1.0,r03c00:SHIFT,0.1688112350797448,True,dwell_v1,0.7349399199709297,,80.25036352653156,
21dd155a9585,1779962866688,ba43e845ddde0ab9,5,interpolation,False,1.0,0.6162871295962051,0.5052423277228839,0.7498487876306489,0.5262495240435278,0.683067958613427,0.5157459258832058,0.044272541999816895,0.02162376046180725,0.5437235683202744,0.5724469721317291,68.54612639699815,197.6931041390261,,q,q,1.0,r03c00:SHIFT,0.15969608255961565,True,dwell_v1,0.8382131999358535,,34.43961685576552,
21dd155a9585,1779962866809,ba43e845ddde0ab9,5,interpolation,False,1.0,0.6177740384898245,0.5018162426855736,0.7530624168745647,0.5242068428761406,0.6854182276821945,0.513011542780857,0.04430541396141052,0.02151051163673401,0.5436540991067886,0.5725234150886536,62.183345958432696,193.49097007570273,,q,q,1.0,r03c00:SHIFT,0.14785226812637098,True,dwell_v1,0.9469688000157476,,63.01776484117046,
21dd155a9585,1779962866914,ba43e845ddde0ab9,5,interpolation,False,1.0,0.6180168737595345,0.4994215885142418,0.7538828623196931,0.5219093447349216,0.6859498680396139,0.5106654666245817,0.04434394836425781,0.021394342184066772,0.5436339527368546,0.5726867318153381,57.42592850303189,193.03931901910164,,q,q,1.0,r03c00:SHIFT,0.14539076349748184,True,dwell_v1,0.0,,45.51246075106617,
21dd155a9585,1779962867024,ba43e845ddde0ab9,5,interpolation,False,1.0,0.6181831557667097,0.4953204297157831,0.7546991514455493,0.5183452811738987,0.6864411536061295,0.5068328554448409,0.04430101811885834,0.021127432584762573,0.5435974895954132,0.5729342103004456,53.899397279713874,197.9342058155343,,q,q,1.0,r03c00:SHIFT,0.15614305377632212,True,dwell_v1,0.0,,54.84488963358073,
21dd155a9585,1779962867148,ba43e845ddde0ab9,5,interpolation,False,1.0,0.617940628528471,0.49747217381327835,0.7535554344852843,0.5196783617526104,0.6857480315068776,0.5085752677829444,0.044284552335739136,0.021091878414154053,0.5435129553079605,0.5730950236320496,51.69507686061675,200.06479443909018,,q,q,1.0,r03c00:SHIFT,0.16065643214800357,True,dwell_v1,0.0,,24.723281746293193,
21dd155a9585,1779962867248,ba43e845ddde0ab9,5,interpolation,False,1.0,0.6169314933948828,0.49679312622151134,0.7535755210238901,0.5190936042364099,0.6852535072093865,0.5079433652289607,0.044248759746551514,0.021062523126602173,0.5434197634458542,0.5731222629547119,52.19457004815392,201.27238525453717,,q,q,1.0,r03c00:SHIFT,0.16388974110306828,True,dwell_v1,0.0,,13.068163688705354,
21dd155a9585,1779962867350,ba43e845ddde0ab9,5,interpolation,False,1.0,0.6166090716479935,0.49726718400988973,0.754962315628269,0.5191935748237994,0.6857856936381312,0.5082303794168446,0.044188886880874634,0.02105531096458435,0.5433617234230042,0.5731440782546997,52.41695027707877,202.00229532720428,,q,q,1.0,r03c00:SHIFT,0.16582709836275691,True,dwell_v1,0.0,,7.480730599066296,
21dd155a9585,1779962867451,ba43e845ddde0ab9,5,interpolation,False,1.0,0.6170062553027632,0.4956095898586355,0.7533971092038205,0.5191818317649977,0.6852016822532918,0.5073957108118166,0.044118598103523254,0.0209791362285614,0.5432200282812119,0.573199450969696,53.63256875049339,204.149381883805,,q,q,1.0,r03c00:SHIFT,0.17178803192745584,True,dwell_v1,0.0,,24.428993098322902,
21dd155a9585,1779962867553,ba43e845ddde0ab9,5,interpolation,False,1.0,0.6175337274261726,0.4935543653483225,0.7535941996532138,0.5179541197025412,0.6855639635396933,0.5057542425254319,0.04410737752914429,0.02082526683807373,0.5431936085224152,0.5732496976852417,54.071692769132405,206.93965094629635,,q,q,1.0,r03c00:SHIFT,0.17922149543542754,True,dwell_v1,0.0,,27.69227172319517,
21dd155a9585,1779962867654,ba43e845ddde0ab9,5,interpolation,False,1.0,0.6175895657551795,0.4915415216564669,0.7534209901454672,0.5167254903745002,0.6855052779503233,0.5041335060154836,0.044090718030929565,0.02074846625328064,0.5431873351335526,0.5733089447021484,54.5097505822956,210.32909778486191,,q,q,1.0,r03c00:SHIFT,0.21597515947661775,True,dwell_v1,0.0,,33.837992786534,
21dd155a9585,1779962867757,ba43e845ddde0ab9,5,interpolation,False,1.0,0.6169432895760569,0.4909969487056496,0.7530775774918134,0.5175978755146444,0.6850104335339351,0.504297412110147,0.04412791132926941,0.020757079124450684,0.5431793034076691,0.573424905538559,54.905187539815316,212.64192677107246,,q,q,1.0,r03c00:SHIFT,0.2226415581704459,True,dwell_v1,0.0,,22.780490143002826,
21dd155a9585,1779962867890,ba43e845ddde0ab9,5,interpolation,False,1.0,0.5562648307076548,0.48630942083371814,0.6924505876386036,0.5170313403616308,0.6243577091731292,0.5016703805976744,0.04368270933628082,0.020560264587402344,0.5404858887195587,0.5733670592308044,305.94746105436803,234.18974504077335,,q,q,1.0,r01c02:e,0.1597362267631246,True,dwell_v1,0.0,,1894.4762257143855,
21dd155a9585,1779962867991,ba43e845ddde0ab9,5,interpolation,False,1.0,0.43749504366744474,0.4607193353352275,0.5865475643705419,0.4864320788267345,0.5120213040189934,0.473575707080981,0.04341156780719757,0.0199243426322937,0.535181075334549,0.5722237229347229,1144.4148014962836,255.02364566744447,,m,m,1.0,r03c08:BACKSPACE,0.2738110444956332,True,dwell_v1,0.027555200085043908,,8304.21917536176,
21dd155a9585,1779962868093,ba43e845ddde0ab9,5,interpolation,False,1.0,0.4426154668507332,0.4544808175244994,0.5892998928384496,0.47697439221174975,0.5159576798445914,0.4657276048681246,0.04342027008533478,0.020048409700393677,0.5349447578191757,0.5717906355857849,1232.1891005325804,244.44744829803062,,⌫,⌫,1.0,r01c09:p,0.3444530733975228,True,dwell_v1,0.055094319954514505,,866.756689612427,
21dd155a9585,1779962868193,ba43e845ddde0ab9,5,interpolation,False,1.0,0.439525661605868,0.45432780449927745,0.583236984298618,0.4759191288219619,0.511381322952243,0.46512346666061966,0.04352526366710663,0.020247220993041992,0.5346483290195465,0.571463942527771,1248.210233873178,214.91777626184546,,p,p,1.0,r03c08:BACKSPACE,0.24388381959389838,True,dwell_v1,0.026619919948279856,,335.9580694196616,
21dd155a9585,1779962868296,ba43e845ddde0ab9,5,interpolation,False,1.0,0.44011984108969315,0.45691749709496815,0.5745108724237495,0.4780567672765261,0.5073153567567213,0.4674871321857471,0.04343801736831665,0.02018311619758606,0.5341195613145828,0.5715812146663666,1262.14733616193,152.87943593858407,,p,p,1.0,r03c08:BACKSPACE,0.06775197477020817,True,dwell_v1,0.10882431995123625,,617.3259947195062,
21dd155a9585,1779962868397,ba43e845ddde0ab9,5,interpolation,False,1.0,0.4349725481856196,0.4616374934348535,0.5770349512415612,0.48247900947386924,0.5060037497135904,0.47205825145436137,0.04358513653278351,0.019923776388168335,0.5335729420185089,0.5719977915287018,1263.1486763165128,148.58736363332622,,p,p,1.0,r03c08:BACKSPACE,0.06211386667974716,True,dwell_v1,0.19111647997051479,,43.63694085822346,
21dd155a9585,1779962868497,ba43e845ddde0ab9,5,interpolation,False,1.0,0.434169138751041,0.4626297410464568,0.5755887520492912,0.48234273639523506,0.5048789454001661,0.47248623872084594,0.043456077575683594,0.01975831389427185,0.5332537889480591,0.572170078754425,1262.297079278219,154.34000332650987,,p,p,1.0,r03c08:BACKSPACE,0.06960230227209824,True,dwell_v1,0.2708853600546718,,58.15331543018253,
21dd155a9585,1779962868600,ba43e845ddde0ab9,5,interpolation,False,1.0,0.42971347498898704,0.4622368816290206,0.5720111405623508,0.4821019741702624,0.5008623077756689,0.4721694278996415,0.04351454973220825,0.019768089056015015,0.5328913778066635,0.5721665620803833,1258.6550117982476,162.23782889434924,,p,p,1.0,r03c08:BACKSPACE,0.0821212285457956,True,dwell_v1,0.352502560056746,,84.43828594398857,
21dd155a9585,1779962868700,ba43e845ddde0ab9,5,interpolation,False,1.0,0.42623655309697434,0.4574527271203028,0.5722072160108014,0.4788839606783987,0.49922188455388783,0.4681683438993508,0.04353807866573334,0.01973205804824829,0.5325561910867691,0.5722326338291168,1253.3011408144455,170.48538638155856,,p,p,1.0,r03c08:BACKSPACE,0.097770184568701,True,dwell_v1,0.4331140000373125,,98.32911014344691,
21dd155a9585,1779962868803,ba43e845ddde0ab9,5,interpolation,False,1.0,0.42782160832691374,0.44578635483361634,0.5735971346730715,0.4692221684095978,0.5007093714999926,0.45750426162160707,0.043278783559799194,0.019217461347579956,0.5324046611785889,0.5726132094860077,1247.7172688152482,178.18796967925084,,p,p,1.0,r03c08:BACKSPACE,0.11459917520990495,True,dwell_v1,0.513957279920578,,92.36547256589665,
21dd155a9585,1779962868904,ba43e845ddde0ab9,5,interpolation,False,1.0,0.4294680433077118,0.44496540433006865,0.5755450847362891,0.46891625541484555,0.5025065640220004,0.4569408298724571,0.04309256374835968,0.019046247005462646,0.5321332514286041,0.5728249847888947,1242.7909302118937,185.8509144487979,,p,p,1.0,r03c08:BACKSPACE,0.13296149026888113,True,dwell_v1,0.5963204000145197,,90.19662570573267,
21dd155a9585,1779962869005,ba43e845ddde0ab9,5,interpolation,False,1.0,0.4288471203694191,0.4466651229789082,0.5736326377895196,0.47002281090907055,0.5012398790794693,0.4583439669439894,0.04313093423843384,0.01903548836708069,0.5318274348974228,0.5728754103183746,1241.3809875552747,188.57827548197332,,p,p,1.0,r03c08:BACKSPACE,0.13978602703271711,True,dwell_v1,0.6770484799519181,,30.398517169704323,
21dd155a9585,1779962869107,ba43e845ddde0ab9,5,interpolation,False,1.0,0.43039837039335743,0.44713285308916995,0.5747386354957842,0.47111227429177505,0.5025685029445708,0.4591225636904725,0.043087929487228394,0.01904904842376709,0.5316556841135025,0.5728668570518494,1242.0153978942565,188.60331935268334,,p,p,1.0,r03c08:BACKSPACE,0.13956192147198332,True,dwell_v1,0.7570407999679446,,6.224553532030579,
21dd155a9585,1779962869209,ba43e845ddde0ab9,5,interpolation,False,1.0,0.42992886219340243,0.4483509630865539,0.5742375348323631,0.47323727507890784,0.5020831985128827,0.4607941190827309,0.04307013750076294,0.019118517637252808,0.5315234959125519,0.5728562772274017,1243.4758610887045,186.57696912107758,,p,p,1.0,r03c08:BACKSPACE,0.13428473146357708,True,dwell_v1,0.838158480077982,,24.488320002762112,
21dd155a9585,1779962869310,ba43e845ddde0ab9,5,interpolation,False,1.0,0.4289722679010657,0.450056818339682,0.5755986431566312,0.474251615907099,0.5022854555288485,0.4621542171233905,0.04304236173629761,0.01914280652999878,0.531374454498291,0.5728676319122314,1245.8952543989878,183.03042620400743,,p,p,1.0,r03c08:BACKSPACE,0.1254162882001506,True,dwell_v1,0.9209639200940728,,42.506774346600736,
21dd155a9585,1779962869411,ba43e845ddde0ab9,5,interpolation,False,1.0,0.43260063965468687,0.4504791741412408,0.5784275436088524,0.474676255119043,0.5055140916317696,0.46257771463014186,0.043102115392684937,0.019171088933944702,0.5313422977924347,0.5728631019592285,1250.454844781169,176.71739181984904,,p,p,1.0,r03c08:BACKSPACE,0.11051391786810069,True,dwell_v1,1.0,,77.10339547420755,
21dd155a9585,1779962869512,ba43e845ddde0ab9,5,interpolation,False,1.0,0.43294044695835193,0.449976590626564,0.578163703186496,0.47553160395680716,0.505552075072424,0.4627540972916856,0.043159425258636475,0.019237041473388672,0.531265527009964,0.5728479623794556,1253.6092437848047,172.28872499501938,,p,p,1.0,r03c08:BACKSPACE,0.100856831660723,True,dwell_v1,0.0,,53.83382641547234,
21dd155a9585,1779962869613,ba43e845ddde0ab9,5,interpolation,False,1.0,0.43319424552762475,0.4503411067140814,0.5785894718777146,0.475335686342841,0.5058918587026697,0.4628383965284612,0.04316183924674988,0.01924973726272583,0.531214565038681,0.5728433728218079,1255.619427963518,169.46919991488002,,p,p,1.0,r03c08:BACKSPACE,0.0950430560133662,True,dwell_v1,0.0,,34.28454559490058,
21dd155a9585,1779962869713,ba43e845ddde0ab9,5,interpolation,False,1.0,0.4347471851515496,0.4509835282014503,0.5795266424890665,0.47574066268746007,0.507136913820308,0.46336209544445517,0.04313047230243683,0.01925721764564514,0.5311827510595322,0.5728481113910675,1257.7173399069043,165.9920338114653,,p,p,1.0,r03c08:BACKSPACE,0.08838225343239975,True,dwell_v1,0.0,,40.610243329656086,
21dd155a9585,1779962869817,ba43e845ddde0ab9,5,interpolation,False,1.0,0.4342536874771489,0.45384966830534185,0.5800515424379609,0.4768266424392883,0.5071526149575549,0.46533815537231504,0.04316365718841553,0.0193750262260437,0.531118631362915,0.5729358196258545,1260.7062049898486,157.39616686385912,,p,p,1.0,r03c08:BACKSPACE,0.07430545671123337,True,dwell_v1,0.0,,87.50646799054621,
21dd155a9585,1779962869917,ba43e845ddde0ab9,5,interpolation,False,1.0,0.4351018663435219,0.4571041989293316,0.581139683274918,0.47997859950827815,0.50812077480922,0.4685413992188049,0.043220728635787964,0.019429504871368408,0.5310604274272919,0.5731135308742523,1264.8925854146792,135.3850419603406,,p,p,1.0,r01c08:o,0.05982090229813505,True,dwell_v1,0.0,,224.05700180527666,
21dd155a9585,1779962870018,ba43e845ddde0ab9,5,interpolation,False,1.0,0.43495556288849907,0.4555601693237914,0.5801540909563154,0.47923941273476256,0.5075548269224073,0.467399791029277,0.0433732271194458,0.01964595913887024,0.5309184640645981,0.5732607245445251,1266.933249191847,125.38935920644107,,p,p,1.0,r01c08:o,0.07533088406057287,True,dwell_v1,0.0,,101.00853179095402,
21dd155a9585,1779962870121,ba43e845ddde0ab9,5,interpolation,False,1.0,0.4384785142704116,0.4538389876946893,0.581295264939137,0.4780836043467915,0.5098868896047744,0.4659612960207404,0.043413251638412476,0.019653528928756714,0.5307744294404984,0.5734098553657532,1267.8163583990874,124.63057667220363,,p,p,1.0,r01c08:o,0.0743189046249849,True,dwell_v1,0.0,,11.304043247394896,
21dd155a9585,1779962870222,ba43e845ddde0ab9,5,interpolation,False,1.0,0.438872364713207,0.4535298431829138,0.5799303779843517,0.47835203078053734,0.5094013713487793,0.46594093698172556,0.04336276650428772,0.01972752809524536,0.5306390672922134,0.5734792053699493,1268.458876696717,124.4283836762565,,p,p,1.0,r01c08:o,0.07354415331226205,True,dwell_v1,0.0,,6.6691218019419765,
21dd155a9585,1779962870324,ba43e845ddde0ab9,5,interpolation,False,1.0,0.44008810603114656,0.45435787772266784,0.5793164454130897,0.4792861463454568,0.5097022757221181,0.4668220120340623,0.04338626563549042,0.019821912050247192,0.5305142402648926,0.573519229888916,1269.2294430954419,118.96110925730434,,p,p,1.0,r01c08:o,0.07324102152854677,True,dwell_v1,0.0,,54.13048844783646,
21dd155a9585,1779962870428,ba43e845ddde0ab9,5,interpolation,False,1.0,0.44032042778979386,0.4544163872939742,0.5775110402983098,0.47946104681292107,0.5089157340440518,0.46693871705344764,0.04336084425449371,0.01992061734199524,0.5303857922554016,0.5735607147216797,1269.6300458280698,115.4262766498191,,p,p,1.0,r01c08:o,0.07313175664679071,True,dwell_v1,0.0,,34.20634947937379,
21dd155a9585,1779962870568,ba43e845ddde0ab9,5,interpolation,False,1.0,0.4396826577824073,0.46138840547104015,0.5804205329947856,0.4849982607092799,0.5100515953885965,0.47319333309016004,0.04350823163986206,0.020090997219085693,0.5302951633930206,0.5737957060337067,1268.735207642916,128.06432786890693,,p,p,1.0,r01c08:o,0.07273580694621096,True,dwell_v1,0.0,,90.49779397297102,
21dd155a9585,1779962870696,ba43e845ddde0ab9,5,interpolation,False,1.0,0.441247727100128,0.46325610554362157,0.580859697801076,0.4861174610044239,0.511053712450602,0.4746867832740227,0.043535590171813965,0.02016463875770569,0.530255138874054,0.5738536715507507,1266.3227117936276,159.7547728923411,,p,p,1.0,r03c08:BACKSPACE,0.07555752492217664,True,dwell_v1,0.0,,248.29797108849613,
21dd155a9585,1779962870830,ba43e845ddde0ab9,5,interpolation,False,1.0,0.5214810196947951,0.5196921741692245,0.6681602423795502,0.5369035749893177,0.5948206310371726,0.5282978745792711,0.04381376504898071,0.0220528244972229,0.5336386114358902,0.5733780562877655,707.5108945578706,212.18159606160452,,⌫,⌫,1.0,r01c05:y,0.2005662766097046,True,dwell_v1,0.0,,4188.550218545623,
21dd155a9585,1779962870931,ba43e845ddde0ab9,5,interpolation,False,1.0,0.5519224642370494,0.5240876986693013,0.682777568280989,0.5453294801498786,0.6173500162590192,0.53470858940959,0.04377053678035736,0.022500574588775635,0.5345158874988556,0.5732381343841553,593.7901100899011,228.41259757688158,,g,g,1.0,r01c04:t,0.16333810718961794,True,dwell_v1,0.05350640006363392,,1137.358853343235,
21dd155a9585,1779962871033,ba43e845ddde0ab9,5,interpolation,False,1.0,0.6259522892180416,0.5239027593671333,0.74535885347612,0.5428481728822956,0.6856555713470808,0.5333754661247144,0.0436282604932785,0.022433847188949585,0.5373504757881165,0.5732644200325012,200.18868652910882,202.68053190918536,,s,s,1.0,r02c00:a,0.2758273445114503,True,dwell_v1,0.027616479992866518,,3867.075056892113,
21dd155a9585,1779962871135,ba43e845ddde0ab9,5,interpolation,False,1.0,0.6411797561864919,0.5212488352263173,0.7638790655368417,0.5414349825069148,0.7025294108616669,0.531341908866616,0.04390658438205719,0.02238139510154724,0.5382898598909378,0.5734834372997284,97.6692309362882,169.89439743164468,,q,q,1.0,r01c01:w,0.1637802630297161,True,dwell_v1,0.05311584006994963,,1055.239458231513,
21dd155a9585,1779962871268,ba43e845ddde0ab9,5,interpolation,False,1.0,0.6348329252531416,0.5178410322260357,0.7608692813685601,0.5403571080876718,0.6978511033108509,0.5290990701568538,0.04407221078872681,0.022335350513458252,0.5382433235645294,0.573606014251709,65.39087975135293,156.52062080927087,,q,q,1.0,r00c00:👁 CALIBRATE,0.12805514828355855,True,dwell_v1,0.16040216013789177,,262.70098426213576,
21dd155a9585,1779962871371,ba43e845ddde0ab9,5,interpolation,False,1.0,0.6285795328477686,0.5167916195953579,0.7584606693413665,0.5398219814810189,0.6935201010945675,0.5283068005381883,0.044027164578437805,0.022201180458068848,0.5381064713001251,0.5735600292682648,56.80439695389716,155.2083524308549,,q,q,1.0,r00c00:👁 CALIBRATE,0.12951720566168054,True,dwell_v1,0.24126056004315616,,84.33185144230664,
21dd155a9585,1779962871471,ba43e845ddde0ab9,5,interpolation,False,1.0,0.6230715781443149,0.5138094412078584,0.7576481752234215,0.5379392236424843,0.6903598766838682,0.5258743324251713,0.04398763179779053,0.02191069722175598,0.5380076766014099,0.5733924508094788,53.31441764973046,156.97185822134878,,q,q,1.0,r00c00:👁 CALIBRATE,0.12363289295376072,True,dwell_v1,0.3226191200315952,,39.10231222909637,
21dd155a9585,1779962871574,ba43e845ddde0ab9,5,interpolation,False,1.0,0.6180789835916306,0.5129609195290304,0.7525304409457597,0.5367509742892266,0.6853047122686952,0.5248559469091285,0.04397192597389221,0.02188122272491455,0.5378188490867615,0.5733692646026611,58.207237344273565,164.38702660437255,,q,q,1.0,r00c00:👁 CALIBRATE,0.10598533270046212,True,dwell_v1,0.4046228799968958,,86.25185383367105,
21dd155a9585,1779962871675,ba43e845ddde0ab9,5,interpolation,False,1.0,0.6136065016292473,0.5108963229768599,0.7486892093476385,0.5342866355315532,0.6811478554884429,0.5225914792542066,0.043927520513534546,0.02188393473625183,0.5376968532800674,0.5734484195709229,69.16826519331595,175.23625194560012,,q,q,1.0,r02c00:a,0.12099900950111156,True,dwell_v1,0.4855246400460601,,152.69683718751858,
21dd155a9585,1779962871776,ba43e845ddde0ab9,5,interpolation,False,1.0,0.6100791221300998,0.5041352866892188,0.7469721968102035,0.5274331186055324,0.6785256594701516,0.5157842026473756,0.04384732246398926,0.02164626121520996,0.5376628339290619,0.5737521946430206,76.9123994041293,187.15023305030746,,q,q,1.0,r02c00:a,0.1422220355914932,True,dwell_v1,0.5666913600638509,,140.68974586497473,
21dd155a9585,1779962871876,ba43e845ddde0ab9,5,interpolation,False,1.0,0.6113513372574066,0.5030424819787306,0.749927795903086,0.5263274636172074,0.6806395665802463,0.514684972797969,0.04367896914482117,0.021325021982192993,0.5376959443092346,0.5741308033466339,79.26606027569876,196.46121802667005,,q,q,1.0,r03c00:SHIFT,0.15827294397405095,True,dwell_v1,0.6471776800230146,,96.03861761208715,
21dd155a9585,1779962871978,ba43e845ddde0ab9,5,interpolation,False,1.0,0.6135069454574082,0.5019945209140719,0.753104827062945,0.5233971882244435,0.6833058862601766,0.5126958545692577,0.043505191802978516,0.02112579345703125,0.5376720726490021,0.5743341445922852,73.54222177221965,198.00101998634602,,q,q,1.0,r03c00:SHIFT,0.1613841699689207,True,dwell_v1,0.7285032801330089,,58.11114158184315,
21dd155a9585,1779962872080,ba43e845ddde0ab9,5,interpolation,False,1.0,0.6119739291730646,0.4979283415247524,0.7528871602844452,0.5172302626095517,0.6824305447287549,0.5075793020671521,0.043383121490478516,0.020949453115463257,0.5375146120786667,0.5744170248508453,69.22863591107952,202.83074225999144,,q,q,1.0,r03c00:SHIFT,0.17287977566953427,True,dwell_v1,0.8103236800059677,,63.48615707184918,
21dd155a9585,1779962872182,ba43e845ddde0ab9,5,interpolation,False,1.0,0.6138087837674328,0.484948384847165,0.7609486384853774,0.5049136648398738,0.6873787111264051,0.49493102484351936,0.0433453768491745,0.02006298303604126,0.5376769006252289,0.5748217701911926,67.60562712417754,219.91491083527237,,q,q,1.0,r03c00:SHIFT,0.2450049093650154,True,dwell_v1,0.8915675200521946,,168.24596994983725,
21dd155a9585,1779962872283,ba43e845ddde0ab9,5,interpolation,False,1.0,0.6236342779224493,0.4856401636306472,0.7661916613016364,0.5077959638988598,0.6949129696120429,0.4967180637647535,0.04331023991107941,0.019927889108657837,0.5379477739334106,0.5749061703681946,58.06810748001181,224.10814661095515,,q,q,1.0,r03c00:SHIFT,0.25582963011335685,True,dwell_v1,0.9731335200369358,,103.15458909509849,
21dd155a9585,1779962872384,ba43e845ddde0ab9,5,interpolation,False,1.0,0.6372952841184095,0.4866538236003824,0.7705858469587565,0.5082041940043807,0.7039405655385831,0.4974290088023815,0.04344150424003601,0.02007046341896057,0.5383683890104294,0.5748325288295746,43.3179544355861,222.92200165393234,,q,q,1.0,r03c00:SHIFT,0.24823971254876884,True,dwell_v1,0.0,,146.51256011298437,
21dd155a9585,1779962872511,ba43e845ddde0ab9,5,interpolation,False,1.0,0.6444000802652852,0.48710960637347817,0.7764499031211917,0.5097613909366105,0.7104249916932384,0.49843549865504433,0.043463438749313354,0.020222246646881104,0.5388148576021194,0.5747460126876831,33.51174377529277,221.63150216089485,,q,q,1.0,r03c00:SHIFT,0.24016425452622503,True,dwell_v1,0.0,,77.88000918616828,
21dd155a9585,1779962872626,ba43e845ddde0ab9,5,interpolation,False,1.0,0.6142067143265239,0.37598282372103353,0.6165116333143218,0.30347287844645865,0.6153591738204228,0.3397278510837461,0.04275888204574585,0.007071077823638916,0.5354979783296585,0.5809977352619171,376.7978707102721,245.60143319269133,,q,q,1.0,r03c02:x,0.16071189632895502,True,dwell_v1,0.0,,2992.364859273697,
21dd155a9585,1779962872738,ba43e845ddde0ab9,5,interpolation,False,1.0,0.6025140749706557,0.4846358392093233,0.5841539428748346,0.3531670127882829,0.5933340089227451,0.4189014259988031,0.042378395795822144,0.00588563084602356,0.5355993807315826,0.5833369791507721,655.3138769056781,261.96328686795573,,g,g,1.0,r03c04:v,0.1781619683725953,True,dwell_v1,0.027698880061507225,,2491.0374415681067,
21dd155a9585,1779962872840,ba43e845ddde0ab9,5,interpolation,False,1.0,0.6036047202321088,0.461828443259204,0.7532359496302156,0.4944978787223198,0.6784203349311622,0.47816316099076195,0.041277557611465454,0.013636499643325806,0.5397312045097351,0.5789976418018341,210.71234005890662,339.0791365629374,,x,x,1.0,r03c00:SHIFT,0.19904779383698987,True,dwell_v1,0.02812776006758213,,4423.919865701873,
21dd155a9585,1779962872961,ba43e845ddde0ab9,5,interpolation,False,1.0,0.60164785224821,0.4775563267500892,0.7476493668702671,0.5132179163477936,0.6746486095592386,0.4953871215489414,0.04174582660198212,0.01794174313545227,0.5396669507026672,0.5768448412418365,121.86268842253797,292.0484755757103,,Shift,Shift,1.0,r04c00:CTRL,0.16227013430669177,True,dwell_v1,0.05653320010751486,,830.8208054473969,
21dd155a9585,1779962873076,ba43e845ddde0ab9,5,interpolation,False,1.0,0.5441010889235243,0.4622993050880699,0.7032704946987676,0.4912843269038712,0.6236857918111459,0.47679181599597054,0.04174336791038513,0.018299132585525513,0.5376340746879578,0.576562762260437,383.1298898140427,287.95708019480816,,Shift,Shift,1.0,r02c02:d,0.19386665711707166,True,dwell_v1,0.16227096002548932,,2272.1672579997376,
21dd155a9585,1779962873178,ba43e845ddde0ab9,5,interpolation,False,1.0,0.5283083887309921,0.44728549064112066,0.6859375953693466,0.47215487729253564,0.6071229920501693,0.4597201839668281,0.04192304611206055,0.019237518310546875,0.5369032919406891,0.5769385397434235,575.6560857848851,289.04759197508764,,c,c,1.0,r03c04:v,0.162121826611934,True,dwell_v1,0.05369792003184557,,1887.54200390553,
21dd155a9585,1779962873297,ba43e845ddde0ab9,5,interpolation,False,1.0,0.5651952166621447,0.4601428829719378,0.7264377152396457,0.49469403528541633,0.6458164659508951,0.4774184591286771,0.04225587844848633,0.020213216543197632,0.5384138971567154,0.5782428681850433,370.2371692951027,314.3880995713223,,c,c,1.0,r03c01:z,0.17418641823608763,True,dwell_v1,0.026727199926972388,,1739.294280071417,
21dd155a9585,1779962873414,ba43e845ddde0ab9,5,interpolation,False,1.0,0.5863947636972818,0.46661164990741455,0.7492211671750856,0.5059198548265573,0.6678079654361837,0.48626575236698594,0.04271681606769562,0.02044844627380371,0.5394072085618973,0.5789363086223602,72.88853297276088,378.74004850157615,,Ctrl,Ctrl,1.0,r03c00:SHIFT,0.2492902833407861,True,dwell_v1,0.05393831990659237,,2600.277367576796,
21dd155a9585,1779962873515,ba43e845ddde0ab9,5,interpolation,False,1.0,0.5959993349793341,0.4702578785131302,0.7516593354746673,0.5122586252955507,0.6738293352270007,0.49125825190434047,0.04309326410293579,0.020496636629104614,0.53982113301754,0.5792054235935211,67.95790563991011,365.18783131954405,,Ctrl,Ctrl,1.0,r03c00:SHIFT,0.2687968239639753,True,dwell_v1,0.13593911994248628,,142.78507393950514,
21dd155a9585,1779962873616,ba43e845ddde0ab9,5,interpolation,False,1.0,0.6015802593854627,0.4758325738645978,0.7551249876385224,0.5133063260573818,0.6783526235119925,0.49456944996098984,0.043550729751586914,0.02061900496482849,0.5401004254817963,0.5792372524738312,70.76467707892245,339.5912208953438,,Ctrl,Ctrl,1.0,r03c00:SHIFT,0.37751869180068387,True,dwell_v1,0.21636528000235558,,254.95086631120387,
21dd155a9585,1779962873719,ba43e845ddde0ab9,5,interpolation,False,1.0,0.609162030882326,0.48450234408898013,0.7578058348257317,0.5161556182308502,0.6834839328540289,0.5003289811599152,0.04392741620540619,0.020802408456802368,0.5401660799980164,0.5792282223701477,71.14869025855351,303.29388503746986,,Shift,Shift,1.0,r04c00:CTRL,0.27795406716684934,True,dwell_v1,0.054617599956691264,,352.4210404264555,
21dd155a9585,1779962873820,ba43e845ddde0ab9,5,interpolation,False,1.0,0.6137247793574688,0.5500938862021068,0.7481016673456716,0.5670684040650134,0.6809132233515702,0.55858114513356,0.04431188106536865,0.02408471703529358,0.5401347130537033,0.5778237283229828,159.9676744693816,212.68301875236517,,Shift,Shift,1.0,r01c01:w,0.20109864289824625,True,dwell_v1,0.0,,1256.2612931008898,
21dd155a9585,1779962873921,ba43e845ddde0ab9,5,interpolation,False,1.0,0.6322610577382524,0.559540811068321,0.7410945070002714,0.5728311094906959,0.6866777823692618,0.5661859602795085,0.044752806425094604,0.02495524287223816,0.5407045483589172,0.5764029324054718,189.8441598407666,211.02300182095658,,a,a,1.0,r01c01:w,0.216118576244176,True,dwell_v1,0.08024519998580218,,296.2630426629543,
21dd155a9585,1779962874023,ba43e845ddde0ab9,5,interpolation,False,1.0,0.6364352930348259,0.5507805424142956,0.7416679624925806,0.5661828298437288,0.6890516277637033,0.5584816861290123,0.04511800408363342,0.024358272552490234,0.5414642989635468,0.5763262212276459,188.72569310729747,206.72128931757493,,a,a,1.0,r01c01:w,0.2812265278863087,True,dwell_v1,0.1620659999549389,,43.575865399683416,
21dd155a9585,1779962874124,ba43e845ddde0ab9,5,interpolation,False,1.0,0.6243570885912527,0.5455777052268638,0.7428824533079538,0.5616050680535576,0.6836197709496032,0.5535913866402107,0.045155301690101624,0.024027585983276367,0.5421414822340012,0.576444536447525,185.01569329781665,204.25732122403477,,a,a,1.0,r01c01:w,0.28639701056504235,True,dwell_v1,0.0,,44.09581024943221,
21dd155a9585,1779962874226,ba43e845ddde0ab9,5,interpolation,False,1.0,0.6178954620077868,0.5360448865275284,0.7424056177928887,0.5557332697024672,0.6801505399003378,0.5458890781149978,0.045098960399627686,0.023571699857711792,0.5426874458789825,0.5765596926212311,176.87475793440132,202.69718400318118,,a,a,1.0,r01c01:w,0.2872556312166492,True,dwell_v1,0.0,,81.26549580988934,
21dd155a9585,1779962874327,ba43e845ddde0ab9,5,interpolation,False,1.0,0.6241579460400649,0.5319888307468876,0.746402473148716,0.553601843891299,0.6852802095943904,0.5427953373190932,0.04519210755825043,0.02344745397567749,0.5430909097194672,0.5765970647335052,160.04154082779846,198.8440303679905,,w,w,1.0,r02c00:a,0.2360499319535512,True,dwell_v1,0.054013440012931825,,170.97607855698027,
21dd155a9585,1779962874428,ba43e845ddde0ab9,5,interpolation,False,1.0,0.6246499333537808,0.5291248997273488,0.7484017260544017,0.549492159974946,0.6865258297040913,0.5393085298511474,0.04517148435115814,0.02327325940132141,0.5432344228029251,0.5766130685806274,139.218657133747,193.1936121833352,,w,w,1.0,r02c00:a,0.22435997280763223,True,dwell_v1,0.13609800003468991,,213.6228296816327,
21dd155a9585,1779962874531,ba43e845ddde0ab9,5,interpolation,False,1.0,0.6266357915375614,0.5283578886600182,0.7504494033811425,0.5480688439778755,0.688542597459352,0.5382133663189468,0.045163094997406006,0.023125648498535156,0.5433294326066971,0.5765818655490875,121.41377549808828,187.54743918682655,,q,q,1.0,r02c00:a,0.20221716100937137,True,dwell_v1,0.026745999976992608,,181.34640595398943,
21dd155a9585,1779962874632,ba43e845ddde0ab9,5,interpolation,False,1.0,0.6247297499683189,0.5261080393389262,0.747913903128988,0.5454176206263796,0.6863218265486535,0.5357628299826529,0.04517322778701782,0.023019999265670776,0.5432225167751312,0.5764950215816498,111.70596843516454,185.01573145572672,,q,q,1.0,r02c00:a,0.18751441783824688,True,dwell_v1,0.10921064000576734,,99.33168600891793,
21dd155a9585,1779962874732,ba43e845ddde0ab9,5,interpolation,False,1.0,0.6223974394633838,0.5243062515534673,0.7475434021307131,0.5426438988416891,0.6849704207970484,0.5334750751975782,0.04519689083099365,0.022870540618896484,0.5431381464004517,0.5764721035957336,104.43927866268989,183.74804092861197,,q,q,1.0,r02c00:a,0.1766558309768821,True,dwell_v1,0.1900909600779414,,73.76436776786211,
21dd155a9585,1779962874834,ba43e845ddde0ab9,5,interpolation,False,1.0,0.6186213391142178,0.5148227023593572,0.745415033206767,0.533947943407294,0.6820181861604924,0.5243853228833256,0.045119673013687134,0.022400379180908203,0.5430118143558502,0.5765764117240906,98.40114479213554,184.97856027373615,,q,q,1.0,r02c00:a,0.16982675230842875,True,dwell_v1,0.27116839997470377,,60.41414682527878,
21dd155a9585,1779962874936,ba43e845ddde0ab9,5,interpolation,False,1.0,0.6154090269245368,0.5029272693172837,0.749141214224077,0.5215811177068507,0.682275120574307,0.5122541935120672,0.04489944875240326,0.021559685468673706,0.5429657399654388,0.576931357383728,86.37809704232953,190.25722688836933,,q,q,1.0,r02c00:a,0.15818873468054526,True,dwell_v1,0.3520832000300288,,128.73336685075213,
21dd155a9585,1779962875036,ba43e845ddde0ab9,5,interpolation,False,1.0,0.6138015795016272,0.49296019989648454,0.75044221909786,0.5119133748417497,0.6821218992997435,0.5024367873691171,0.0447535514831543,0.020967692136764526,0.5429161190986633,0.5771803557872772,78.66190933869416,206.45979490346528,,q,q,1.0,r03c00:SHIFT,0.1836843847689042,True,dwell_v1,0.4349689600989223,,179.46107181267584,
21dd155a9585,1779962875139,ba43e845ddde0ab9,5,interpolation,False,1.0,0.5930817855775466,0.48615336504227036,0.7412716563302107,0.5043399164950605,0.6671767209538787,0.4952466407686654,0.04446953535079956,0.020662009716033936,0.542179524898529,0.5772818326950073,86.05313913217418,282.62861373234716,,q,q,1.0,r04c00:CTRL,0.1967545931931043,True,dwell_v1,0.5140498399734497,,742.976618600654,
21dd155a9585,1779962875241,ba43e845ddde0ab9,5,interpolation,False,1.0,0.5672746967421174,0.48350500074638003,0.7169556279997236,0.5024079039224569,0.6421151623709205,0.4929564523344185,0.04408407211303711,0.020602107048034668,0.5409957766532898,0.5773764550685883,236.25806748501358,301.2009139802134,,Shift,Shift,1.0,r04c01:ALT,0.19114710178855338,True,dwell_v1,0.08278471995145083,,1483.811491882565,
21dd155a9585,1779962875341,ba43e845ddde0ab9,5,interpolation,False,1.0,0.541967559845094,0.47882113055651887,0.68855420522643,0.4952264177413613,0.6152608825357619,0.48702377414894005,0.043744370341300964,0.020493268966674805,0.5397703796625137,0.5773935616016388,504.92698846836925,258.18530258044706,,x,x,1.0,r03c03:c,0.1853692228215781,True,dwell_v1,0.026489119976758957,,2720.9066857659095,
21dd155a9585,1779962875444,ba43e845ddde0ab9,5,interpolation,False,1.0,0.5205781990672257,0.4751941349909992,0.664274490689442,0.4925143798220066,0.5924263448783338,0.4838542574065029,0.04341045022010803,0.020469218492507935,0.5386258363723755,0.5773704349994659,594.7653002570244,233.7984864849554,,f,f,1.0,r01c04:t,0.1529383174200758,True,dwell_v1,0.0,,903.78072185952,
21dd155a9585,1779962875545,ba43e845ddde0ab9,5,interpolation,False,1.0,0.512722816837307,0.4690023569867639,0.6588107872160763,0.4891837678869959,0.5857668020266917,0.4790930624368799,0.04332786798477173,0.020469069480895996,0.5381258130073547,0.5772867500782013,618.8733170458295,223.4941507727179,,g,g,1.0,r01c04:t,0.15099708446920815,True,dwell_v1,0.08267064001411199,,259.582701465426,
21dd155a9585,1779962875647,ba43e845ddde0ab9,5,interpolation,False,1.0,0.5110663621271094,0.46599059850712277,0.654288903801021,0.4876268406757194,0.5826776329640653,0.47680871959142107,0.04333452880382538,0.02053019404411316,0.5375910103321075,0.5771989822387695,635.3711783628145,224.1256394701572,,g,g,1.0,r03c04:v,0.13105799948509136,True,dwell_v1,0.16305720005184413,,161.8621827550069,
21dd155a9585,1779962875747,ba43e845ddde0ab9,5,interpolation,False,1.0,0.5139078006940699,0.4648084851655096,0.6523172208918879,0.4850714579813211,0.5831125107929789,0.4749399715734154,0.04336412250995636,0.02054622769355774,0.537146657705307,0.577147901058197,645.8033845112734,231.48926576433763,,g,g,1.0,r03c04:v,0.14056081190621245,True,dwell_v1,0.2438730400055647,,127.69256725600344,
21dd155a9585,1779962875851,ba43e845ddde0ab9,5,interpolation,False,1.0,0.5146507494259503,0.4648160367815464,0.6529766029135877,0.48555986299519593,0.583813676169769,0.4751879498883712,0.04331235587596893,0.02053430676460266,0.5370753705501556,0.5771320164203644,651.2663971643408,237.12826479201087,,g,g,1.0,r03c04:v,0.14708118347256297,True,dwell_v1,0.3253151999786496,,75.4932114204249,
21dd155a9585,1779962875952,ba43e845ddde0ab9,5,interpolation,False,1.0,0.5151173936585935,0.464923933785473,0.6538309867497129,0.48556127879036043,0.5844741902041533,0.4752426062879167,0.04330912232398987,0.02057105302810669,0.5370797216892242,0.5771220028400421,653.8115770583022,239.26578396648182,,g,g,1.0,r03c04:v,0.1492381936679212,True,dwell_v1,0.40592584013938904,,32.907842184398056,
21dd155a9585,1779962876053,ba43e845ddde0ab9,5,interpolation,False,1.0,0.5143343960735579,0.4627335484035716,0.6541337083910597,0.48348206894367585,0.5842340522323088,0.47310780867362373,0.04331998527050018,0.020623594522476196,0.5370984077453613,0.5770182907581329,655.7902473857298,247.132380589744,,g,g,1.0,r03c04:v,0.15897512535697805,True,dwell_v1,0.48800808005034924,,80.31313013723346,
21dd155a9585,1779962876155,ba43e845ddde0ab9,5,interpolation,False,1.0,0.5135351335736863,0.4621466588673841,0.6535044760954142,0.48333552342705866,0.5835198048345502,0.4727410911472214,0.04331493377685547,0.02062755823135376,0.5371084660291672,0.5768534243106842,657.499360746864,260.6251630838437,,g,g,1.0,r03c04:v,0.17561976423884482,True,dwell_v1,0.568764160014689,,133.339189575216,
21dd155a9585,1779962876255,ba43e845ddde0ab9,5,interpolation,False,1.0,0.5137907485043156,0.46336597789740885,0.6537605702549477,0.48538985592724576,0.5837756593796317,0.47437791691232734,0.043328240513801575,0.02065148949623108,0.5371164977550507,0.5767353177070618,658.0530877454689,257.3820600248446,,g,g,1.0,r03c04:v,0.1713100777749523,True,dwell_v1,0.6493842400610447,,32.90035112316191,
21dd155a9585,1779962876357,ba43e845ddde0ab9,5,interpolation,False,1.0,0.5141447276526974,0.46239629109199776,0.654158408916039,0.4846706518289606,0.5841515682843682,0.4735334714604792,0.04340055584907532,0.020627975463867188,0.5370995849370956,0.5766473114490509,658.4077447287673,258.49804649534724,,g,g,1.0,r03c04:v,0.17256400333483787,True,dwell_v1,0.730422000028193,,11.480251410480319,
21dd155a9585,1779962876458,ba43e845ddde0ab9,5,interpolation,False,1.0,0.5179704966390176,0.46038726341625286,0.6566608744388092,0.48190072384268406,0.5873156855389134,0.47114399362946846,0.04341037571430206,0.02058255672454834,0.5372135788202286,0.576574832201004,658.1653870081517,272.90614987683153,,g,g,1.0,r02c04:g,0.23577521089827894,True,dwell_v1,0.8130910400301218,,142.67466909538777,
21dd155a9585,1779962876559,ba43e845ddde0ab9,5,interpolation,False,1.0,0.5362800184862795,0.4614602058479472,0.6762337112261632,0.4853312613970223,0.6062568648562213,0.47339573362248477,0.04339422285556793,0.020566046237945557,0.5379602313041687,0.5765769779682159,650.6771654166763,269.0909791873401,,v,v,1.0,r03c04:v,0.2386085994999806,True,dwell_v1,0.0,,83.20896578117754,
21dd155a9585,1779962876660,ba43e845ddde0ab9,5,interpolation,False,1.0,0.5518198701718258,0.46565907851690297,0.6951266743661048,0.48883309884666254,0.6234732722689653,0.47724608868178275,0.043365657329559326,0.020607024431228638,0.5386987775564194,0.5766271948814392,574.8952442673088,267.335411370236,,g,g,1.0,r03c03:c,0.20512997094972812,True,dwell_v1,0.08056664001196623,,750.5173584976392,
21dd155a9585,1779962876764,ba43e845ddde0ab9,5,interpolation,False,1.0,0.5583843742761191,0.46933184232597147,0.7060049506534007,0.4934055912936674,0.6321946624647599,0.4813687168098194,0.043543606996536255,0.02073773741722107,0.539165198802948,0.5765946507453918,459.0579850605538,279.7992085483435,,c,c,1.0,r02c02:d,0.17338537584233638,True,dwell_v1,0.02623600009828806,,1120.248713528292,
21dd155a9585,1779962876865,ba43e845ddde0ab9,5,interpolation,False,1.0,0.5637185241367623,0.4745657698792919,0.71173409330396,0.49879485053057465,0.6377263087203611,0.4866803102049333,0.04360717535018921,0.02086508274078369,0.5394469797611237,0.5765518248081207,392.4628457508931,289.3982132596046,,x,x,1.0,r02c02:d,0.1984013776274237,True,dwell_v1,0.08088399991393089,,666.1720973737005,
21dd155a9585,1779962876968,ba43e845ddde0ab9,5,interpolation,False,1.0,0.5651933884684425,0.4765500176265049,0.7154735562653051,0.5004177895336804,0.6403334723668738,0.48848390358009264,0.04364490509033203,0.020891785621643066,0.539683923125267,0.5765482187271118,355.16080078941314,294.9387480436993,,x,x,1.0,r03c01:z,0.1861974863840423,True,dwell_v1,0.1632177598774433,,366.12886056625655,
21dd155a9585,1779962877069,ba43e845ddde0ab9,5,interpolation,False,1.0,0.568147799260719,0.4781598065803204,0.7170202471797259,0.5020161401839693,0.6425840232202225,0.4900879733821449,0.04377692937850952,0.02090659737586975,0.5399497151374817,0.5765784680843353,323.8724812836962,299.6344844894256,,z,z,1.0,r02c01:s,0.17198159155232698,True,dwell_v1,0.05445760004222393,,313.2546964977686,
21dd155a9585,1779962877169,ba43e845ddde0ab9,5,interpolation,False,1.0,0.5681367672656097,0.4794911015448523,0.7184419874017453,0.5042696377060392,0.6432893773336774,0.49188036962544573,0.04380011558532715,0.020910024642944336,0.5400852710008621,0.5766315162181854,302.42790869715,302.12920591576085,,z,z,1.0,r02c01:s,0.17758789329116617,True,dwell_v1,0.13519647996872663,,215.8919471436267,
21dd155a9585,1779962877271,ba43e845ddde0ab9,5,interpolation,False,1.0,0.5678649114303584,0.48031866909185766,0.7177469105738572,0.505352605160985,0.6428059110021078,0.4928356371264213,0.04382902383804321,0.020929694175720215,0.5400985330343246,0.5765850841999054,290.42229506471676,302.9997040768178,,z,z,1.0,r02c01:s,0.17616374702639528,True,dwell_v1,0.21661472003906965,,118.01108946861382,
21dd155a9585,1779962877372,ba43e845ddde0ab9,5,interpolation,False,1.0,0.5678252059136656,0.4847658641754104,0.7182894952631821,0.5096746998184912,0.6430573505884238,0.4972202819969508,0.04382249712944031,0.021020948886871338,0.5400919616222382,0.5765054821968079,289.368957194364,300.30433121880117,,z,z,1.0,r02c01:s,0.1792362884304078,True,dwell_v1,0.298885440081358,,28.652301277188673,
21dd155a9585,1779962877474,ba43e845ddde0ab9,5,interpolation,False,1.0,0.5679882756621654,0.4889857530174083,0.7187988078014859,0.5142233635692322,0.6433935417318256,0.5016045582933202,0.04376395046710968,0.020983785390853882,0.5400540828704834,0.5762975513935089,293.6864827305047,294.60052579883626,,z,z,1.0,r02c01:s,0.18656202093691546,True,dwell_v1,0.3778815999627113,,70.133628031481,
21dd155a9585,1779962877575,ba43e845ddde0ab9,5,interpolation,False,1.0,0.5680033174717869,0.492876915918125,0.7182037827925195,0.5165424699528499,0.6431035501321531,0.5047096929354875,0.04374575614929199,0.021115392446517944,0.5400339514017105,0.5761195421218872,301.4397821862764,288.00916758439064,,z,z,1.0,r02c01:s,0.19355002617631195,True,dwell_v1,0.4588796800002456,,100.75669765597685,
21dd155a9585,1779962877677,ba43e845ddde0ab9,5,interpolation,False,1.0,0.567601540397814,0.4941607265479,0.7178511303430778,0.5175511363503345,0.6427263353704459,0.5058559314491172,0.04374957084655762,0.021240592002868652,0.5400275588035583,0.5759195983409882,309.05411665732424,283.2642904339309,,z,z,1.0,r02c01:s,0.19630651140134564,True,dwell_v1,0.5416455199941993,,87.95814240017188,
21dd155a9585,1779962877778,ba43e845ddde0ab9,5,interpolation,False,1.0,0.5665163853555008,0.49527315455819093,0.7171528433859858,0.5192657585336562,0.6418346143707433,0.5072694565459236,0.04382145404815674,0.021348804235458374,0.5400310009717941,0.57578906416893,319.4100405028811,278.50762774861334,,z,z,1.0,r02c01:s,0.19507608340757138,True,dwell_v1,0.6215700000524521,,112.83263129832561,
21dd155a9585,1779962877879,ba43e845ddde0ab9,5,interpolation,False,1.0,0.5678655147751008,0.5025669241073725,0.7148395573838744,0.5263878736937948,0.6413525360794876,0.5144773989005836,0.043829500675201416,0.021503537893295288,0.5399976968765259,0.5756911933422089,331.4110693673101,272.8209109289354,,z,z,1.0,r02c01:s,0.23963934489457103,True,dwell_v1,0.7025272799655795,,131.48702804635508,
21dd155a9585,1779962877981,ba43e845ddde0ab9,5,interpolation,False,1.0,0.5731086852750917,0.5126539302260648,0.6985692885488098,0.5380076911324728,0.6358389869119507,0.5253308106792688,0.043614551424980164,0.021505504846572876,0.5396313369274139,0.5753633081912994,362.9590633760859,262.27491930555607,,s,s,1.0,r03c02:x,0.17294362416762288,True,dwell_v1,0.0,,326.11767200750114,
21dd155a9585,1779962878081,ba43e845ddde0ab9,5,interpolation,False,1.0,0.5741822380911107,0.5181740670787046,0.6961471189249019,0.5411908815266395,0.6351646785080063,0.529682474302672,0.04344639182090759,0.021207690238952637,0.539464607834816,0.5746740400791168,390.29302590747477,254.35224511436175,,d,d,1.0,r03c02:x,0.1832709542602123,True,dwell_v1,0.08035151995718479,,284.58992849487606,
21dd155a9585,1779962878183,ba43e845ddde0ab9,5,interpolation,False,1.0,0.5738278129740527,0.5141036210951185,0.7008590525423353,0.5345306034133016,0.6373434327581939,0.5243171122542101,0.04369460046291351,0.021166056394577026,0.5394170880317688,0.5742235481739044,399.8534600395709,251.0540414829167,,d,d,1.0,r03c02:x,0.1810399972157511,True,dwell_v1,0.16129096001386642,,99.15058702306834,
21dd155a9585,1779962878285,ba43e845ddde0ab9,5,interpolation,False,1.0,0.5741212258086794,0.5119178176807214,0.7069445724369408,0.5331608382184488,0.6405328991228101,0.5225393279495851,0.04381340742111206,0.021166473627090454,0.5394772589206696,0.5740010142326355,391.98372169759017,250.45070022934885,,d,d,1.0,r03c02:x,0.17748729197161509,True,dwell_v1,0.2433388801291585,,77.38070914870359,
21dd155a9585,1779962878386,ba43e845ddde0ab9,5,interpolation,False,1.0,0.5784535701469088,0.5092252940253577,0.7145398299707386,0.5309489114805788,0.6464967000588238,0.5200871027529682,0.04385082423686981,0.021145522594451904,0.5396225452423096,0.5738043487071991,371.02343567918655,251.4653864347478,,d,d,1.0,r03c02:x,0.1650227418835574,True,dwell_v1,0.32394824009388684,,207.77061480513456,
21dd155a9585,1779962878512,ba43e845ddde0ab9,5,interpolation,False,1.0,0.6017733337726937,0.5087224744367601,0.7292172569346981,0.5311167928913563,0.6654952953536959,0.5199196336640581,0.04394499957561493,0.02101615071296692,0.5403682440519333,0.5737045407295227,213.53563557624295,242.61211422374657,,s,s,1.0,r01c01:w,0.1486883382374884,True,dwell_v1,0.07692647986114025,,1251.8765860815572,
21dd155a9585,1779962878625,ba43e845ddde0ab9,5,interpolation,False,1.0,0.6130082562527338,0.508952099955556,0.7373107356261994,0.5311256703748506,0.6751594959394667,0.5200388851652034,0.04403938353061676,0.020980119705200195,0.5409035086631775,0.5737311244010925,145.7346003063313,222.48080832729667,,a,a,1.0,r03c00:SHIFT,0.18230475573782196,True,dwell_v1,0.08998696003109216,,625.8989844909227,
21dd155a9585,1779962878743,ba43e845ddde0ab9,5,interpolation,False,1.0,0.6176937295101961,0.5085343063095132,0.7441850998342315,0.531703128692838,0.6809394146722139,0.5201187175011757,0.0441908985376358,0.021089285612106323,0.5413926243782043,0.5738120079040527,118.07572320306872,211.53337431082284,,a,a,1.0,r01c00:q,0.21352591482504368,True,dwell_v1,0.18053968008607627,,252.0897710512282,
21dd155a9585,1779962878844,ba43e845ddde0ab9,5,interpolation,False,1.0,0.6347626964091467,0.5185978144867186,0.7475054629088597,0.5371041856172662,0.6911340796590032,0.5278510000519925,0.0445941686630249,0.021651238203048706,0.5423484444618225,0.5737096965312958,89.1598813736385,191.47206398475643,,q,q,1.0,r02c00:a,0.16319319425408044,True,dwell_v1,0.053308079950511456,,348.45044419252974,
21dd155a9585,1779962878944,ba43e845ddde0ab9,5,interpolation,False,1.0,0.6396636064042912,0.5264188304429753,0.7567439209726444,0.5387898346677418,0.6982037636884678,0.5326043325553586,0.04490625858306885,0.022111564874649048,0.543392077088356,0.573772668838501,72.02178128589082,174.91688245044054,,q,q,1.0,r02c00:a,0.12431287863279143,True,dwell_v1,0.1485964000225067,,238.2831320617997,
21dd155a9585,1779962879046,ba43e845ddde0ab9,5,interpolation,False,1.0,0.6406094336517224,0.5245503985483869,0.7550284296526192,0.5395867782398824,0.6978189316521708,0.5320685883941347,0.04483214020729065,0.02222609519958496,0.543476939201355,0.5738774240016937,62.595778108459285,165.77993950696856,,q,q,1.0,r01c01:w,0.10511971349816258,True,dwell_v1,0.21592584010213614,,128.7017294548468,
21dd155a9585,1779962879149,ba43e845ddde0ab9,5,interpolation,False,1.0,0.6413315698503324,0.5238764569250036,0.7553149310967817,0.5393434316447743,0.698323250473557,0.531609944284889,0.0448404997587204,0.02238786220550537,0.5435015708208084,0.5740420520305634,57.39928676586533,160.75604641813598,,q,q,1.0,r00c00:👁 CALIBRATE,0.11481383599850112,True,dwell_v1,0.2976705599576235,,70.17411256471864,
21dd155a9585,1779962879251,ba43e845ddde0ab9,5,interpolation,False,1.0,0.641858562411108,0.5230971804330267,0.7603299133783631,0.538004141472218,0.7010942378947356,0.5305506609526223,0.04478128254413605,0.02235373854637146,0.5437555611133575,0.5740684270858765,50.73810198102854,155.0956370918944,,q,q,1.0,r00c00:👁 CALIBRATE,0.12793298916936574,True,dwell_v1,0.3779355200007558,,85.6997434552252,
21dd155a9585,1779962879352,ba43e845ddde0ab9,5,interpolation,False,1.0,0.6409402189911563,0.5214445980133359,0.7685743065460502,0.5348267382070199,0.7047572627686032,0.5281356681101779,0.04473040997982025,0.022198349237442017,0.5440528094768524,0.5741016268730164,43.166972366767496,148.5532714688868,,q,q,1.0,r00c00:👁 CALIBRATE,0.14382553813986845,True,dwell_v1,0.4596448799595237,,99.07154100121022,
21dd155a9585,1779962879452,ba43e845ddde0ab9,5,interpolation,False,1.0,0.6315184908826506,0.5078595344364961,0.7642229679591874,0.5235683810278107,0.697870729420919,0.5157139577321534,0.04455694556236267,0.021410584449768066,0.544000893831253,0.5744835138320923,31.578040354344395,137.13418509770776,,q,q,1.0,r00c00:👁 CALIBRATE,0.17414192546826596,True,dwell_v1,0.5406542399898171,,162.69569101270383,
21dd155a9585,1779962879556,ba43e845ddde0ab9,5,interpolation,False,1.0,0.621767214098588,0.5022291400724678,0.7569141237220964,0.5201070985542178,0.6893406689103423,0.5111681193133428,0.04442256689071655,0.020630598068237305,0.5437448620796204,0.5751709043979645,30.851067228620565,153.54832329625836,,q,q,1.0,r00c00:👁 CALIBRATE,0.1243372569336441,True,dwell_v1,0.6213575201109052,,157.982970490845,
21dd155a9585,1779962879656,ba43e845ddde0ab9,5,interpolation,False,1.0,0.6142120622749379,0.5045594692798989,0.7510793917738157,0.5243746436323987,0.6826457270243768,0.5144670564561489,0.04442133009433746,0.02066648006439209,0.5435210764408112,0.5757115483283997,42.59640240967495,170.02073148978621,,q,q,1.0,r03c00:SHIFT,0.09225111613581555,True,dwell_v1,0.7029885599389673,,202.3099429611697,
21dd155a9585,1779962879756,ba43e845ddde0ab9,5,interpolation,False,1.0,0.6068332938563519,0.5013687579915729,0.7420192939363255,0.523132866145346,0.6744262938963387,0.5122508120684595,0.0443999320268631,0.020534753799438477,0.5431771874427795,0.5758426487445831,66.57543935445943,193.3984427392608,,q,q,1.0,r03c00:SHIFT,0.1487226455828777,True,dwell_v1,0.7842260800302029,,334.88977232264784,
21dd155a9585,1779962879858,ba43e845ddde0ab9,5,interpolation,False,1.0,0.5955467503877201,0.497315117673965,0.7368531718497024,0.5200176250522718,0.6661999611187113,0.5086663713631184,0.0443718284368515,0.020485252141952515,0.5428101420402527,0.5759557485580444,118.19950148625318,236.72160759669333,,a,a,1.0,r03c00:SHIFT,0.24469193099175207,True,dwell_v1,0.027437600120902062,,660.7247023390343,
21dd155a9585,1779962879960,ba43e845ddde0ab9,5,interpolation,False,1.0,0.5936228717609161,0.49621239623417795,0.7369512167407571,0.5189190749961501,0.6652870442508366,0.507565735615164,0.04433709383010864,0.020467519760131836,0.5426947921514511,0.5761089324951172,131.84611205116343,251.31726568777444,,a,a,1.0,r03c00:SHIFT,0.25811645955939705,True,dwell_v1,0.1081402400508523,,195.89776358496655,
21dd155a9585,1779962880062,ba43e845ddde0ab9,5,interpolation,False,1.0,0.5932819618797026,0.49465341400693985,0.7390887894471684,0.5177260189910732,0.6661853756634355,0.5061897164990066,0.04435199499130249,0.020486801862716675,0.5426590442657471,0.5762512385845184,137.08862372270727,261.1214476297616,,a,a,1.0,r03c00:SHIFT,0.26800644564812837,True,dwell_v1,0.18958320003002882,,108.99823116078686,
21dd155a9585,1779962880164,ba43e845ddde0ab9,5,interpolation,False,1.0,0.591792679540424,0.49305384767392996,0.7417972799959716,0.517014999808958,0.6667949797681978,0.505034423741444,0.044292598962783813,0.02045312523841858,0.5425633192062378,0.5762802362442017,136.73837811753157,268.4603157242268,,a,a,1.0,r02c00:a,0.2566661609608698,True,dwell_v1,0.2701881600543857,,72.03157874432505,
21dd155a9585,1779962880265,ba43e845ddde0ab9,5,interpolation,False,1.0,0.5942727859838558,0.4936196870093747,0.7452964344015744,0.5182830538827811,0.6697846101927152,0.5059513704460779,0.04413336515426636,0.02048778533935547,0.5424809604883194,0.5762705504894257,131.83321945444723,269.1630799649781,,a,a,1.0,r02c00:a,0.2508691029129737,True,dwell_v1,0.3519470401108265,,49.06183775542676,
21dd155a9585,1779962880366,ba43e845ddde0ab9,5,interpolation,False,1.0,0.5957523172601318,0.4947309645416512,0.745057232049948,0.5203370074149501,0.6704047746550399,0.5075339859783007,0.04411008954048157,0.020446956157684326,0.5423529595136642,0.5761886537075043,128.00744400501165,266.12676898514115,,a,a,1.0,r02c00:a,0.27666848741043043,True,dwell_v1,0.4331199200823903,,48.35875286955175,
21dd155a9585,1779962880469,ba43e845ddde0ab9,5,interpolation,False,1.0,0.5995088333840999,0.4949821955927261,0.7461411106535846,0.5192888652118267,0.6728249720188422,0.5071355304022764,0.04395720362663269,0.020223528146743774,0.542243629693985,0.5758650898933411,119.76313146317919,259.3501640402589,,a,a,1.0,r02c00:a,0.2759352052503991,True,dwell_v1,0.51496592015028,,103.61141389218528,
21dd155a9585,1779962880571,ba43e845ddde0ab9,5,interpolation,False,1.0,0.6002857569064114,0.49415015699216935,0.7449521164297846,0.5189675870348139,0.672618936668098,0.5065588720134917,0.04398827254772186,0.02015465497970581,0.5421561300754547,0.5755614638328552,115.73443816645408,257.52460205714357,,a,a,1.0,r02c00:a,0.2729203533758207,True,dwell_v1,0.5965878400951624,,43.36287502615361,
21dd155a9585,1779962880705,ba43e845ddde0ab9,5,interpolation,False,1.0,0.5992570310260011,0.4942023288950032,0.74424764111902,0.5201692055169951,0.6717523360725106,0.5071857672059992,0.04396866261959076,0.020243734121322632,0.542153388261795,0.5753286778926849,114.52896935970904,254.36705786496566,,a,a,1.0,r02c00:a,0.2191386528718448,True,dwell_v1,0.7036832001060247,,25.222600393185644,
21dd155a9585,1779962880805,ba43e845ddde0ab9,5,interpolation,False,1.0,0.5934331832400255,0.4938386764200501,0.7414221649391857,0.5198187258157196,0.6674276740896056,0.5068287011178849,0.043975502252578735,0.02024117112159729,0.5421871393918991,0.5752483904361725,121.47030762947644,257.7470124373587,,a,a,1.0,r02c00:a,0.2799198990660899,True,dwell_v1,0.7850826401263475,,77.20509690867445,
21dd155a9585,1779962880908,ba43e845ddde0ab9,5,interpolation,False,1.0,0.5915439604057199,0.4913077824467125,0.7413968687547798,0.5176808609162326,0.6664704145802498,0.5044943216814726,0.04407423734664917,0.020231515169143677,0.5423330962657928,0.5750984251499176,127.97174355094421,265.615101367098,,a,a,1.0,r02c00:a,0.2773417691594678,True,dwell_v1,0.8662107201293111,,99.09358859823413,
21dd155a9585,1779962881009,ba43e845ddde0ab9,5,interpolation,False,1.0,0.5935255050675405,0.4926473433010105,0.7413329435176694,0.5191417647548523,0.667429224292605,0.5058945540279314,0.04412153363227844,0.02016785740852356,0.5425174087285995,0.5749369561672211,130.45794239091816,270.52610903012146,,a,a,1.0,r02c00:a,0.24744830276138857,True,dwell_v1,0.0,,54.49969483762863,
21dd155a9585,1779962881110,ba43e845ddde0ab9,5,interpolation,False,1.0,0.6024281817223436,0.49274627966180173,0.7458231714309024,0.5187295875635362,0.674125676576623,0.5057379336126689,0.04421412944793701,0.020314782857894897,0.5429248213768005,0.5747716724872589,120.5796853143691,264.05667939104825,,a,a,1.0,r02c00:a,0.2709840793628805,True,dwell_v1,0.9739626402035355,,116.91282747015833,
21dd155a9585,1779962881211,ba43e845ddde0ab9,5,interpolation,False,1.0,0.6049460216276489,0.4923824081757435,0.7448043999435905,0.5192492613002645,0.6748752107856197,0.505815834738004,0.04422295093536377,0.02032575011253357,0.5430733561515808,0.5747035145759583,111.17020844418627,257.2687874537862,,a,a,1.0,r02c00:a,0.21252760464631368,True,dwell_v1,0.0,,114.87441386118255,
21dd155a9585,1779962881312,ba43e845ddde0ab9,5,interpolation,False,1.0,0.5967551340005168,0.4924304738797245,0.7405492083637235,0.5200187898667901,0.6686521711821202,0.5062246318732573,0.0442269891500473,0.02039051055908203,0.5428819805383682,0.5746802687644958,112.80790056919334,258.55965068189096,,a,a,1.0,r02c00:a,0.21318977921798304,True,dwell_v1,0.0,,20.64626705479768,
21dd155a9585,1779962881414,ba43e845ddde0ab9,5,interpolation,False,1.0,0.577716190144848,0.4927572146350392,0.725823008462992,0.5208222447573213,0.65176959930392,0.5067897296961803,0.044198572635650635,0.020431488752365112,0.5422223210334778,0.5746723413467407,190.24132127169992,274.32284535259043,,a,a,1.0,r03c00:SHIFT,0.23436118515091564,True,dwell_v1,0.0,,774.7215488610598,
21dd155a9585,1779962881515,ba43e845ddde0ab9,5,interpolation,False,1.0,0.5642053777394447,0.49309939491205623,0.7192729237927649,0.5209925101468681,0.6417391507661048,0.5070459525294622,0.04421064257621765,0.020499080419540405,0.5417237281799316,0.5746131241321564,275.90598304260925,274.430741869663,,z,z,1.0,r02c01:s,0.256044402045526,True,dwell_v1,0.02614807989448309,,848.1656407910411,
21dd155a9585,1779962881616,ba43e845ddde0ab9,5,interpolation,False,1.0,0.5561572326746193,0.48956134888832503,0.7150523306819373,0.5161904340320046,0.6356047816782783,0.5028758914601648,0.04411914944648743,0.020604193210601807,0.5412540882825851,0.5742691457271576,340.07209283929546,270.99456982661644,,z,z,1.0,r03c01:z,0.2295584375204945,True,dwell_v1,0.0,,636.218311819968,
21dd155a9585,1779962881719,ba43e845ddde0ab9,5,interpolation,False,1.0,0.5486091907090002,0.4860358080917612,0.6976597235259372,0.5113144278386,0.6231344571174686,0.4986751179651806,0.04379986226558685,0.020630359649658203,0.540357768535614,0.5739912688732147,449.54776315883885,258.13645568381367,,d,d,1.0,r03c02:x,0.17102534837223923,True,dwell_v1,0.026545440033078193,,1070.176585230897,
21dd155a9585,1779962881819,ba43e845ddde0ab9,5,interpolation,False,1.0,0.5326846370773101,0.4782250256471189,0.6795471158387049,0.49602432291875026,0.6061158764580075,0.4871246742829346,0.043501317501068115,0.02053198218345642,0.5390773713588715,0.5736644566059113,586.5034608066277,234.02616871918673,,f,f,1.0,r02c03:f,0.2067540349638183,True,dwell_v1,0.0533313600346446,,1390.617454791547,
21dd155a9585,1779962881920,ba43e845ddde0ab9,5,interpolation,False,1.0,0.5236299060414172,0.4749563921561871,0.6734338868343452,0.49326451962662243,0.5985318964378812,0.4841104558914048,0.043488502502441406,0.02050277590751648,0.5385763496160507,0.57358518242836,610.8328373390643,228.03164607720652,,g,g,1.0,r01c04:t,0.15121281960508945,True,dwell_v1,0.08054831996560097,,248.08903287874597,
21dd155a9585,1779962882021,ba43e845ddde0ab9,5,interpolation,False,1.0,0.5206389364612393,0.47452730854946545,0.6717993700843584,0.4926149913487203,0.5962191532727988,0.4835711499490929,0.0434441864490509,0.0204889178276062,0.5383362621068954,0.5735847055912018,626.0313981646093,222.90259447907314,,g,g,1.0,r01c04:t,0.14397953047997014,True,dwell_v1,0.16095887999981642,,158.81861589881265,
21dd155a9585,1779962882124,ba43e845ddde0ab9,5,interpolation,False,1.0,0.5199348150366814,0.4734924815530015,0.6709230524197246,0.49306102291185294,0.595428933728203,0.4832767522324272,0.04365876317024231,0.020544320344924927,0.5381398499011993,0.5736223459243774,634.5809864958795,219.8441348673662,,g,g,1.0,r01c04:t,0.13827958403194804,True,dwell_v1,0.24332839995622635,,88.15706973551472,
21dd155a9585,1779962882224,ba43e845ddde0ab9,5,interpolation,False,1.0,0.5212269468923117,0.4733313292717495,0.670801757959614,0.4934309893119294,0.5960143524259629,0.48338115929183945,0.043720096349716187,0.02054944634437561,0.5379830300807953,0.5736270546913147,639.4061826031505,217.92017745854906,,g,g,1.0,r01c05:y,0.13589285293447487,True,dwell_v1,0.3231614399701357,,51.94625066794025,
21dd155a9585,1779962882325,ba43e845ddde0ab9,5,interpolation,False,1.0,0.5244651025585713,0.47520769821806536,0.6731015202032904,0.494362357376056,0.5987833113809309,0.4847850277970607,0.0436665415763855,0.020566165447235107,0.5379738509654999,0.5736551582813263,641.3156815795827,217.6873586757651,,g,g,1.0,r01c05:y,0.13876979742120404,True,dwell_v1,0.404518480040133,,19.045940792252154,
21dd155a9585,1779962882428,ba43e845ddde0ab9,5,interpolation,False,1.0,0.5278851195378023,0.4754069797236125,0.6745370652431261,0.49534656723755927,0.6012110923904641,0.4853767734805859,0.043669238686561584,0.020603477954864502,0.5379948318004608,0.5736913084983826,641.090269123778,218.4751412508596,,g,g,1.0,r01c05:y,0.13730920277522232,True,dwell_v1,0.485994560085237,,7.955314928801102,
21dd155a9585,1779962882529,ba43e845ddde0ab9,5,interpolation,False,1.0,0.5294355418595746,0.4770408163265306,0.6786116643463234,0.4995677959756781,0.604023603102949,0.4883043061511043,0.0436701774597168,0.020593911409378052,0.5381101667881012,0.5738735198974609,638.8700681935713,218.93293653069478,,g,g,1.0,r01c04:t,0.13406028761110425,True,dwell_v1,0.566875440068543,,22.44462669322567,
21dd155a9585,1779962882630,ba43e845ddde0ab9,5,interpolation,False,1.0,0.5287906205031766,0.4743974171711433,0.683658491923681,0.4980488687289149,0.6062245562134287,0.4862231429500291,0.043688833713531494,0.02053651213645935,0.5383370071649551,0.5739731192588806,634.4788913278085,222.158312038383,,g,g,1.0,r01c04:t,0.13495594979309464,True,dwell_v1,0.6477952800691128,,53.94493504726659,
21dd155a9585,1779962882732,ba43e845ddde0ab9,5,interpolation,False,1.0,0.5303542568702302,0.4730578176806512,0.6845671309801915,0.4966321640017721,0.6074606939252108,0.4848449908412117,0.04363405704498291,0.020468473434448242,0.5385286509990692,0.5740292966365814,630.3696647748582,226.1966688721587,,g,g,1.0,r01c04:t,0.133830323758046,True,dwell_v1,0.7307189600542188,,56.48460200263671,
21dd155a9585,1779962882832,ba43e845ddde0ab9,5,interpolation,False,1.0,0.5310686009180161,0.4732346875799678,0.6858769866734664,0.4970889486351137,0.6084727937957413,0.4851618181075408,0.04364094138145447,0.020472586154937744,0.5386268049478531,0.5740422606468201,626.2807102295399,229.33953386488417,,g,g,1.0,r03c04:v,0.13658792058425387,True,dwell_v1,0.8110347999259829,,51.57242444967894,
21dd155a9585,1779962882933,ba43e845ddde0ab9,5,interpolation,False,1.0,0.5342208664810437,0.4742858173950626,0.6867242671716574,0.4987236355362379,0.6104725668263505,0.48650472646565024,0.04366786777973175,0.02050042152404785,0.5387423485517502,0.5740629434585571,620.8475744472164,231.6411555546194,,g,g,1.0,r03c04:v,0.13805097828030324,True,dwell_v1,0.8917864799499512,,58.42123387750497,
21dd155a9585,1779962883035,ba43e845ddde0ab9,5,interpolation,False,1.0,0.536678783923364,0.475443640805347,0.6900869795192389,0.5004741131796241,0.6133828817213014,0.4879588769924855,0.04370430111885071,0.02053651213645935,0.5389208048582077,0.5741079151630402,610.9523634189574,234.51044849524982,,g,g,1.0,r01c04:t,0.1401104409465634,True,dwell_v1,0.9735902400687337,,101.00801224825683,
21dd155a9585,1779962883137,ba43e845ddde0ab9,5,interpolation,False,1.0,0.5365397922097327,0.47642279273273946,0.6891244221024367,0.50251631953624,0.6128321071560847,0.4894695561344897,0.043684184551239014,0.020618170499801636,0.5389987528324127,0.574290931224823,604.9607721006423,235.24817605719733,,g,g,1.0,r01c04:t,0.14362843453723254,True,dwell_v1,0.0,,59.18468257428765,
21dd155a9585,1779962883238,ba43e845ddde0ab9,5,interpolation,False,1.0,0.5365994921303981,0.47677739288876736,0.6870327890972878,0.5024659031688127,0.6118161406138429,0.48962164802879005,0.04358053207397461,0.02071431279182434,0.5390989631414413,0.5744759738445282,604.0910140431267,234.735225795526,,g,g,1.0,r01c04:t,0.14515589194227213,True,dwell_v1,0.0,,9.997534494426874,
21dd155a9585,1779962883341,ba43e845ddde0ab9,5,interpolation,False,1.0,0.5365407762742394,0.47585111509015304,0.685259710053923,0.5012059451200263,0.6109002431640812,0.4885285301050897,0.043598294258117676,0.020808637142181396,0.5392521023750305,0.5745899677276611,606.1277354197277,234.20060147862125,,g,g,1.0,r01c04:t,0.1445390345687127,True,dwell_v1,0.0,,20.443884435094304,
21dd155a9585,1779962883441,ba43e845ddde0ab9,5,interpolation,False,1.0,0.5362100380836391,0.47606449275885454,0.6836110423355451,0.5012864995286574,0.6099105402095921,0.488675496143756,0.043640121817588806,0.020842134952545166,0.5393472462892532,0.5746179223060608,608.4137137818568,233.4157695425413,,g,g,1.0,r01c04:t,0.1440635062899889,True,dwell_v1,0.0,,24.169522626674482,
21dd155a9585,1779962883543,ba43e845ddde0ab9,5,interpolation,False,1.0,0.5354976097984336,0.4785856925199854,0.6840424602187548,0.5044942887527664,0.6097700350085942,0.4915399906363759,0.043715715408325195,0.02094683051109314,0.5393866747617722,0.5747119188308716,611.0706764819208,231.49522235296945,,g,g,1.0,r01c04:t,0.14508069710336874,True,dwell_v1,0.0,,32.1412448576888,
21dd155a9585,1779962883646,ba43e845ddde0ab9,5,interpolation,False,1.0,0.5371672620277704,0.49201272505522436,0.68220633835486,0.5162025026244977,0.6096868001913152,0.504107613839861,0.04395180940628052,0.021773427724838257,0.5395425260066986,0.5754223763942719,610.8751062417997,228.19592069798261,,g,g,1.0,r01c04:t,0.15089151932561853,True,dwell_v1,0.0,,32.0882806585903,
21dd155a9585,1779962883747,ba43e845ddde0ab9,5,interpolation,False,1.0,0.5555532688849864,0.5383011103381271,0.6853211679877361,0.5547157968553689,0.6204372184363612,0.5465084535967479,0.04442097246646881,0.023452669382095337,0.5405715107917786,0.5777711272239685,583.0478967159669,230.4082044234559,,g,g,1.0,r02c03:f,0.21460889085894633,True,dwell_v1,0.0,,276.38623868364397,
21dd155a9585,1779962883848,ba43e845ddde0ab9,5,interpolation,False,1.0,0.5623027865044816,0.5573593628337593,0.6800087375541196,0.5680657186017111,0.6211557620293007,0.5627125407177351,0.04501265287399292,0.024895310401916504,0.5414987951517105,0.5805922150611877,554.1344483685192,232.52351340290318,,f,f,1.0,r01c04:t,0.15559968191365722,True,dwell_v1,0.05380279999226332,,287.0368626423149,
21dd155a9585,1779962883950,ba43e845ddde0ab9,5,interpolation,False,1.0,0.5648693250758534,0.549436455526596,0.6823635237753805,0.561786937613313,0.6236164244256169,0.5556116965699545,0.0452331006526947,0.024861574172973633,0.5422210842370987,0.5833281576633453,534.8495700269606,233.74981098773048,,f,f,1.0,r03c03:c,0.14798067020531297,True,dwell_v1,0.13551327995955945,,189.44929661423106,
21dd155a9585,1779962884083,ba43e845ddde0ab9,5,interpolation,False,1.0,0.5636112947940336,0.5322528062434682,0.6775820931961691,0.5487697191486978,0.6205966939951013,0.540511262696083,0.0455661416053772,0.024399548768997192,0.5425354838371277,0.5860188603401184,524.9693618830831,234.65286142641878,,f,f,1.0,r03c03:c,0.1512592617644935,True,dwell_v1,0.21630727984011172,,74.596929998013,
21dd155a9585,1779962884223,ba43e845ddde0ab9,5,interpolation,False,1.0,0.5535964250876344,0.5174816129999471,0.6749993836384905,0.5390549087157472,0.6142979043630625,0.5282682608578472,0.04582475125789642,0.023789256811141968,0.5415948778390884,0.5866083204746246,536.6427944320121,234.35354427321462,,f,f,1.0,r03c03:c,0.14830054901620413,True,dwell_v1,0.34322671983391045,,83.40906640651221,
21dd155a9585,1779962884335,ba43e845ddde0ab9,5,interpolation,False,1.0,0.5466610112869867,0.5150553515675919,0.6834096114889466,0.5360062386567876,0.6150353113879667,0.5255307951121897,0.04583704471588135,0.023556828498840332,0.5409520268440247,0.5865133702754974,555.2294489657828,232.66955357522187,,f,f,1.0,r01c04:t,0.1558872243914709,True,dwell_v1,0.4441619198769331,,166.632010716038,
21dd155a9585,1779962884437,ba43e845ddde0ab9,5,interpolation,False,1.0,0.5512459805749483,0.516142355358011,0.6833177651333218,0.5358844120571032,0.617281872854135,0.5260133837075571,0.045727357268333435,0.02354377508163452,0.5406505018472672,0.5864591300487518,553.8827660962271,233.25503867130004,,f,f,1.0,r01c04:t,0.15418622470033386,True,dwell_v1,0.5251323999837041,,14.396575792482025,
21dd155a9585,1779962884561,ba43e845ddde0ab9,5,interpolation,False,1.0,0.551145338278047,0.5138068276448741,0.682540604949689,0.5360511546717319,0.616842971613868,0.524928991158303,0.0457112193107605,0.023464322090148926,0.5404814779758453,0.5863543152809143,554.0585343960893,233.48546590843472,,f,f,1.0,r01c04:t,0.1538716434208187,True,dwell_v1,0.6118679199367761,,2.3371964911433314,
21dd155a9585,1779962884672,ba43e845ddde0ab9,5,interpolation,False,1.0,0.5494035437063259,0.5065680948184007,0.6829941768568446,0.5283381049450796,0.6161988602815853,0.5174530998817402,0.04572656750679016,0.0232868492603302,0.5405369848012924,0.5860275328159332,556.0611624904633,233.49710390424679,,f,f,1.0,r01c04:t,0.15481954176528587,True,dwell_v1,0.714970720000565,,18.041999192693044,
21dd155a9585,1779962884776,ba43e845ddde0ab9,5,interpolation,False,1.0,0.5474826295715216,0.5043458609096997,0.6823353631574013,0.5269878626062044,0.6149089963644614,0.5156668617579521,0.045638591051101685,0.02313140034675598,0.5409685969352722,0.5858771800994873,562.0313673035035,232.70818627129998,,f,f,1.0,r01c04:t,0.15861616463720513,True,dwell_v1,0.796781599894166,,57.904846117447725,
21dd155a9585,1779962884899,ba43e845ddde0ab9,5,interpolation,False,1.0,0.5459472294277897,0.49844130423767913,0.6865003198976327,0.5231668097980948,0.6162237746627113,0.510804057017887,0.04572342336177826,0.023024171590805054,0.5417687892913818,0.5856428742408752,566.0008835837615,232.38047592017915,,f,f,1.0,r01c04:t,0.16036851315771727,True,dwell_v1,0.8767129600048065,,32.382281784002565,
21dd155a9585,1779962885013,ba43e845ddde0ab9,5,interpolation,False,1.0,0.5419470267689152,0.49121034279682374,0.6899523544662906,0.5172125824859516,0.6159496906176029,0.5042114626413876,0.04582953453063965,0.022774964570999146,0.5422092229127884,0.5852818191051483,565.8685185412997,233.61571140637295,,f,f,1.0,r01c04:t,0.15808189840503434,True,dwell_v1,0.9858833599835635,,10.897431690675303,
21dd155a9585,1779962885116,ba43e845ddde0ab9,5,interpolation,False,1.0,0.5290703422211053,0.4779633176044734,0.6732142049393635,0.5044405290141067,0.6011422735802343,0.4912019233092901,0.045625656843185425,0.02222505211830139,0.5417667031288147,0.5847408771514893,591.8746176854819,227.22284628022612,,f,f,1.0,r01c04:t,0.1666385791003979,True,dwell_v1,0.0,,260.0031752994863,
21dd155a9585,1779962885251,ba43e845ddde0ab9,5,interpolation,False,1.0,0.5014306241209183,0.46084841684572164,0.6381244456904356,0.4891718172012095,0.569777534905677,0.4750101170234656,0.045190900564193726,0.02133733034133911,0.5404168367385864,0.5840161442756653,663.6654090029183,235.10407953986777,,g,g,1.0,r03c04:v,0.13999363614739083,True,dwell_v1,0.0,,534.9785096603796,
21dd155a9585,1779962885352,ba43e845ddde0ab9,5,interpolation,False,1.0,0.4673924331291119,0.4551058215332753,0.6095177765460448,0.4780776937444257,0.5384551048375783,0.4665917576388505,0.04492589831352234,0.02058696746826172,0.5387817323207855,0.5835447609424591,1036.37586270463,275.67575619993676,,j,j,1.0,r02c07:k,0.23676204829086903,True,dwell_v1,0.027915839850902558,,3712.001789218712,
21dd155a9585,1779962885453,ba43e845ddde0ab9,5,interpolation,False,1.0,0.45620879866507413,0.45021434477200245,0.5990372415569266,0.4700874300926578,0.5276230201110004,0.4601508874323301,0.044772908091545105,0.02029380202293396,0.5378414988517761,0.5832500457763672,1178.8818330364395,277.4158791061594,,⌫,⌫,1.0,r02c08:l,0.16855699947442482,True,dwell_v1,0.05440439991652966,,1411.055387617632,
21dd155a9585,1779962885557,ba43e845ddde0ab9,5,interpolation,False,1.0,0.4530025827141102,0.4496523638388778,0.5949490177275796,0.46703982479208306,0.5239758002208449,0.45834609431548046,0.04477669298648834,0.020243823528289795,0.5372199714183807,0.5831137895584106,1202.017808982352,267.7584753797053,,⌫,⌫,1.0,r01c09:p,0.16802245784263253,True,dwell_v1,0.13443839997053147,,241.06419894442996,
21dd155a9585,1779962885688,ba43e845ddde0ab9,5,interpolation,False,1.0,0.4481125887280749,0.44895524464579184,0.5919271105688498,0.46387372856544273,0.5200198496484624,0.4564144866056173,0.04477415978908539,0.02024790644645691,0.5367617458105087,0.5830637514591217,1218.27086943772,256.3323332343149,,⌫,⌫,1.0,r01c09:p,0.26339728213516106,True,dwell_v1,0.24282735995948315,,151.66052478234784,
21dd155a9585,1779962885801,ba43e845ddde0ab9,5,interpolation,False,1.0,0.4405875816014163,0.4480140539269104,0.5879642503386764,0.46411456589731587,0.5142759159700463,0.4560643099121131,0.04480782151222229,0.020276904106140137,0.536377876996994,0.5830605328083038,1228.5460583235845,241.12887693701066,,⌫,⌫,1.0,r03c08:BACKSPACE,0.3352942095257388,True,dwell_v1,0.3326690400019288,,162.38988450266208,
21dd155a9585,1779962885929,ba43e845ddde0ab9,5,interpolation,False,1.0,0.4428350125335335,0.4568431669876617,0.5828261852521578,0.4770750536460251,0.5128305988928457,0.4669591103168434,0.04482102394104004,0.02070826292037964,0.5361509919166565,0.5829903483390808,1245.9447933357787,218.48703384926455,,p,p,1.0,r03c08:BACKSPACE,0.25651349358533576,True,dwell_v1,0.05366191994398832,,223.08334017194647,
21dd155a9585,1779962886060,ba43e845ddde0ab9,5,interpolation,False,1.0,0.4411064432767721,0.47320273068131125,0.5792131397202591,0.4876554749499786,0.5101597914985156,0.4804291028156449,0.04482297599315643,0.021477341651916504,0.5359439700841904,0.582647293806076,1252.419570394914,217.3714396865332,,p,p,1.0,r03c08:BACKSPACE,0.25001662967904853,True,dwell_v1,0.15574783999472858,,50.15405920294032,
21dd155a9585,1779962886162,ba43e845ddde0ab9,5,interpolation,False,1.0,0.43946383589065646,0.4892391861002511,0.5684927631871213,0.5004984925106005,0.5039782995388888,0.4948688393054258,0.044827625155448914,0.022249221801757812,0.5356094837188721,0.5822496116161346,1232.1880151403316,228.00732466029677,,p,p,1.0,r03c08:BACKSPACE,0.2918588097749152,True,dwell_v1,0.23592600002884864,,224.0872548128195,
21dd155a9585,1779962886264,ba43e845ddde0ab9,5,interpolation,False,1.0,0.43897788781857844,0.5020370173942014,0.5596542249958059,0.5130312009899424,0.4993160564071921,0.5075341091920719,0.04480558633804321,0.02321067452430725,0.5352478325366974,0.5818385183811188,1158.3607042546378,240.21834660637523,,p,p,1.0,r03c08:BACKSPACE,0.2619553211367725,True,dwell_v1,0.3185584800317883,,733.6308567039418,
21dd155a9585,1779962886366,ba43e845ddde0ab9,5,interpolation,False,1.0,0.4652909435474791,0.5089376521191656,0.5711799824277225,0.5193882032596132,0.5182354629876008,0.5141629276893894,0.044824421405792236,0.023079514503479004,0.5358206927776337,0.581579178571701,1094.5749457469274,247.60811379463001,,l,l,1.0,r03c08:BACKSPACE,0.17117767207962328,True,dwell_v1,0.08083432000130415,,629.5332824712289,
21dd155a9585,1779962886502,ba43e845ddde0ab9,5,interpolation,False,1.0,0.5304763473900974,0.5060738792172823,0.6479586811337968,0.5213631621052741,0.5892175142619471,0.5137185206612782,0.04454831779003143,0.022490769624710083,0.5388902127742767,0.581305593252182,721.5613696969609,205.58248750008266,,h,h,1.0,r02c05:h,0.2536546064039736,True,dwell_v1,0.023670079931616784,,2760.099428080245,
21dd155a9585,1779962886603,ba43e845ddde0ab9,5,interpolation,False,1.0,0.5287947502372107,0.5023540340975319,0.6571013945823901,0.5168296381033702,0.5929480724098004,0.509591836100451,0.04452180862426758,0.0223691463470459,0.5391833931207657,0.5810846388339996,690.1362407462406,203.25210933255553,,h,h,1.0,r02c04:g,0.22429419557259436,True,dwell_v1,0.0,,311.99422624997607,
21dd155a9585,1779962886737,ba43e845ddde0ab9,5,interpolation,False,1.0,0.5233095483281678,0.4963505948739028,0.6577414200611451,0.5087785192953146,0.5905254841946564,0.5025645570846087,0.04463064670562744,0.022148549556732178,0.5393706858158112,0.5807448327541351,667.5362786380003,197.30666206223754,,y,y,1.0,r02c04:g,0.20091437624916106,True,dwell_v1,0.05204696003347635,,174.39495867601096,
21dd155a9585,1779962886838,ba43e845ddde0ab9,5,interpolation,False,1.0,0.5222097777271171,0.48793590295540307,0.6573064900587984,0.5024701816747146,0.5897581338929577,0.49520304231505885,0.0446610301733017,0.02204686403274536,0.539655327796936,0.5804647207260132,657.3677221293678,193.83030933379706,,y,y,1.0,r02c04:g,0.20753867719996685,True,dwell_v1,0.13356599994003773,,106.39974976706405,
21dd155a9585,1779962886940,ba43e845ddde0ab9,5,interpolation,False,1.0,0.5185010511683009,0.4863950031377627,0.6536724658087564,0.5018255741064843,0.5860867584885286,0.4941102886221235,0.04467032849788666,0.021932631731033325,0.5398530662059784,0.580384761095047,650.8084871101958,192.01942474436706,,y,y,1.0,r02c04:g,0.2104314698595471,True,dwell_v1,0.21540128011256457,,66.71197064538187,
21dd155a9585,1779962887042,ba43e845ddde0ab9,5,interpolation,False,1.0,0.5172564908338018,0.48391703252303686,0.6532667468362634,0.5006533939500841,0.5852616188350326,0.4922852132365605,0.04464195668697357,0.021882236003875732,0.5399758964776993,0.5803369283676147,646.5400806376415,190.7937469297192,,y,y,1.0,r02c04:g,0.21158257249789775,True,dwell_v1,0.29602959994226696,,43.53822106614692,
21dd155a9585,1779962887142,ba43e845ddde0ab9,5,interpolation,False,1.0,0.5169284713532126,0.48345086060637044,0.652179443513537,0.5005217309477138,0.5845539574333748,0.4919862957770421,0.04461124539375305,0.02188032865524292,0.5400369763374329,0.5803213119506836,644.0191587011838,191.29846156208538,,y,y,1.0,r02c04:g,0.21267533230609803,True,dwell_v1,0.3780627200379968,,25.709500714402004,
21dd155a9585,1779962887244,ba43e845ddde0ab9,5,interpolation,False,1.0,0.5174735587465713,0.48208252862064865,0.6528905483248308,0.5004273390842734,0.5851820535357011,0.491254933852461,0.044632330536842346,0.021901965141296387,0.5400960147380829,0.5802984237670898,642.4805771059521,199.61846409297897,,y,y,1.0,r01c05:y,0.2037304063891589,True,dwell_v1,0.45819215998053553,,82.95164922482121,
21dd155a9585,1779962887345,ba43e845ddde0ab9,5,interpolation,False,1.0,0.5170139638839538,0.48229459241999767,0.6527309681871991,0.5002950300247597,0.5848724660355764,0.4912948112223787,0.044619232416152954,0.02189260721206665,0.5401263535022736,0.5802679657936096,641.6120458078004,204.9341558857505,,y,y,1.0,r01c05:y,0.19305943003776133,True,dwell_v1,0.0,,53.32850645008544,
21dd155a9585,1779962887448,ba43e845ddde0ab9,5,interpolation,False,1.0,0.515972086989722,0.4834366653131698,0.6539757922500139,0.5021736094667371,0.5849739396198679,0.49280513738995346,0.044653356075286865,0.02190384268760681,0.5401813685894012,0.5803070366382599,641.3580647295263,196.70294355518922,,y,y,1.0,r01c04:t,0.21122848050983278,True,dwell_v1,0.5401203200221062,,79.95271650253024,
21dd155a9585,1779962887549,ba43e845ddde0ab9,5,interpolation,False,1.0,0.5148004803027711,0.48561407872347295,0.6543218339252318,0.5051126795669116,0.5845611571140015,0.4953633791451923,0.0446581095457077,0.021886378526687622,0.5402674078941345,0.5803462862968445,641.9267211699698,186.28883662281524,,y,y,1.0,r01c04:t,0.22736234278762768,True,dwell_v1,0.6212015999481082,,103.26357385042459,
21dd155a9585,1779962887649,ba43e845ddde0ab9,5,interpolation,False,1.0,0.5160790530510913,0.49335866080405094,0.6526630079895158,0.5126644797658854,0.5843710305203036,0.5030115702849681,0.044786810874938965,0.02204415202140808,0.5404332429170609,0.5803596079349518,645.33343372379,179.98110627173054,,y,y,1.0,r02c04:g,0.2052438497175916,True,dwell_v1,0.7016601599752903,,71.68901771286245,
21dd155a9585,1779962887751,ba43e845ddde0ab9,5,interpolation,False,1.0,0.5196704460875141,0.5030764098160717,0.6514960646287071,0.5223455797360131,0.5855832553581106,0.5127109947760424,0.04482634365558624,0.02232372760772705,0.5405370742082596,0.5803320407867432,651.8558623100748,184.142468798722,,y,y,1.0,r02c04:g,0.205258598386796,True,dwell_v1,0.7827900800853967,,75.85157501692683,
21dd155a9585,1779962887851,ba43e845ddde0ab9,5,interpolation,False,1.0,0.5224739439728586,0.5123341614839927,0.6505368085974121,0.5303709223832523,0.5865053762851353,0.5213525419336225,0.04480397701263428,0.022629976272583008,0.5406213402748108,0.5802714824676514,658.7452854339099,193.66022890881152,,y,y,1.0,r02c04:g,0.20648995717861401,True,dwell_v1,0.8646467199549079,,117.49549288906546,
21dd155a9585,1779962887953,ba43e845ddde0ab9,5,interpolation,False,1.0,0.5239477246330482,0.5162740057300765,0.6518008969633133,0.5341286891351751,0.5878743107981808,0.5252013474326258,0.04487314820289612,0.02276572585105896,0.5407659411430359,0.5801633298397064,662.7978410592523,201.91798145055174,,y,y,1.0,r01c05:y,0.24442541342972765,True,dwell_v1,0.9448388800024986,,90.18205567524126,
21dd155a9585,1779962888055,ba43e845ddde0ab9,5,interpolation,False,1.0,0.5250657125543086,0.5167124310202341,0.6524783081754336,0.5339441622195074,0.588772010364871,0.5253282966198707,0.04493895173072815,0.022829264402389526,0.5409540832042694,0.5800820291042328,664.0003363549313,207.12471666964183,,g,g,1.0,r01c05:y,0.2348667566288561,True,dwell_v1,0.02582423985004425,,52.39009346522682,
21dd155a9585,1779962888157,ba43e845ddde0ab9,5,interpolation,False,1.0,0.5214320203446142,0.5130429496964769,0.652832574574609,0.5303434200616454,0.5871322974596116,0.5216931848790611,0.04498320817947388,0.022747665643692017,0.5410849452018738,0.5799611210823059,665.013087713214,208.8071602156833,,g,g,1.0,r01c05:y,0.1833601870500825,True,dwell_v1,0.10749695990234613,,19.25236994483767,
21dd155a9585,1779962888257,ba43e845ddde0ab9,5,interpolation,False,1.0,0.5178628964920136,0.5070735775622413,0.652675933174621,0.5250304746986391,0.5852694148333173,0.5160520261304402,0.04492589831352234,0.022663027048110962,0.5411521792411804,0.5797972679138184,666.1286097613521,206.25641790515,,g,g,1.0,r01c05:y,0.2397073692862335,True,dwell_v1,0.18853527996689082,,27.840035514753023,
21dd155a9585,1779962888360,ba43e845ddde0ab9,5,interpolation,False,1.0,0.5153188857326125,0.5008906826812819,0.6523673939653069,0.5208868683119021,0.5838431398489596,0.5108887754965921,0.044805705547332764,0.02251604199409485,0.5412060171365738,0.579634964466095,665.4803451765605,200.5996151191753,,g,g,1.0,r01c05:y,0.2512417512096105,True,dwell_v1,0.0,,55.279872784963004,
21dd155a9585,1779962888461,ba43e845ddde0ab9,5,interpolation,False,1.0,0.5130881701881896,0.49826926921923426,0.6522520918133912,0.5189882066363664,0.5826701310007905,0.5086287379278003,0.04473477602005005,0.02236795425415039,0.541240856051445,0.5795196294784546,663.9388841901706,194.62081838600807,,y,y,1.0,r02c04:g,0.2028855791911458,True,dwell_v1,0.08184511996805668,,61.13178889159296,
21dd155a9585,1779962888563,ba43e845ddde0ab9,5,interpolation,False,1.0,0.5126041296669861,0.49502788098619155,0.6525663728552763,0.5171579042151895,0.5825852512611311,0.5060928926006905,0.044701993465423584,0.02229246497154236,0.5412683635950089,0.5794577896595001,662.438670342998,189.82803547859282,,y,y,1.0,r02c04:g,0.2016098194717116,True,dwell_v1,0.1619252000004053,,49.23619757026749,
21dd155a9585,1779962888664,ba43e845ddde0ab9,5,interpolation,False,1.0,0.512534752889114,0.49278982270262106,0.6516805837748602,0.5137167157655723,0.582107668331987,0.5032532692340967,0.04476200044155121,0.022257179021835327,0.5412976890802383,0.5794042944908142,659.3366335764555,183.45395439597903,,y,y,1.0,r02c04:g,0.2001612362615672,True,dwell_v1,0.244784240052104,,70.18645727836224,
21dd155a9585,1779962888765,ba43e845ddde0ab9,5,interpolation,False,1.0,0.5095141117655189,0.4893376009533002,0.6513540054260082,0.5101714764636113,0.5804340585957635,0.49975453870845576,0.04481184482574463,0.02215448021888733,0.5413819849491119,0.5793986618518829,655.9021572693736,175.24675284958062,,y,y,1.0,r02c04:g,0.19681537702705063,True,dwell_v1,0.32471408005803826,,88.08753740660099,
21dd155a9585,1779962888865,ba43e845ddde0ab9,5,interpolation,False,1.0,0.5093405887141694,0.48643302488303236,0.6509510145548764,0.5075511570215391,0.5801458016345229,0.4969920909522857,0.044764548540115356,0.022088557481765747,0.541596382856369,0.5793859362602234,652.1116376068505,164.0259216640128,,y,y,1.0,r02c04:g,0.19009749612138468,True,dwell_v1,0.40519632007926704,,118.43778611869817,
21dd155a9585,1779962888967,ba43e845ddde0ab9,5,interpolation,False,1.0,0.5076169283150209,0.4828367817718596,0.6489946651991796,0.5037725142388768,0.5783057967571003,0.4933046480053682,0.04465857148170471,0.022054225206375122,0.5418117642402649,0.5793069899082184,649.0751019809234,151.0947693607408,,y,y,1.0,r01c04:t,0.2075687709665545,True,dwell_v1,0.4871902400627732,,130.2244419324528,
21dd155a9585,1779962889069,ba43e845ddde0ab9,5,interpolation,False,1.0,0.5088287097283992,0.47636705543441293,0.6497139470597995,0.49909071795105187,0.5792713283940993,0.4877288866927324,0.04455886781215668,0.02196022868156433,0.542198896408081,0.579023540019989,645.9235901453474,136.61731540437495,,y,y,1.0,r01c04:t,0.2321073208326659,True,dwell_v1,0.56832159999758,,145.2598130722267,
21dd155a9585,1779962889169,ba43e845ddde0ab9,5,interpolation,False,1.0,0.5105168913695153,0.4701861262965516,0.6537355449640053,0.49396487641001746,0.5821262181667604,0.48207550135328453,0.044705718755722046,0.021916985511779785,0.5429798662662506,0.5782793760299683,647.1341001202945,159.25205294255548,,y,y,1.0,r01c04:t,0.20275969296259624,True,dwell_v1,0.6486733600497245,,226.67083575567577,
21dd155a9585,1779962889271,ba43e845ddde0ab9,5,interpolation,False,1.0,0.504529902278476,0.4715788224375939,0.6393047238380263,0.49720167169346874,0.5719173130582511,0.48439024706553135,0.04431040585041046,0.021348685026168823,0.5447199046611786,0.5755475461483002,650.9209156004466,166.28659046459862,,y,y,1.0,r02c04:g,0.19256188642287564,True,dwell_v1,0.7306606400758028,,78.32387831582506,
21dd155a9585,1779962889373,ba43e845ddde0ab9,5,interpolation,False,1.0,0.49896717691530373,0.47304008922962526,0.6203713139117089,0.498538438288208,0.5596692454135063,0.4857892637589166,0.043221816420555115,0.02054104208946228,0.5502838790416718,0.5684821009635925,721.5257202916104,208.78547290714639,,h,h,1.0,r01c05:y,0.20144290007619323,True,dwell_v1,0.026953119970858096,,807.9284086886735,
21dd155a9585,1779962889476,ba43e845ddde0ab9,5,interpolation,False,1.0,0.4405988574698783,0.4662045272962125,0.5555604593409352,0.4897081743429892,0.4980796584054068,0.47795635081960086,0.041956573724746704,0.01936545968055725,0.5555034279823303,0.5589559972286224,1160.8556217570267,252.51103680115514,,⌫,⌫,1.0,r03c08:BACKSPACE,0.29349886364814515,True,dwell_v1,0.026630560122430324,,4286.412574731073,
21dd155a9585,1779962889577,ba43e845ddde0ab9,5,interpolation,False,1.0,0.4017112857429047,0.4489251948934778,0.550290930611347,0.46993832757102544,0.4760011081771259,0.4594317612322516,0.03899809718132019,0.013834387063980103,0.5648180842399597,0.5514843165874481,1192.7546693342288,225.28488455984225,,p,p,1.0,r03c08:BACKSPACE,0.27571745739069264,True,dwell_v1,0.05333488006144762,,415.2297009588209,
21dd155a9585,1779962889677,ba43e845ddde0ab9,5,interpolation,False,1.0,0.5991545056708852,0.4412672370014454,0.5812549525243066,0.3962120474467772,0.5902047290975959,0.4187396422241113,0.04141932725906372,0.004538923501968384,0.58141228556633,0.5463421046733856,784.1963480753246,300.3982218728198,,n,n,1.0,r02c05:h,0.17558342825533993,True,dwell_v1,0.027171999961137772,,4154.057237354669,
21dd155a9585,1779962889780,ba43e845ddde0ab9,5,interpolation,False,1.0,0.6134794815478757,0.47598534601294246,0.7406249639634924,0.5008754306840675,0.6770522227556841,0.48843038834850494,0.03786557912826538,0.014274746179580688,0.5969146192073822,0.5339581072330475,250.00733108044776,320.0760150158493,,c,c,1.0,r04c01:ALT,0.23921268166487725,True,dwell_v1,0.027822639979422092,,5189.818710767257,
21dd155a9585,1779962889882,ba43e845ddde0ab9,5,interpolation,False,1.0,0.5962683887165185,0.48446654694077057,0.7182147451774431,0.5168716788692428,0.6572415669469809,0.5006691129050067,0.03727984428405762,0.01607435941696167,0.6089870035648346,0.5260640680789948,135.9285992922154,350.4945560252476,,Ctrl,Ctrl,1.0,r03c00:SHIFT,0.28923387531160416,True,dwell_v1,0.053444560058414935,,1157.4958671143345,
21dd155a9585,1779962889982,ba43e845ddde0ab9,5,interpolation,False,1.0,0.560736035796624,0.49086703807244425,0.7087931169131123,0.5134973219157489,0.6347645763548682,0.5021821799940966,0.03560662269592285,0.015055686235427856,0.6201896965503693,0.524448573589325,324.04975541278714,287.8613164994149,,Shift,Shift,1.0,r02c01:s,0.1833342303648541,True,dwell_v1,0.05358303990215063,,1982.7378060056465,
21dd155a9585,1779962890084,ba43e845ddde0ab9,5,interpolation,False,1.0,0.5681075258977495,0.4878492011585537,0.7034512948237697,0.5178846484877891,0.6357794103607596,0.5028669248231714,0.03485691547393799,0.014933377504348755,0.628384917974472,0.5261381566524506,435.6326585721601,264.0648258058847,,d,d,1.0,r03c02:x,0.19356123240396342,True,dwell_v1,0.05430808011442423,,1118.5504281194396,
21dd155a9585,1779962890187,ba43e845ddde0ab9,5,interpolation,False,1.0,0.5795873380634559,0.5081905360792328,0.69509669544686,0.5286405937923427,0.637342016755158,0.5184155649357878,0.03357011079788208,0.01569586992263794,0.6445085108280182,0.5352568924427032,443.4406271839807,250.96158585581492,,f,f,1.0,r03c02:x,0.16579627369909725,True,dwell_v1,0.026477599889039992,,148.0890533081597,
21dd155a9585,1779962890287,ba43e845ddde0ab9,5,interpolation,False,1.0,0.6144638151547074,0.5044995666736936,0.7252985573021766,0.529259304989642,0.669881186228442,0.5168794358316677,0.03275036811828613,0.01502886414527893,0.6554817259311676,0.5468526780605316,250.6097034705727,237.38880313598168,,d,d,1.0,r02c00:a,0.14927536427808769,True,dwell_v1,0.025408080033957958,,1933.0800700158798,
21dd155a9585,1779962890387,ba43e845ddde0ab9,5,interpolation,False,1.0,0.5359457808775144,0.5034551868213862,0.6892326478132474,0.5255495433655274,0.6125892143453809,0.5145023650934568,0.03201594948768616,0.015208393335342407,0.6614788174629211,0.5702158808708191,473.67674417122316,234.10475262802936,,s,s,1.0,r02c02:d,0.16387840465814135,True,dwell_v1,0.08075719997286797,,2230.9121371018723,
21dd155a9585,1779962890528,ba43e845ddde0ab9,5,interpolation,False,1.0,0.5500071367319163,0.5060359079295714,0.7052296704620333,0.5131797290261197,0.6276184035969747,0.5096078184778456,0.03197741508483887,0.015321463346481323,0.6601378321647644,0.5755674839019775,482.13573469006576,240.85327190475252,,f,f,1.0,r02c02:d,0.14803549091396306,True,dwell_v1,0.10310575999319553,,76.74566134770123,
21dd155a9585,1779962890641,ba43e845ddde0ab9,5,interpolation,False,1.0,0.556845870190433,0.5356491875039586,0.7707441083130893,0.5319820935327174,0.6637949892517612,0.5338156405183381,0.03176027536392212,0.015081852674484253,0.6578416526317596,0.5775227546691895,287.12003251134786,233.02557752827533,,d,d,1.0,r03c01:z,0.1515610537978668,True,dwell_v1,0.027454479970037936,,1727.192354385489,
21dd155a9585,1779962890743,ba43e845ddde0ab9,5,interpolation,False,1.0,0.6255933378848432,0.5104820526226669,0.7750563732608894,0.4985541647826652,0.7003248555728663,0.504518108702666,0.029127180576324463,0.014670252799987793,0.6479790210723877,0.5793496668338776,65.74169536431657,199.62344898365092,,q,q,1.0,r03c00:SHIFT,0.16390941586744964,True,dwell_v1,0.027670319937169553,,2194.9417215115336,
21dd155a9585,1779962890844,ba43e845ddde0ab9,5,interpolation,False,1.0,0.5840194870749937,0.3896398805928942,0.7050381740513441,0.3600285254449307,0.6445288305631689,0.37483420301891246,0.02475351095199585,0.00930476188659668,0.6315823197364807,0.5815674960613251,335.2178769383473,245.44666782072085,,q,q,1.0,r02c02:d,0.15026674521647945,True,dwell_v1,0.10909967999905348,,2706.3805386655504,
21dd155a9585,1779962890947,ba43e845ddde0ab9,5,interpolation,False,1.0,0.3421618894842927,0.520640596405711,0.49127045605306285,0.37515577623542395,0.4167161727686778,0.4478981863205675,0.019588381052017212,0.00636601448059082,0.6096958220005035,0.5826397836208344,933.2947542253189,243.5814056918456,,j,j,1.0,r02c06:j,0.21965116100087076,True,dwell_v1,0.026777279935777186,,5806.599863479793,
21dd155a9585,1779962891048,ba43e845ddde0ab9,5,interpolation,False,1.0,0.14517952293002598,0.6054103708208063,0.32987674617620844,0.5163346752968383,0.23752813455311722,0.5608725230588223,0.016527950763702393,0.011104702949523926,0.5943255424499512,0.5789105594158173,873.1131541380735,244.3369960604818,,k,k,1.0,r03c06:n,0.17132067676152665,True,dwell_v1,0.08241904005408288,,595.9043879607326,
21dd155a9585,1779962891150,ba43e845ddde0ab9,5,interpolation,False,1.0,0.30334184292298627,0.5556589527412946,0.411321118445129,0.4683099411121197,0.3573314806840576,0.5119844469267072,0.01528865098953247,0.012514322996139526,0.5910183489322662,0.5743699073791504,880.4509864826537,244.58632012202133,,j,j,1.0,r03c06:n,0.17084704709200352,True,dwell_v1,0.0800128798931837,,71.98104779936378,
21dd155a9585,1779962891252,ba43e845ddde0ab9,5,interpolation,False,1.0,0.14510588993480006,0.570478727729906,0.32684769126016283,0.4855578658222536,0.23597679059748145,0.5280182967760798,0.01601657271385193,0.013239830732345581,0.5835003554821014,0.573770672082901,862.8873033192579,245.23438062568488,,j,j,1.0,r03c06:n,0.17188829141652276,True,dwell_v1,0.1609860800206661,,172.31014790316783,
21dd155a9585,1779962891354,ba43e845ddde0ab9,5,interpolation,False,1.0,0.3813947746107193,0.5655358296667795,0.45449748273927826,0.35454056946097384,0.4179461286749988,0.4600381995638767,0.01670992374420166,0.007111787796020508,0.5840713083744049,0.5768774151802063,945.4949160200649,242.69867341083517,,j,j,1.0,r01c07:i,0.15153724641827881,True,dwell_v1,0.24398847986012698,,810.2600129950777,
21dd155a9585,1779962891488,ba43e845ddde0ab9,5,interpolation,False,1.0,0.6457540103873156,0.41745481386517486,0.7800436331501478,0.4355389628267072,0.7128988217687318,0.426496888345941,0.026953011751174927,0.0071980953216552734,0.6062515079975128,0.5825036764144897,602.7906099320273,256.4508814752218,,k,k,1.0,r03c04:v,0.159802625014093,True,dwell_v1,0.10633616000413895,,2559.553155245927,
21dd155a9585,1779962891589,ba43e845ddde0ab9,5,interpolation,False,1.0,0.6065423271867604,0.4399599311438102,0.762793657636574,0.5574931396516954,0.6846679924116672,0.4987265353977528,0.030137568712234497,0.01153823733329773,0.619390606880188,0.5803676247596741,114.94868278522793,231.49367919580828,,a,a,1.0,r02c00:a,0.2328400873272305,True,dwell_v1,0.027441279962658882,,4836.434604048643,
21dd155a9585,1779962891691,ba43e845ddde0ab9,5,interpolation,False,1.0,0.5484768490377993,0.5068644643127019,0.7101720041531125,0.5167558145792861,0.6293244265954558,0.511810139445994,0.03115984797477722,0.014456063508987427,0.6244867444038391,0.5767307579517365,346.81190758799016,246.4499377449263,,a,a,1.0,r02c02:d,0.2174252843476807,True,dwell_v1,0.10909112002700568,,2277.8931202018857,
21dd155a9585,1779962891792,ba43e845ddde0ab9,5,interpolation,False,1.0,0.6086414171692344,0.49598770504134965,0.7602597850673128,0.4874535076750234,0.6844506011182736,0.4917206063581865,0.031891047954559326,0.01480036973953247,0.6316726803779602,0.5761797726154327,212.05174931983865,272.0848886033074,,d,d,1.0,r03c00:SHIFT,0.1776000962099356,True,dwell_v1,0.05442871991544962,,1358.1852906701108,
21dd155a9585,1779962891893,ba43e845ddde0ab9,5,interpolation,False,1.0,0.6031145904165125,0.5042173343696951,0.7649669096533908,0.5240611565452766,0.6840407500349517,0.5141392454574858,0.03285720944404602,0.015941709280014038,0.6355602145195007,0.5791174173355103,93.79965271457557,217.46375689550166,,a,a,1.0,r03c00:SHIFT,0.23316250422980084,True,dwell_v1,0.0,,1289.678600701255,
21dd155a9585,1779962891995,ba43e845ddde0ab9,5,interpolation,False,1.0,0.5858220801235164,0.498341767224601,0.7253563362634622,0.5242767347528564,0.6555892081934893,0.5113092509887287,0.03348773717880249,0.015906095504760742,0.6375539302825928,0.5806575417518616,187.89912719162461,256.2285391317663,,a,a,1.0,r03c00:SHIFT,0.1689354501036222,True,dwell_v1,0.02713959999382496,,997.7588996670703,
21dd155a9585,1779962892095,ba43e845ddde0ab9,5,interpolation,False,1.0,0.5630923364363108,0.48033339864213515,0.7050604827668886,0.508902476159781,0.6340764096015997,0.49461793740095805,0.033839285373687744,0.01576438546180725,0.6383552551269531,0.5819501876831055,333.444355603316,275.98598238699725,,z,z,1.0,r02c01:s,0.23438080677139714,True,dwell_v1,0.026632639952003954,,1468.8012145077732,
21dd155a9585,1779962892198,ba43e845ddde0ab9,5,interpolation,False,1.0,0.5443929527496826,0.4740383238475649,0.6896888766519824,0.5069887007050694,0.6170409147008324,0.4905135122763171,0.03420713543891907,0.01606050133705139,0.6382939517498016,0.5832924544811249,507.9105913610174,251.85603587853066,,f,f,1.0,r03c03:c,0.1763450173182095,True,dwell_v1,0.027242880128324033,,1709.970918132257,
21dd155a9585,1779962892299,ba43e845ddde0ab9,5,interpolation,False,1.0,0.45303919000153847,0.4607913815540067,0.6779394385267392,0.4948069628745924,0.5654893142641388,0.4777991722142996,0.03473085165023804,0.015260249376296997,0.6359671652317047,0.5843666791915894,672.0127548165792,229.36836570014913,,g,g,1.0,r01c05:y,0.15314232609390008,True,dwell_v1,0.02707008011639118,,1639.958329740941,
21dd155a9585,1779962892399,ba43e845ddde0ab9,5,interpolation,False,1.0,0.42017158874795274,0.461110038935135,0.6166771022727136,0.49553471283949674,0.5184243455103331,0.47832237588731585,0.0357358455657959,0.016200751066207886,0.6338137090206146,0.58502197265625,1182.5787260125383,325.2073375770233,,⌫,⌫,1.0,r04c03:ENTER,0.28184377212178924,True,dwell_v1,0.026118719950318336,,5194.831272271402,
21dd155a9585,1779962892502,ba43e845ddde0ab9,5,interpolation,False,1.0,0.42721037956041336,0.4716618071595021,0.5926848610761303,0.5007186474183744,0.5099476203182718,0.48619022728893824,0.035725027322769165,0.016807526350021362,0.6330066919326782,0.5862007737159729,1223.8820103628316,283.9790006532947,,⌫,⌫,1.0,r01c09:p,0.15659327173349685,True,dwell_v1,0.1073649600148201,,566.5892536707009,
21dd155a9585,1779962892602,ba43e845ddde0ab9,5,interpolation,False,1.0,0.4310375726532391,0.4826961653873572,0.5824618713732902,0.5153180415534235,0.5067497220132646,0.49900710347039035,0.035797119140625,0.0169181227684021,0.6328977346420288,0.5888779163360596,1209.362016380155,269.16235646220474,,⌫,⌫,1.0,r01c09:p,0.17607319328407542,True,dwell_v1,0.18826151993125678,,207.45196319686272,
21dd155a9585,1779962892703,ba43e845ddde0ab9,5,interpolation,False,1.0,0.4318350363535711,0.4717179661431091,0.5726219617577831,0.5090956651900006,0.5022284990556771,0.49040681566655486,0.03584375977516174,0.01715242862701416,0.6331475079059601,0.5914856791496277,1192.3741378462614,258.4194486826184,,⌫,⌫,1.0,r01c09:p,0.199792076190354,True,dwell_v1,0.2694725599139929,,199.00696629603522,
21dd155a9585,1779962892806,ba43e845ddde0ab9,5,interpolation,False,1.0,0.4279887445743776,0.47823046356549676,0.5646471428524111,0.5117839616529655,0.4963179437133943,0.4950072126092311,0.03595542907714844,0.017425835132598877,0.6338437795639038,0.5933884382247925,1185.9580613863786,248.88833840478463,,⌫,⌫,1.0,r01c09:p,0.21332349920513308,True,dwell_v1,0.3513103200122714,,111.54832821896814,
21dd155a9585,1779962892908,ba43e845ddde0ab9,5,interpolation,False,1.0,0.4206874291342167,0.4629887118599496,0.5567049774194018,0.5022694270382484,0.4886962032768093,0.482629069449099,0.03611066937446594,0.016993850469589233,0.635728120803833,0.5938473343849182,1186.428306475073,239.63886167148442,,⌫,⌫,1.0,r01c09:p,0.24132693505786829,True,dwell_v1,0.0,,90.7982616880797,
50443d04313f,1779964469033,ba43e845ddde0ab9,5,interpolation,False,1.0,0.4674417662042883,0.4902956903581855,0.605791499264652,0.5143072584120021,0.5366166327344701,0.5023014743850938,0.04300391674041748,0.02073463797569275,0.5868681073188782,0.5817771553993225,1013.4844667762037,256.7229193135789,,,,0.0,r03c07:m,0.1904283326264188,True,dwell_v1,0.0,,,
50443d04313f,1779964469140,ba43e845ddde0ab9,5,interpolation,False,1.0,0.48585580761552355,0.4845228167738414,0.6391182591660038,0.5225217025058316,0.5624870333907637,0.5035222596398365,0.04366829991340637,0.020368456840515137,0.5880694091320038,0.5839965045452118,778.4312918746721,213.9060878034776,,h,h,1.0,r01c06:u,0.16372040983286637,True,dwell_v1,0.0,,2232.907165005701,
50443d04313f,1779964469247,ba43e845ddde0ab9,5,interpolation,False,1.0,0.5001865809419468,0.48069456380423525,0.642992747247434,0.5192826916781543,0.5715896640946905,0.4999886277411948,0.04269152879714966,0.01958361268043518,0.5864724218845367,0.5867528319358826,714.4097547935851,192.80927196315344,,y,y,1.0,r02c05:h,0.1866152826588346,True,dwell_v1,0.0,,629.9809191526543,
50443d04313f,1779964469354,ba43e845ddde0ab9,5,interpolation,False,1.0,0.5030759466194811,0.4897419398170115,0.6330276685568745,0.5268130286877472,0.5680518075881777,0.5082774842523793,0.04261493682861328,0.020015329122543335,0.5846817791461945,0.5880105793476105,709.2612643707037,191.78878323023085,,y,y,1.0,r02c05:h,0.1794085822311151,True,dwell_v1,0.08395112007856369,,49.05282516440447,
50443d04313f,1779964469468,ba43e845ddde0ab9,5,interpolation,False,1.0,0.4974661079912633,0.48409281013260136,0.6291924432245216,0.5225171208892201,0.5633292756078925,0.5033049655109108,0.04284936189651489,0.020031392574310303,0.5824168920516968,0.587899774312973,717.8074158302678,195.75096052021019,,y,y,1.0,r02c05:h,0.19229999253983393,True,dwell_v1,0.17380456011742354,,82.63118488332984,
50443d04313f,1779964469593,ba43e845ddde0ab9,5,interpolation,False,1.0,0.557166702873941,0.49545352477654775,0.6897383306166003,0.5241546261914993,0.6234525167452707,0.5098040754840235,0.0427895188331604,0.02023133635520935,0.5836020708084106,0.5887270867824554,599.2374516830073,222.332470721461,,y,y,1.0,r01c04:t,0.17105031855245226,True,dwell_v1,0.2631794400513172,,972.1041288244578,
50443d04313f,1779964469705,ba43e845ddde0ab9,5,interpolation,False,1.0,0.5885789386468561,0.5041660962041954,0.7267902102660648,0.5273918977793568,0.6576845744564604,0.5157789969917761,0.04265528917312622,0.02069947123527527,0.5849840044975281,0.5902270376682281,293.6483343994473,254.02165190401175,,d,d,1.0,r03c01:z,0.18458816288972707,True,dwell_v1,0.02981423996388912,,2743.105236730311,
50443d04313f,1779964469813,ba43e845ddde0ab9,5,interpolation,False,1.0,0.6067797249627436,0.5011250859513582,0.7452176680027183,0.5247343266160676,0.6759986964827309,0.5129297062837128,0.04287341237068176,0.020655155181884766,0.5867239236831665,0.5906650125980377,153.87743946525381,237.85705906374773,,a,a,1.0,r03c00:SHIFT,0.20018291065330224,True,dwell_v1,0.05883504003286362,,1302.8010452394865,
50443d04313f,1779964469922,ba43e845ddde0ab9,5,interpolation,False,1.0,0.6086426352578758,0.49878259030712796,0.7487220558298966,0.5230480836551709,0.6786823455438862,0.5109153369811494,0.04313966631889343,0.02070346474647522,0.588585764169693,0.5911227166652679,123.4842188785891,230.3690662511776,,a,a,1.0,r03c00:SHIFT,0.2249959084698266,True,dwell_v1,0.14753680005669595,,287.1747061314069,
50443d04313f,1779964470039,ba43e845ddde0ab9,5,interpolation,False,1.0,0.5949241273996932,0.4996167562011843,0.729347346488662,0.524793462855734,0.6621357369441776,0.5122051095284592,0.043400466442108154,0.020868569612503052,0.5905284881591797,0.5913262069225311,126.28782366477417,235.24654930814475,,a,a,1.0,r03c00:SHIFT,0.23250419209761536,True,dwell_v1,0.23665056005120277,,48.084076024864814,
50443d04313f,1779964470151,ba43e845ddde0ab9,5,interpolation,False,1.0,0.5927918829877953,0.5014295820130927,0.73280018961877,0.5304823120099906,0.6627960363032827,0.5159559470115417,0.04322358965873718,0.021003514528274536,0.591655969619751,0.5908698737621307,142.94128421627258,240.20538162872447,,a,a,1.0,r03c00:SHIFT,0.22087592277981954,True,dwell_v1,0.32656960003077984,,155.14347126969278,
50443d04313f,1779964470266,ba43e845ddde0ab9,5,interpolation,False,1.0,0.5768345961919198,0.5001225799026292,0.7263292926330734,0.5255399456772442,0.6515819444124966,0.5128312627899367,0.04284229874610901,0.02042621374130249,0.5914772152900696,0.5909983515739441,207.74994808261184,256.2435669524706,,a,a,1.0,r03c00:SHIFT,0.13163174894407464,True,dwell_v1,0.4194528801366687,,580.553565479404,
50443d04313f,1779964470394,ba43e845ddde0ab9,5,interpolation,False,1.0,0.5737951701012387,0.5012860229312178,0.7187710317826015,0.5262803254145245,0.6462831009419201,0.5137831741728711,0.043075501918792725,0.019906669855117798,0.5906407833099365,0.5914582312107086,246.37441018272,260.5849756008515,,a,a,1.0,r03c01:z,0.16773134514708754,True,dwell_v1,0.5094523200765252,,303.65378547618445,
50443d04313f,1779964470520,ba43e845ddde0ab9,5,interpolation,False,1.0,0.573567409928056,0.506291718318181,0.7174492795253954,0.5304819683068666,0.6455083447267257,0.5183868433125238,0.04308760166168213,0.019785672426223755,0.5896608531475067,0.5918557643890381,279.9092447429276,259.65180070233953,,s,s,1.0,r03c01:z,0.19129457114414003,True,dwell_v1,0.11502912007272244,,266.252506280716,
50443d04313f,1779964470628,ba43e845ddde0ab9,5,interpolation,False,1.0,0.5763031093289215,0.5068731176321557,0.7169895498264656,0.5310915078340526,0.6466463295776935,0.5189823127331041,0.04331564903259277,0.01986449956893921,0.5892476439476013,0.5923666059970856,296.3459599268026,258.07926510529927,,s,s,1.0,r03c01:z,0.19079177480583767,True,dwell_v1,0.2016764000058174,,152.8867384286863,
50443d04313f,1779964470759,ba43e845ddde0ab9,5,interpolation,False,1.0,0.5802659652564531,0.4980750421043272,0.7269789057428786,0.5190615290784407,0.6536224354996658,0.508568285591384,0.04318821430206299,0.01975184679031372,0.5894566476345062,0.5928025841712952,288.1051158022162,261.6087057803624,,s,s,1.0,r03c01:z,0.19621396928540247,True,dwell_v1,0.28089295998215674,,68.43393874430986,
50443d04313f,1779964470869,ba43e845ddde0ab9,5,interpolation,False,1.0,0.6012580362269008,0.49149126394706427,0.7420538619229331,0.5159216413901883,0.671655949074917,0.5037064526686262,0.042790234088897705,0.02002003788948059,0.5906038880348206,0.5934374034404755,166.1001836242217,273.105118301341,,s,s,1.0,r02c00:a,0.267172404829481,True,dwell_v1,0.0,,1114.0489394049162,
50443d04313f,1779964470980,ba43e845ddde0ab9,5,interpolation,False,1.0,0.6937847415712957,0.5075252135474418,0.8038307493709149,0.5233877046461844,0.7488077454711053,0.5154564590968131,0.04261276125907898,0.01961025595664978,0.5939328670501709,0.5952678322792053,83.52364672742124,216.27405211724977,,q,q,1.0,r03c00:SHIFT,0.2332212393391035,True,dwell_v1,0.05739576015621424,,903.089887002004,
50443d04313f,1779964471113,ba43e845ddde0ab9,5,interpolation,False,1.0,0.7136202924990409,0.5101784703644986,0.83049168352802,0.5245381696659258,0.7720559880135305,0.5173583200152122,0.042470693588256836,0.01949363946914673,0.5953825116157532,0.5967355966567993,153.71009069554853,213.5977767509502,,a,a,1.0,r01c01:w,0.19457799402074386,True,dwell_v1,0.04349664002656937,,528.1011269751967,
50443d04313f,1779964471230,ba43e845ddde0ab9,5,interpolation,False,1.0,0.6078951162971261,0.49730909186505806,0.7633909845185595,0.5163047091621238,0.6856430504078428,0.5068069005135909,0.042525291442871094,0.019898593425750732,0.5921459496021271,0.5966195464134216,67.7895948357652,212.96396381917535,,q,q,1.0,r03c00:SHIFT,0.22534660295707473,True,dwell_v1,0.029890639893710613,,734.3831928525465,
50443d04313f,1779964471343,ba43e845ddde0ab9,5,interpolation,False,1.0,0.5874686936211592,0.4954353418639893,0.743503262906248,0.5157005147848751,0.6654859782637036,0.5055679283244322,0.042871952056884766,0.02034783363342285,0.591079592704773,0.5967178642749786,95.71538230387472,236.94332280332898,,q,q,1.0,r01c00:q,0.2249313259126402,True,dwell_v1,0.12237759996205569,,325.7381675917912,
50443d04313f,1779964471477,ba43e845ddde0ab9,5,interpolation,False,1.0,0.586419186208728,0.4915061566488279,0.7358267585773768,0.5140541308237346,0.6611229723930524,0.5027801437362813,0.04298633337020874,0.020476967096328735,0.5909311771392822,0.5967021882534027,114.36506707091804,254.56138633527453,,a,a,1.0,r02c00:a,0.21877540447485405,True,dwell_v1,0.07469280008226634,,191.45927872291188,
50443d04313f,1779964471625,ba43e845ddde0ab9,5,interpolation,False,1.0,0.583676515865028,0.4955343194184888,0.7162510299820158,0.5207618676841852,0.6499637729235219,0.5081480935513369,0.04347968101501465,0.02082762122154236,0.5923766493797302,0.5969364643096924,214.15797554511784,271.9724781012712,,a,a,1.0,r03c00:SHIFT,0.17240565350789752,True,dwell_v1,0.18977856002748011,,684.4621507585616,
50443d04313f,1779964500434,ba43e845ddde0ab9,5,interpolation,False,1.0,0.5113626325627936,0.4641872098401658,0.6136656420788724,0.5004626703091772,0.562514137320833,0.4823249400746715,0.04474228620529175,0.02124100923538208,0.5823109745979309,0.6211119592189789,640.8364801408288,251.5536972754504,,a,a,1.0,r03c04:v,0.1677858326591358,True,dwell_v1,0.0,,14.827546860682764,
50443d04313f,1779964500567,ba43e845ddde0ab9,5,interpolation,False,1.0,0.5118932125439204,0.46383456467614237,0.6169304570109732,0.49935377295066447,0.5644118347774467,0.48159416881340344,0.04479053616523743,0.021349817514419556,0.5823703408241272,0.6211584806442261,640.5118947092286,250.1029743736138,,g,g,1.0,r03c04:v,0.16588377699146542,True,dwell_v1,0.12372527997940778,,11.177375532800589,
50443d04313f,1779964500670,ba43e845ddde0ab9,5,interpolation,False,1.0,0.514244034594144,0.46408730720535235,0.6266620419422553,0.4991981283813423,0.5704530382681996,0.48164271779334733,0.04533115029335022,0.021444112062454224,0.5825512111186981,0.6212123036384583,638.4218363206205,242.92381753706525,,g,g,1.0,r03c04:v,0.15634005161203157,True,dwell_v1,0.2041787201538682,,72.59425078873527,
50443d04313f,1779964500773,ba43e845ddde0ab9,5,interpolation,False,1.0,0.5519510971432144,0.4607091755006177,0.6647026334502353,0.49594206889949977,0.6083268652967249,0.4783256222000587,0.04540199041366577,0.021307915449142456,0.5841368436813354,0.6212291121482849,468.4551723749414,258.2907406106291,,g,g,1.0,r02c02:d,0.21552556714202062,True,dwell_v1,0.28842904008924963,,1656.8924523058467,
50443d04313f,1779964500907,ba43e845ddde0ab9,5,interpolation,False,1.0,0.5992576421500108,0.4605060651560317,0.7173000097382015,0.492818732986397,0.6582788259441061,0.4766623990712143,0.045242249965667725,0.021236181259155273,0.5861780047416687,0.6212084293365479,89.60927797983688,267.7568278921953,,Shift,Shift,1.0,r04c00:CTRL,0.1560179108240701,True,dwell_v1,0.05415576007217169,,2828.090588178084,
50443d04313f,1779964501038,ba43e845ddde0ab9,5,interpolation,False,1.0,0.6050305598608458,0.4621759687527926,0.7308550318833896,0.49370189260700514,0.6679427958721177,0.4779389306798989,0.04511231184005737,0.0212288498878479,0.5864490866661072,0.6212290823459625,71.50749243186134,229.08189885148755,,Shift,Shift,1.0,r03c00:SHIFT,0.2704401045926081,True,dwell_v1,0.0,,325.966245404484,
50443d04313f,1779964501139,ba43e845ddde0ab9,5,interpolation,False,1.0,0.6045465061454158,0.46585153391465867,0.7326559386407688,0.49453879755811025,0.6686012223930924,0.48019516573638443,0.045148491859436035,0.021335333585739136,0.5864735841751099,0.6213088035583496,62.31952662424774,209.28959173091218,,q,q,1.0,r03c00:SHIFT,0.21446813511375135,True,dwell_v1,0.08111984003335238,,216.0490729556893,
50443d04313f,1779964501240,ba43e845ddde0ab9,5,interpolation,False,1.0,0.601495230555504,0.47196127816498507,0.7310378656202348,0.49915053403601867,0.6662665480878693,0.48555590610050187,0.04505845904350281,0.02089458703994751,0.5865064263343811,0.6218593716621399,47.83288386750076,185.07067441620845,,q,q,1.0,r03c00:SHIFT,0.12395086972727,True,dwell_v1,0.16291912011802195,,279.41477736130645,
50443d04313f,1779964501345,ba43e845ddde0ab9,5,interpolation,False,1.0,0.6014820205178867,0.47832377708408236,0.7303457839082699,0.5047885289695424,0.6659139022130782,0.4915561530268124,0.04505321383476257,0.02078413963317871,0.5865936875343323,0.6223087310791016,34.674486679622554,159.41568493152818,,q,q,1.0,r00c00:👁 CALIBRATE,0.11100752105252633,True,dwell_v1,0.24488472007215023,,274.59669903580783,
50443d04313f,1779964501449,ba43e845ddde0ab9,5,interpolation,False,1.0,0.599605513806173,0.47931906901469307,0.7301620667824391,0.5055792406323514,0.6648837902943061,0.49244915482352225,0.04510575532913208,0.02083343267440796,0.586663156747818,0.6223950386047363,25.287560685065515,139.07816785009823,,q,q,1.0,r00c00:👁 CALIBRATE,0.16379524077776197,True,dwell_v1,0.324127840064466,,215.37795762906055,
50443d04313f,1779964501564,ba43e845ddde0ab9,5,interpolation,False,1.0,0.601353462832293,0.47965069003940053,0.7318687140580897,0.5058600594546436,0.6666110884451913,0.4927553747470221,0.04508611559867859,0.020854324102401733,0.5867006182670593,0.6223891079425812,19.946678195547715,127.43870765434208,,q,q,1.0,r00c00:👁 CALIBRATE,0.2421204118806966,True,dwell_v1,0.4045425599440932,,111.35938157632175,
50443d04313f,1779964501690,ba43e845ddde0ab9,5,interpolation,False,1.0,0.5388934578908449,0.47877141973296156,0.6897010090218041,0.5054137107663801,0.6142972334563245,0.4920925652496708,0.04524675011634827,0.020799636840820312,0.584425151348114,0.6224012970924377,139.6610558125687,306.0221826092742,,Shift,Shift,1.0,r04c00:CTRL,0.1586462349066336,True,dwell_v1,0.04935832004994154,,1706.3231769002039,
50443d04313f,1779964501809,ba43e845ddde0ab9,5,interpolation,False,1.0,0.5244936830047465,0.4799508196653125,0.662946342676605,0.5069974751233651,0.5937200128406758,0.4934741473943388,0.04527291655540466,0.020847201347351074,0.5835458934307098,0.6224334239959717,452.06192383778534,237.60447276770287,,d,d,1.0,r01c03:r,0.1586749517812495,True,dwell_v1,0.0406173599883914,,2687.4375967270603,
50443d04313f,1779964501927,ba43e845ddde0ab9,5,interpolation,False,1.0,0.5095053899963503,0.48116405970612747,0.6466981733850184,0.5083976018498463,0.5781017816906844,0.49478083077798685,0.04528820514678955,0.020963191986083984,0.5829100906848907,0.622506320476532,594.301760169748,175.07817390904233,,t,t,1.0,r02c04:g,0.1702241280370388,True,dwell_v1,0.02513207998126745,,1316.7459730465062,
50443d04313f,1779964502027,ba43e845ddde0ab9,5,interpolation,False,1.0,0.5037353032440424,0.48092296750912034,0.6374957285800378,0.5095915394281775,0.5706155159120401,0.4952572534686489,0.045310020446777344,0.021064162254333496,0.5826441943645477,0.622544914484024,613.1782464962088,149.72786523138492,,t,t,1.0,r01c05:y,0.16955552452419165,True,dwell_v1,0.11021696012467146,,316.0632667814423,
50443d04313f,1779964502129,ba43e845ddde0ab9,5,interpolation,False,1.0,0.49338103537173955,0.4796278840018935,0.6255953360695342,0.5093397936698917,0.5594881857206369,0.4944838388358926,0.045348912477493286,0.021068185567855835,0.5821165144443512,0.6224834322929382,625.4532071670503,161.19821767808077,,t,t,1.0,r01c05:y,0.18752853269815703,True,dwell_v1,0.19918360002338886,,164.70694581884968,
50443d04313f,1779964502262,ba43e845ddde0ab9,5,interpolation,False,1.0,0.48730087372831526,0.48058806549805816,0.6110332825920878,0.512252274818546,0.5491670781602015,0.4964201701583021,0.045462578535079956,0.021159619092941284,0.5814069509506226,0.6224343776702881,637.3844975084222,196.35587251518558,,t,t,1.0,r01c05:y,0.21340221922069125,True,dwell_v1,0.2930458400398493,,279.1506041601761,
50443d04313f,1779964502365,ba43e845ddde0ab9,5,interpolation,False,1.0,0.4860726029569323,0.4808103445733748,0.6072722538018288,0.5127275080538364,0.5466724283793806,0.4967689263136056,0.04538264870643616,0.021184444427490234,0.5811072587966919,0.622429221868515,647.0526439820353,212.13712086508076,,g,g,1.0,r01c05:y,0.1549798100540712,True,dwell_v1,0.02738968003541231,,179.6827085145322,
50443d04313f,1779964502499,ba43e845ddde0ab9,5,interpolation,False,1.0,0.4858659798171219,0.48069108722900195,0.6040439767770274,0.5132614248726933,0.5449549782970746,0.4969762560508476,0.045336395502090454,0.021214693784713745,0.5809774994850159,0.6224228143692017,656.7659183524388,223.85425963498955,,g,g,1.0,r01c05:y,0.14790918945041065,True,dwell_v1,0.135676640085876,,113.57979481374758,
50443d04313f,1779964502600,ba43e845ddde0ab9,5,interpolation,False,1.0,0.48453913377608615,0.4805810866617949,0.6043581882387805,0.5133842043275317,0.5444486610074333,0.4969826454946633,0.045312464237213135,0.02121672034263611,0.580939918756485,0.622419536113739,661.3537689843623,228.3546065827257,,g,g,1.0,r01c05:y,0.14524030403150634,True,dwell_v1,0.21782152000814675,,63.62994061983635,
50443d04313f,1779964502702,ba43e845ddde0ab9,5,interpolation,False,1.0,0.48642690975002617,0.4811632971517739,0.6040326726452276,0.5150800326328239,0.5452297911976269,0.4981216648922989,0.04535600543022156,0.021199166774749756,0.580887645483017,0.622365415096283,663.8524411951719,230.01962398512268,,g,g,1.0,r01c05:y,0.14485965410060883,True,dwell_v1,0.2981800800189376,,29.43731858421156,
50443d04313f,1779964502803,ba43e845ddde0ab9,5,interpolation,False,1.0,0.4881396303490814,0.4813631679369841,0.6020143576107837,0.5159057755643659,0.5450769939799326,0.498634471750675,0.045371413230895996,0.02118942141532898,0.580714225769043,0.6222889721393585,666.1034735520456,230.29942830152467,,g,g,1.0,r01c05:y,0.1464543744690232,True,dwell_v1,0.38040968012064696,,22.458966334708983,
50443d04313f,1779964502904,ba43e845ddde0ab9,5,interpolation,False,1.0,0.4902077666467225,0.481225528023093,0.5978484370560089,0.5159337070107199,0.5440281018513657,0.4985796175169065,0.045279741287231445,0.021148771047592163,0.5803400278091431,0.6222079396247864,666.4768362912326,229.97727553066719,,g,g,1.0,r01c05:y,0.14733851648625151,True,dwell_v1,0.4599464001134038,,4.88252489863489,
50443d04313f,1779964503004,ba43e845ddde0ab9,5,interpolation,False,1.0,0.4896208950812104,0.48196261407220187,0.5976512370236761,0.5173980925133794,0.5436360660524433,0.49968035329279065,0.045424461364746094,0.021125346422195435,0.5800153911113739,0.6221860647201538,668.7655093298803,229.80590881640126,,g,g,1.0,r01c05:y,0.1496504591389144,True,dwell_v1,0.5401869600638747,,22.95079699834164,
50443d04313f,1779964503106,ba43e845ddde0ab9,5,interpolation,False,1.0,0.48879507699027097,0.48284879645445467,0.6011044662035206,0.5179158078038983,0.5449497715968958,0.5003823021291764,0.04546293616294861,0.021129727363586426,0.5798164010047913,0.6221953630447388,671.0338103077607,229.38578617395208,,g,g,1.0,r01c05:y,0.15230577262293526,True,dwell_v1,0.6228168800473213,,22.61646426986259,
50443d04313f,1779964503207,ba43e845ddde0ab9,5,interpolation,False,1.0,0.4894214213704751,0.48312822839677644,0.6028603470783527,0.5200997923430605,0.5461408842244139,0.5016140103699185,0.0454898476600647,0.021222740411758423,0.579744964838028,0.6221892833709717,669.8749134658786,226.66263858738088,,g,g,1.0,r01c05:y,0.15610463889092288,True,dwell_v1,0.7029995201155543,,29.301870496337674,
50443d04313f,1779964503308,ba43e845ddde0ab9,5,interpolation,False,1.0,0.4914026773783934,0.48547189776812905,0.603424984182296,0.5212793496400658,0.5474138307803447,0.5033756237040974,0.04549190402030945,0.021343141794204712,0.579732358455658,0.6221625804901123,667.9479837647666,222.80981348776115,,g,g,1.0,r01c05:y,0.16116694260728415,True,dwell_v1,0.7835488799959421,,42.65169025752782,
50443d04313f,1779964503408,ba43e845ddde0ab9,5,interpolation,False,1.0,0.49219959091565396,0.4859439389282392,0.6045205890027903,0.5205272711631446,0.5483600899592221,0.5032356050456919,0.045459479093551636,0.021379411220550537,0.5796606242656708,0.6221527457237244,666.0889716106567,219.29408334799956,,g,g,1.0,r01c05:y,0.1655949885879284,True,dwell_v1,0.8651651199907064,,39.76969273800889,
50443d04313f,1779964503513,ba43e845ddde0ab9,5,interpolation,False,1.0,0.4905648370545657,0.4864010833991649,0.6040350552251713,0.5211135652199064,0.5472999461398685,0.5037573243095357,0.045380622148513794,0.021455973386764526,0.5793700218200684,0.6220917403697968,666.2474927327021,217.9518467579017,,g,g,1.0,r01c05:y,0.16815102712815996,True,dwell_v1,0.9465325601398945,,12.872047832933864,
50443d04313f,1779964503648,ba43e845ddde0ab9,5,interpolation,False,1.0,0.48947335670282716,0.48610926015770795,0.6046962362365708,0.5206545766528701,0.547084796469699,0.503381918405289,0.045412302017211914,0.021471649408340454,0.578886091709137,0.6220647096633911,666.5321826925809,217.61063084721698,,g,g,1.0,r01c05:y,0.1690533872323449,True,dwell_v1,0.0,,3.2917294286685252,
50443d04313f,1779964503749,ba43e845ddde0ab9,5,interpolation,False,1.0,0.49186880549773093,0.4861128233888272,0.6022545391897373,0.520950363825567,0.547061672343734,0.5035315936071971,0.04533645510673523,0.02145838737487793,0.5787289142608643,0.6220538914203644,666.7910617944367,217.53017470693584,,g,g,1.0,r01c05:y,0.16946180010775383,True,dwell_v1,0.0,,2.6840921263528883,
50443d04313f,1779964503883,ba43e845ddde0ab9,5,interpolation,False,1.0,0.4915230739679096,0.4854866393657468,0.6016656249060799,0.5195163050800463,0.5465943494369947,0.5025014722228965,0.045322269201278687,0.021476328372955322,0.5787016749382019,0.6220693588256836,667.5656868794207,218.2766840534274,,g,g,1.0,r01c05:y,0.1688988425348378,True,dwell_v1,0.0,,8.02827006402113,
50443d04313f,1779964503985,ba43e845ddde0ab9,5,interpolation,False,1.0,0.5939671170339335,0.4786924806669226,0.7252684639226257,0.5039147975166993,0.6596177904782796,0.49130363909181096,0.04478326439857483,0.02081739902496338,0.5839865803718567,0.6224398612976074,174.9479629113553,193.30493429181524,,x,x,1.0,r02c00:a,0.22923156921186386,True,dwell_v1,0.02753343991935253,,4835.786775921714,
50443d04313f,1779964504086,ba43e845ddde0ab9,5,interpolation,False,1.0,0.6021673020476861,0.476778921731061,0.7348667729795046,0.5013491213623359,0.6685170375135954,0.4890640215466985,0.04478377103805542,0.020704537630081177,0.5848034918308258,0.6225447952747345,67.34587123984181,151.7289294432093,,q,q,1.0,r00c00:👁 CALIBRATE,0.14249198207989808,True,dwell_v1,0.05352320000529289,,1142.1286393254418,
50443d04313f,1779964504187,ba43e845ddde0ab9,5,interpolation,False,1.0,0.6008999023318047,0.47638109458393385,0.7349923474371747,0.49889794063116444,0.6679461248844897,0.48763951760754914,0.045047372579574585,0.02081543207168579,0.5849714279174805,0.6225745677947998,49.129831020922914,149.58551731798855,,q,q,1.0,r00c00:👁 CALIBRATE,0.14319952532253644,True,dwell_v1,0.135361760109663,,181.60109209720727,
50443d04313f,1779964504292,ba43e845ddde0ab9,5,interpolation,False,1.0,0.598936118097986,0.4768871507517738,0.7309151614030116,0.4991358618539208,0.6649256397504988,0.4880115063028473,0.045156627893447876,0.02083072066307068,0.5849647223949432,0.622589647769928,37.36928596878185,145.7407646072848,,q,q,1.0,r00c00:👁 CALIBRATE,0.1496268178569049,True,dwell_v1,0.21863672006875276,,117.83863955950048,
50443d04313f,1779964504429,ba43e845ddde0ab9,5,interpolation,False,1.0,0.5983555302808289,0.4756172431812272,0.7296901289031967,0.49748051104155694,0.6640228295920128,0.48654887711139205,0.04520246386528015,0.02079811692237854,0.5850368142127991,0.6225850582122803,30.193160330835354,145.82621720561843,,q,q,1.0,r00c00:👁 CALIBRATE,0.14569841665226255,True,dwell_v1,0.32393640000373125,,52.38419270423462,
50443d04313f,1779964504563,ba43e845ddde0ab9,5,interpolation,False,1.0,0.5943363192906316,0.4746859831490683,0.728783049734755,0.49626954469149775,0.6615596845126933,0.485477763920283,0.045265644788742065,0.02083316445350647,0.5850743353366852,0.6226558983325958,28.047229244062194,151.35536165121252,,q,q,1.0,r00c00:👁 CALIBRATE,0.1289156599590533,True,dwell_v1,0.4313273601233959,,44.26100373749182,
50443d04313f,1779964504695,ba43e845ddde0ab9,5,interpolation,False,1.0,0.5950154714199658,0.47421028445022795,0.730679528951109,0.495783588933815,0.6628475001855374,0.4849969366920215,0.04526948928833008,0.020969897508621216,0.585405170917511,0.6229143440723419,28.569870387829326,156.40409445054877,,q,q,1.0,r00c00:👁 CALIBRATE,0.1160062096490395,True,dwell_v1,0.5405741600319743,,38.452366873189476,
50443d04313f,1779964504828,ba43e845ddde0ab9,5,interpolation,False,1.0,0.594790120204971,0.47359366679329984,0.7299651659913289,0.49642799291742773,0.66237764309815,0.4850108298553638,0.04534018039703369,0.020936548709869385,0.5856063961982727,0.6230579316616058,27.987686896399843,157.20944992297763,,q,q,1.0,r00c00:👁 CALIBRATE,0.11376373220933578,True,dwell_v1,0.6464456001296639,,7.471789349449336,
50443d04313f,1779964504929,ba43e845ddde0ab9,5,interpolation,False,1.0,0.5923889178165003,0.4725159686542462,0.7298810871194862,0.49571452499262225,0.6611350024679932,0.4841152468234342,0.045347779989242554,0.02092444896697998,0.5856341421604156,0.6231578588485718,29.345859986853434,161.87736607227413,,q,q,1.0,r00c00:👁 CALIBRATE,0.10322086398190744,True,dwell_v1,0.7279300801455975,,48.133554479247834,
50443d04313f,1779964505031,ba43e845ddde0ab9,5,interpolation,False,1.0,0.5919146968960807,0.4713614038767413,0.7283160303824339,0.4956027306120395,0.6601153636392573,0.4834820672443904,0.045347660779953,0.020891427993774414,0.5856038331985474,0.6232071816921234,31.404961083808416,169.49186618663657,,q,q,1.0,r03c00:SHIFT,0.08768095097700176,True,dwell_v1,0.8110470401123167,,77.33331178105117,
50443d04313f,1779964505131,ba43e845ddde0ab9,5,interpolation,False,1.0,0.5930149679258732,0.470283885448273,0.7295941398594172,0.4947122819306048,0.6613045538926452,0.4824980836894389,0.04532498121261597,0.02089214324951172,0.5856042504310608,0.6232644319534302,33.524193835799736,174.70937483983963,,q,q,1.0,r03c00:SHIFT,0.09778296104781602,True,dwell_v1,0.8895925600081682,,56.31477959058479,
50443d04313f,1779964505234,ba43e845ddde0ab9,5,interpolation,False,1.0,0.5943806314683363,0.46863382522696784,0.7302416383360366,0.4927110919282493,0.6623111349021864,0.48067245857760854,0.045282065868377686,0.020848602056503296,0.5855931639671326,0.6233890056610107,37.52962286687246,180.91300731512996,,q,q,1.0,r03c00:SHIFT,0.11137388687358157,True,dwell_v1,0.971349280141294,,71.69264790176776,
50443d04313f,1779964505335,ba43e845ddde0ab9,5,interpolation,False,1.0,0.5959412826333158,0.4694719942339295,0.7302408344953948,0.4931987424794849,0.6630910585643552,0.4813353683567072,0.04526090621948242,0.020827770233154297,0.585582047700882,0.6234256327152252,39.57329800905876,182.4753367796577,,q,q,1.0,r03c00:SHIFT,0.11537413925861449,True,dwell_v1,0.0,,25.469768187260165,
50443d04313f,1779964505435,ba43e845ddde0ab9,5,interpolation,False,1.0,0.5964303900562687,0.4692090904888372,0.7310471180089447,0.49225574159945534,0.6637387540326067,0.4807324160441463,0.04527688026428223,0.020803481340408325,0.5856077671051025,0.6234239935874939,41.29962780290699,183.3408548930002,,q,q,1.0,r03c00:SHIFT,0.11784708552709716,True,dwell_v1,0.0,,19.311489227017198,
50443d04313f,1779964505537,ba43e845ddde0ab9,5,interpolation,False,1.0,0.5960406017638422,0.46926215544678695,0.7290081861890485,0.49219051044262335,0.6625243939764454,0.4807263329447051,0.04532921314239502,0.020853400230407715,0.5855528116226196,0.6234072148799896,42.39446088673246,184.76359945671877,,q,q,1.0,r03c00:SHIFT,0.12129571765706232,True,dwell_v1,0.0,,17.600323667960946,
50443d04313f,1779964505639,ba43e845ddde0ab9,5,interpolation,False,1.0,0.5957415779222734,0.4700280893280475,0.7283494255230566,0.49346116819646874,0.662045501722665,0.4817446287622581,0.04535996913909912,0.02088099718093872,0.585496574640274,0.6234262585639954,41.90244632553597,184.92617948304257,,q,q,1.0,r03c00:SHIFT,0.12145785227508095,True,dwell_v1,0.0,,5.080196844582171,
50443d04313f,1779964505742,ba43e845ddde0ab9,5,interpolation,False,1.0,0.5886945025976047,0.4706081298117274,0.7112015610145841,0.4945636165716847,0.6499480318060944,0.48258587319170604,0.04538470506668091,0.0209103524684906,0.5849904119968414,0.6234379708766937,41.56271255023755,234.92209025549718,,q,q,1.0,r03c00:SHIFT,0.2804428796839706,True,dwell_v1,0.0,,485.40839848459746,
50443d04313f,1779964505877,ba43e845ddde0ab9,5,interpolation,False,1.0,0.5524027387309327,0.47221073138380554,0.6689180876943042,0.500639892693073,0.6106604132126184,0.48642531203843925,0.045328497886657715,0.020923495292663574,0.5833231210708618,0.6235191226005554,215.9148198387499,295.1618694383337,,Shift,Shift,1.0,r04c01:ALT,0.18868948393694723,True,dwell_v1,0.0794379198923707,,1366.4104610183379,
50443d04313f,1779964505977,ba43e845ddde0ab9,5,interpolation,False,1.0,0.5354322066783996,0.4744937402355989,0.661847330081361,0.5037413277909796,0.5986397683798803,0.4891175340132893,0.04534786939620972,0.020981639623641968,0.5828650295734406,0.6235413253307343,420.4058457117153,250.89631488348118,,d,d,1.0,r03c02:x,0.17968563464882686,True,dwell_v1,0.0268002400174737,,2092.271946536263,
50443d04313f,1779964506079,ba43e845ddde0ab9,5,interpolation,False,1.0,0.5342262526641314,0.4762895536041056,0.6604745679409082,0.5052496413313148,0.5973504103025198,0.4907695974677102,0.045342832803726196,0.02108427882194519,0.5828361511230469,0.6234540939331055,444.93604710498767,244.77082984473958,,d,d,1.0,r03c02:x,0.15497132827292198,True,dwell_v1,0.10682191997766495,,247.87686451343146,
50443d04313f,1779964506181,ba43e845ddde0ab9,5,interpolation,False,1.0,0.5360897329038673,0.47873673195721267,0.6630797047518808,0.5077847877939913,0.599584718827874,0.493260759875602,0.04537159204483032,0.021085023880004883,0.5828485786914825,0.6234172284603119,448.96153001120706,242.47788570488078,,d,d,1.0,r01c03:r,0.15021817486282907,True,dwell_v1,0.18979327995330095,,45.418835018846345,
50443d04313f,1779964506282,ba43e845ddde0ab9,5,interpolation,False,1.0,0.5429112108827291,0.48370283218243976,0.6614953878496815,0.5116279799838012,0.6022032993662053,0.4976654060831205,0.045545995235443115,0.021274656057357788,0.5827145576477051,0.6234077215194702,433.73993669141123,244.29784840152257,,d,d,1.0,r03c02:x,0.162438962679987,True,dwell_v1,0.2697785601019859,,151.78226457226322,
50443d04313f,1779964506382,ba43e845ddde0ab9,5,interpolation,False,1.0,0.5458293960999914,0.48661060447753623,0.6611147782426021,0.5139471286035763,0.6034720871712967,0.5002788665405562,0.04559043049812317,0.02139204740524292,0.5825656950473785,0.6233866214752197,421.5047130053881,245.1294521629971,,d,d,1.0,r03c02:x,0.16963190435193182,True,dwell_v1,0.3514266399666667,,122.63452346836094,
50443d04313f,1779964506485,ba43e845ddde0ab9,5,interpolation,False,1.0,0.5471449653385649,0.48766634478616233,0.6627243058448098,0.5141295888150591,0.6049346355916874,0.5008979668006107,0.04568272829055786,0.02146264910697937,0.5825798213481903,0.6233776807785034,403.15149241096543,248.00107130744013,,d,d,1.0,r03c02:x,0.1764246781373177,True,dwell_v1,0.4324380001053214,,180.3545127738781,
50443d04313f,1779964506587,ba43e845ddde0ab9,5,interpolation,False,1.0,0.5483302226154572,0.48812162462502556,0.6610211960963605,0.5148333597943263,0.6046757093559088,0.501477492209676,0.04579031467437744,0.02152276039123535,0.5825977325439453,0.6233924627304077,389.20103886715276,250.3955575247649,,d,d,1.0,r03c02:x,0.1761262790869279,True,dwell_v1,0.5127759199589491,,138.76920890930484,
50443d04313f,1779964506721,ba43e845ddde0ab9,5,interpolation,False,1.0,0.5486576351498467,0.4897398377777009,0.6632280398160866,0.5161497234237127,0.6059428374829666,0.5029447806007068,0.045816391706466675,0.021576732397079468,0.5826725363731384,0.6234065294265747,378.94544187638945,251.67256063824098,,d,d,1.0,r03c02:x,0.17188096200624628,True,dwell_v1,0.6198920799419284,,77.12534264350597,
50443d04313f,1779964506822,ba43e845ddde0ab9,5,interpolation,False,1.0,0.550309911798019,0.4896347895105114,0.6646529412128063,0.5164506580765771,0.6074814265054127,0.5030427237935442,0.045854419469833374,0.02161279320716858,0.5826481282711029,0.6234239041805267,363.87106865564573,254.6206287059795,,d,d,1.0,r03c02:x,0.16268823952445943,True,dwell_v1,0.7027668800204993,,152.0786385258701,
50443d04313f,1779964506924,ba43e845ddde0ab9,5,interpolation,False,1.0,0.5501276091966971,0.48939750655250885,0.6695000453407898,0.5162607921553027,0.6098138272687434,0.5028291493539058,0.04590144753456116,0.021624356508255005,0.5825524926185608,0.6234239637851715,343.6834549586782,258.87095228933333,,d,d,1.0,r02c02:d,0.16194939648234535,True,dwell_v1,0.7839133599773049,,202.25682598697153,
50443d04313f,1779964507025,ba43e845ddde0ab9,5,interpolation,False,1.0,0.5492384516451947,0.4872912775401177,0.6693271969128163,0.5150494311699193,0.6092828242790055,0.5011703543550186,0.045840948820114136,0.021625906229019165,0.5823671221733093,0.623372882604599,328.5914473875996,262.4920440678008,,s,s,1.0,r03c01:z,0.18077973095077138,True,dwell_v1,0.08136304002255201,,153.66674686032803,
50443d04313f,1779964507127,ba43e845ddde0ab9,5,interpolation,False,1.0,0.549155127070181,0.48592489977710346,0.6708928536165419,0.514127266087753,0.6100239903433615,0.5000260829324282,0.04569828510284424,0.021578103303909302,0.5823010504245758,0.6233952045440674,317.5745000933804,265.45250897840754,,s,s,1.0,r03c01:z,0.19408546257676326,True,dwell_v1,0.16276376005262136,,111.84099570770034,
50443d04313f,1779964507228,ba43e845ddde0ab9,5,interpolation,False,1.0,0.5499785266407506,0.484515168254399,0.671776048032755,0.5133013021032068,0.6108772873367528,0.4989082351788029,0.045614928007125854,0.021533995866775513,0.5823174715042114,0.6234241425991058,302.9763714055746,269.50685963016616,,s,s,1.0,r03c01:z,0.2609949578832155,True,dwell_v1,0.2428031999617815,,150.00673787865205,
50443d04313f,1779964507331,ba43e845ddde0ab9,5,interpolation,False,1.0,0.5532267461348344,0.48267235123660407,0.6739284754492397,0.5125446572463238,0.613577610792037,0.49760850424146397,0.045612633228302,0.021540313959121704,0.5824390053749084,0.6234054267406464,282.9182972672629,274.9399499934942,,s,s,1.0,r02c01:s,0.2588924613788857,True,dwell_v1,0.0,,201.75607806858903,
50443d04313f,1779964507431,ba43e845ddde0ab9,5,interpolation,False,1.0,0.5581088932232228,0.47736418083047233,0.6798124092616017,0.5058368771700515,0.6189606512424122,0.49160052900026197,0.045622676610946655,0.02150389552116394,0.5826511085033417,0.6232463419437408,211.2905587379213,297.1998598117293,,Shift,Shift,1.0,r04c01:ALT,0.19245414897396493,True,dwell_v1,0.026354560069739817,,750.0690976132593,
50443d04313f,1779964507564,ba43e845ddde0ab9,5,interpolation,False,1.0,0.5594752804909943,0.47870714975822015,0.6721085710370314,0.5104125585998941,0.6157919257640128,0.4945598541790571,0.04552218317985535,0.021647274494171143,0.5822609066963196,0.6230818629264832,193.679530742084,303.0480844513014,,Shift,Shift,1.0,r04c01:ALT,0.19568233885355824,True,dwell_v1,0.10808208007365465,,139.52384208557572,
50443d04313f,1779964507692,ba43e845ddde0ab9,5,interpolation,False,1.0,0.5591219021125162,0.47922917438727575,0.6736869594777892,0.5092956616446781,0.6164044307951527,0.4942624180159769,0.045640915632247925,0.021833956241607666,0.5821206569671631,0.6228989958763123,196.90771840604688,301.46905785632185,,Shift,Shift,1.0,r04c01:ALT,0.19456764391266362,True,dwell_v1,0.23672839999198914,,28.075608302946733,
50443d04313f,1779964507818,ba43e845ddde0ab9,5,interpolation,False,1.0,0.5586684713199882,0.4802016705425955,0.6722414453092749,0.5116819879979653,0.6154549583146316,0.4959418292702804,0.0456579327583313,0.021954506635665894,0.582025557756424,0.6228844821453094,200.01789240282847,299.741005018656,,Shift,Shift,1.0,r04c01:ALT,0.19264531297212542,True,dwell_v1,0.33515920005738736,,28.238078397013766,
50443d04313f,1779964507922,ba43e845ddde0ab9,5,interpolation,False,1.0,0.5560056004954086,0.48840387958842246,0.6685386943169197,0.5194167810244161,0.6122721474061641,0.5039103303064193,0.045776575803756714,0.022415250539779663,0.5818691849708557,0.622789740562439,224.25941770986213,291.0122198253099,,Shift,Shift,1.0,r03c00:SHIFT,0.17255341722490078,True,dwell_v1,0.41730920001864436,,247.74188022267427,
50443d04313f,1779964508045,ba43e845ddde0ab9,5,interpolation,False,1.0,0.5562703762126612,0.49212983637485763,0.6645538863644179,0.5246568690319985,0.6104121312885396,0.5083933527034281,0.04597407579421997,0.0226823091506958,0.5815368890762329,0.6228119134902954,256.2325881384684,279.5164418259173,,z,z,1.0,r02c01:s,0.18316994646150533,True,dwell_v1,0.02523983996361494,,276.235773562271,
50443d04313f,1779964508160,ba43e845ddde0ab9,5,interpolation,False,1.0,0.5541889246418248,0.4921489538287149,0.6615073351002277,0.5246514803287788,0.6078481298710263,0.5084002170787468,0.046028733253479004,0.02273908257484436,0.5812030732631683,0.6227882504463196,318.860785176097,261.7872315615504,,s,s,1.0,r03c01:z,0.18757786959807202,True,dwell_v1,0.06346728000789881,,565.9938453299583,
50443d04313f,1779964508260,ba43e845ddde0ab9,5,interpolation,False,1.0,0.5588643502398403,0.4922330746536735,0.6590259097809917,0.5247142085028706,0.6089451300104161,0.508473641578272,0.04608789086341858,0.022764146327972412,0.5810577273368835,0.6227783858776093,323.7513440819148,260.10312232477236,,s,s,1.0,r03c01:z,0.18135464065934853,True,dwell_v1,0.1442563198506832,,51.72406628705327,
50443d04313f,1779964508380,ba43e845ddde0ab9,5,interpolation,False,1.0,0.5549302187019881,0.492653887321948,0.6574571202630624,0.5238910632746249,0.6061936694825252,0.5082724752982865,0.046066612005233765,0.02281317114830017,0.5809570848941803,0.6227512955665588,335.9202353995582,257.3645136802577,,s,s,1.0,r03c01:z,0.16609487915981352,True,dwell_v1,0.22565431986004114,,103.9437258302496,
50443d04313f,1779964508497,ba43e845ddde0ab9,5,interpolation,False,1.0,0.5546278354353779,0.49452050617472176,0.6609992012560282,0.5255676607209013,0.607813518345703,0.5100440834478115,0.04605630040168762,0.022914588451385498,0.5810684561729431,0.6228438913822174,348.4160558954518,254.20253868373976,,s,s,1.0,r02c02:d,0.21851715471429745,True,dwell_v1,0.0,,110.16812729535528,
50443d04313f,1779964508598,ba43e845ddde0ab9,5,interpolation,False,1.0,0.5546911969767007,0.4946183836242747,0.6588920368649145,0.5256681281075778,0.6067916169208076,0.5101432558659262,0.04610440135002136,0.023027479648590088,0.5811510384082794,0.6228910088539124,348.1740464862491,253.8455278037659,,s,s,1.0,r02c02:d,0.21813855924871914,True,dwell_v1,0.38862255997955797,,4.27036168020373,
50443d04313f,1779964508700,ba43e845ddde0ab9,5,interpolation,False,1.0,0.5477972158881302,0.474032341237772,0.6531188042601033,0.504165704995424,0.6004580100741168,0.48909902311659803,0.04607051610946655,0.022758305072784424,0.5808383822441101,0.6219124794006348,370.90436866461584,252.32104432449933,,d,d,1.0,r03c02:x,0.16622541983927255,True,dwell_v1,0.027156159840524198,,223.34693192493046,
50443d04313f,1779964508802,ba43e845ddde0ab9,5,interpolation,False,1.0,0.5520719420537941,0.4798236782470178,0.6450262466873724,0.5088249624698472,0.5985490943705832,0.49432432035843255,0.04611945152282715,0.023523002862930298,0.5803975760936737,0.6212821900844574,441.5597417476308,243.86808549041086,,d,d,1.0,r03c02:x,0.15632521237649075,True,dwell_v1,0.10793879982084036,,697.6393888626283,
50443d04313f,1779964508903,ba43e845ddde0ab9,5,interpolation,False,1.0,0.5595014717407898,0.4959873196145861,0.6447124921261537,0.5180411919583946,0.6021069819334717,0.5070142557864903,0.04619970917701721,0.02375921607017517,0.5803722143173218,0.6216247379779816,433.9020132212186,242.6294507089977,,d,d,1.0,r03c02:x,0.15968048707750682,True,dwell_v1,0.1899150399491191,,76.80451590857119,
50443d04313f,1779964509007,ba43e845ddde0ab9,5,interpolation,False,1.0,0.5616741980190327,0.5088442671249245,0.6471418329438273,0.5300442109934915,0.60440801548143,0.519444239059208,0.046206921339035034,0.023890256881713867,0.5804607570171356,0.6221007108688354,419.0737717120187,241.83439264407315,,d,d,1.0,r03c02:x,0.16490416410681702,True,dwell_v1,0.27016447987407444,,142.7840466753906,
50443d04313f,1779964509107,ba43e845ddde0ab9,5,interpolation,False,1.0,0.5578840364960097,0.5122000586682312,0.6460639695781896,0.5368838347322572,0.6019740030370997,0.5245419467002441,0.04620206356048584,0.023753106594085693,0.5804208815097809,0.6225898265838623,418.39813836614206,239.67828452319125,,d,d,1.0,r03c02:x,0.16153451678684244,True,dwell_v1,0.35265503991395236,,22.59487253115918,
50443d04313f,1779964509208,ba43e845ddde0ab9,5,interpolation,False,1.0,0.5555934028262627,0.5101454245896132,0.6460483710861127,0.5351810935950552,0.6008208869561877,0.5226632590923341,0.046245723962783813,0.023511171340942383,0.5804702937602997,0.6227763593196869,423.9283710269161,237.5027044805755,,d,d,1.0,r03c02:x,0.15632041668844093,True,dwell_v1,0.4334791999310255,,58.83939567413767,
50443d04313f,1779964509311,ba43e845ddde0ab9,5,interpolation,False,1.0,0.556267935671273,0.5057902945341771,0.6489741414692172,0.5329165863857906,0.6026210385702451,0.5193534404599839,0.046171337366104126,0.02333199977874756,0.5805366337299347,0.6228815615177155,422.52105796235196,237.13983617125555,,d,d,1.0,r03c02:x,0.15622675846526196,True,dwell_v1,0.5138228798285127,,14.110118183735617,
50443d04313f,1779964509412,ba43e845ddde0ab9,5,interpolation,False,1.0,0.5564439582948335,0.5037304769331582,0.6508950303943244,0.5314516630934676,0.603669494344579,0.5175910700133128,0.046197354793548584,0.023253589868545532,0.5804965496063232,0.6229147017002106,415.4320591895329,238.19740087288596,,d,d,1.0,r03c02:x,0.1597325975487345,True,dwell_v1,0.5963103998452425,,70.96485645582197,
50443d04313f,1779964509513,ba43e845ddde0ab9,5,interpolation,False,1.0,0.555358125959435,0.501665604367852,0.6566787206577104,0.529632179566073,0.6060184233085727,0.5156488919669625,0.04633060097694397,0.023207873106002808,0.5803767740726471,0.6229445934295654,398.5106883908931,241.2845841744011,,d,d,1.0,r03c02:x,0.16436591931965583,True,dwell_v1,0.6783431999385356,,170.30379057561908,
50443d04313f,1779964509617,ba43e845ddde0ab9,5,interpolation,False,1.0,0.5561135707032084,0.49774072416898407,0.6611583364358171,0.5278784020875573,0.6086359535695127,0.5128095631282708,0.046323180198669434,0.023127228021621704,0.5803183615207672,0.6229629516601562,372.7944259697169,246.45850179831132,,d,d,1.0,r03c02:x,0.15889764940413847,True,dwell_v1,0.7603400798514486,,252.2266917670259,
50443d04313f,1779964509718,ba43e845ddde0ab9,5,interpolation,False,1.0,0.5555566695693817,0.4966265976957976,0.6610935623081372,0.5270551233489835,0.6083251159387595,0.5118408605223905,0.04632195830345154,0.023072540760040283,0.5802791118621826,0.6229933202266693,357.0836938049119,249.98413845200287,,d,d,1.0,r02c01:s,0.16340235430784816,True,dwell_v1,0.8408790398389101,,159.42045901785792,
50443d04313f,1779964509855,ba43e845ddde0ab9,5,interpolation,False,1.0,0.5542493575116213,0.4953051029314729,0.6589023853259975,0.5255542509592631,0.6065758714188094,0.510429676945368,0.046323567628860474,0.02303251624107361,0.5802747905254364,0.6230374574661255,355.30245642773997,251.08826019424697,,d,d,1.0,r02c01:s,0.16620993302237008,True,dwell_v1,0.9464624799787998,,15.296963482184688,
50443d04313f,1779964509958,ba43e845ddde0ab9,5,interpolation,False,1.0,0.5530404392679842,0.4916119319091192,0.6593473950417933,0.5262750125835233,0.6061939171548887,0.5089434722463213,0.04624152183532715,0.022867947816848755,0.5802782773971558,0.6231121122837067,359.0829829632386,250.80590273832428,,d,d,1.0,r02c01:s,0.15976677899895603,True,dwell_v1,0.0,,36.806370242466336,
50443d04313f,1779964510062,ba43e845ddde0ab9,5,interpolation,False,1.0,0.5519110647988245,0.4924931982389343,0.6583981666794435,0.5259053639440424,0.605154615739134,0.5091992810914884,0.04615342617034912,0.022769451141357422,0.5801702737808228,0.6231454312801361,364.6088861187126,250.07470306979377,,d,d,1.0,r03c02:x,0.15678638666667055,True,dwell_v1,0.0,,53.59682888445669,
50443d04313f,1779964510189,ba43e845ddde0ab9,5,interpolation,False,1.0,0.5507160771422935,0.49192303196953757,0.6580515307199505,0.5242475481166476,0.604383803931122,0.5080852900430926,0.04613697528839111,0.022734016180038452,0.5800071060657501,0.6231262981891632,374.0207387820484,248.57715767659474,,d,d,1.0,r03c02:x,0.16316300208062232,True,dwell_v1,0.0,,75.04131697660009,
50443d04313f,1779964510289,ba43e845ddde0ab9,5,interpolation,False,1.0,0.5490824562427615,0.49091828107052654,0.6577197683638307,0.5229551911197059,0.6034011123032961,0.5069367360951162,0.046124160289764404,0.022740572690963745,0.5799185633659363,0.6231057345867157,383.0479997408321,247.07105227052105,,d,d,1.0,r03c02:x,0.16728036988627054,True,dwell_v1,0.0,,91.52037691803109,
50443d04313f,1779964510391,ba43e845ddde0ab9,5,interpolation,False,1.0,0.5490287231182328,0.49025067921096355,0.6580935952305514,0.5221243720850064,0.6035611591743921,0.506187525647985,0.04611891508102417,0.02271130681037903,0.5799331068992615,0.6231258511543274,389.70496505320256,246.00536791278302,,d,d,1.0,r03c02:x,0.1691205472609801,True,dwell_v1,0.0,,66.09535356747436,
50443d04313f,1779964510492,ba43e845ddde0ab9,5,interpolation,False,1.0,0.550007684819919,0.4921928713797262,0.659146590141193,0.5234953658041203,0.604577137480556,0.5078441185919232,0.04615139961242676,0.022689521312713623,0.5799948871135712,0.6232225000858307,389.52908674199523,246.13272853608285,,d,d,1.0,r03c02:x,0.16924876852080573,True,dwell_v1,0.0,,2.1499951263378643,
50443d04313f,1779964510594,ba43e845ddde0ab9,5,interpolation,False,1.0,0.5325778828674591,0.48906084173991476,0.6091464799878437,0.521484125781921,0.5708621814276513,0.5052724837609179,0.045815467834472656,0.02228662371635437,0.5786101222038269,0.6233882009983063,569.5809401310878,170.04862762174915,,f,f,1.0,r02c03:f,0.16586685477013755,True,dwell_v1,0.027433039993047713,,1916.3459518242585,
50443d04313f,1779964510696,ba43e845ddde0ab9,5,interpolation,False,1.0,0.5097030508164377,0.4883651120128968,0.5831996799910131,0.5197722071022015,0.5464513654037254,0.5040686595575492,0.045512855052948,0.02197447419166565,0.577495276927948,0.6235371232032776,645.6854331277455,190.77785196092051,,t,t,1.0,r02c04:g,0.21187199973741383,True,dwell_v1,0.08046847991645337,,773.3047584993166,
50443d04313f,1779964510796,ba43e845ddde0ab9,5,interpolation,False,1.0,0.485322286417703,0.49235248708331064,0.5755169154086339,0.5214781701093911,0.5304196009131684,0.5069153285963509,0.04524493217468262,0.02181798219680786,0.5765290260314941,0.6236859560012817,743.8657344794426,227.3582683368798,,y,y,1.0,r01c05:y,0.14992850063068935,True,dwell_v1,0.0,,1047.735579034549,
50443d04313f,1779964510899,ba43e845ddde0ab9,5,interpolation,False,1.0,0.4792011757182531,0.4945192888384238,0.5781208528878127,0.5232832512381326,0.5286610143030329,0.5089012700382782,0.04527232050895691,0.02170148491859436,0.5762518048286438,0.623711347579956,768.0118758453508,231.20839058300146,,h,h,1.0,r03c05:b,0.14524170341895165,True,dwell_v1,0.08191367983818054,,237.3899741516919,
50443d04313f,1779964510999,ba43e845ddde0ab9,5,interpolation,False,1.0,0.47734256336247993,0.49546430965835236,0.5787916706038211,0.5247658076480711,0.5280671169831506,0.5101150586532117,0.0452960729598999,0.021677255630493164,0.5761190950870514,0.6237917840480804,787.3415114504154,232.97350769481088,,h,h,1.0,r01c06:u,0.144173773429773,True,dwell_v1,0.1634579198434949,,194.10060562578965,
50443d04313f,1779964511100,ba43e845ddde0ab9,5,interpolation,False,1.0,0.4773200531154368,0.4927842423059653,0.5846478139765989,0.5212406631945911,0.5309839335460178,0.5070124527502782,0.045256853103637695,0.02150273323059082,0.5762865841388702,0.6239278614521027,786.8342197404285,233.81136378128107,,h,h,1.0,r01c06:u,0.14234163386743318,True,dwell_v1,0.2435002399608493,,9.697653123108164,
50443d04313f,1779964511204,ba43e845ddde0ab9,5,interpolation,False,1.0,0.47957095795824684,0.4899015176598317,0.5919761867814928,0.5199310886690517,0.5357735723698698,0.5049163031644417,0.0452476441860199,0.021445870399475098,0.5765013992786407,0.6240071952342987,772.0602963210949,234.61694846367888,,h,h,1.0,r03c05:b,0.1493081880721705,True,dwell_v1,0.3252939200028777,,142.26798428630678,
50443d04313f,1779964511305,ba43e845ddde0ab9,5,interpolation,False,1.0,0.5049862471652538,0.489089374959434,0.6286966062681741,0.5166459688339753,0.5668414267167139,0.5028676718967047,0.045365482568740845,0.021417677402496338,0.5778220891952515,0.6240118145942688,655.0915717424099,151.09872621256355,,y,y,1.0,r01c04:t,0.19245464364726994,True,dwell_v1,0.02552920002490282,,1423.0232585410151,
50443d04313f,1779964511407,ba43e845ddde0ab9,5,interpolation,False,1.0,0.5239405369916642,0.4880870304875319,0.6459248667964465,0.5149686383432982,0.5849327018940553,0.501527834415415,0.04555952548980713,0.021400660276412964,0.5785767138004303,0.624017596244812,634.6420238115064,156.2014914766507,,y,y,1.0,r01c05:y,0.21558205366293345,True,dwell_v1,0.1063587998971343,,206.63313712053957,
50443d04313f,1779964511510,ba43e845ddde0ab9,5,interpolation,False,1.0,0.5396906163743775,0.48442263690321297,0.6578215559497531,0.5136950743739994,0.5987560861620653,0.4990588556386062,0.04570457339286804,0.021378308534622192,0.5791216790676117,0.623963475227356,510.5662024760766,213.5128751723715,,t,t,1.0,r01c03:r,0.14840088580116467,True,dwell_v1,0.08288936000317335,,1326.9186082247859,
50443d04313f,1779964511610,ba43e845ddde0ab9,5,interpolation,False,1.0,0.5753887693350866,0.4828923776225503,0.6975093474163181,0.508694449844346,0.6364490583757023,0.4957934137334481,0.045791447162628174,0.021232813596725464,0.5807115137577057,0.6239679157733917,111.88780583168564,343.4811504409267,,Shift,Shift,1.0,r04c00:CTRL,0.3632227349991609,True,dwell_v1,0.026720079965889453,,4193.282920662821,
50443d04313f,1779964511711,ba43e845ddde0ab9,5,interpolation,False,1.0,0.5975517191229911,0.4815302555708922,0.7250332857101706,0.5056626946642964,0.6612925024165808,0.4935964751175943,0.04574146866798401,0.02122706174850464,0.5819310247898102,0.6240234673023224,23.021547143575983,163.67075791472485,,Shift,Shift,1.0,r00c00:👁 CALIBRATE,0.09689058354682104,True,dwell_v1,0.054057439975440505,,1985.857980273706,
50443d04313f,1779964511812,ba43e845ddde0ab9,5,interpolation,False,1.0,0.6034017645722822,0.48052722681085,0.7331337139277417,0.5030021475215848,0.668267739250012,0.49176468716621735,0.04581707715988159,0.021222740411758423,0.5825476348400116,0.624057948589325,19.77989348597922,144.13586075792605,,q,q,1.0,r00c00:👁 CALIBRATE,0.14489865683314104,True,dwell_v1,0.08039008006453514,,196.0597362806144,
50443d04313f,1779964511915,ba43e845ddde0ab9,5,interpolation,False,1.0,0.6030867726415822,0.4809182818494465,0.7320749704033351,0.5032662042007836,0.6675808715224587,0.49209224302511506,0.0459025502204895,0.02129468321800232,0.5828143954277039,0.6240986287593842,18.77759301087646,136.25706551929795,,q,q,1.0,r00c00:👁 CALIBRATE,0.16870977204717014,True,dwell_v1,0.16119871996343135,,77.10964233941017,
50443d04313f,1779964512016,ba43e845ddde0ab9,5,interpolation,False,1.0,0.603910655957672,0.4798989727913864,0.7350182007280291,0.5023586501072609,0.6694644283428506,0.49112881144932363,0.045943766832351685,0.02130800485610962,0.5829702317714691,0.6240829825401306,19.4725149487765,135.0067013290698,,q,q,1.0,r00c00:👁 CALIBRATE,0.17332503583435468,True,dwell_v1,0.24214159995317458,,14.163355463119295,
50443d04313f,1779964512118,ba43e845ddde0ab9,5,interpolation,False,1.0,0.6058780888866141,0.47976605748240875,0.7357142764340755,0.5019928550843633,0.6707961826603448,0.49087945628338603,0.045979321002960205,0.02133357524871826,0.5829889178276062,0.624078094959259,21.46374551743768,137.88530103911074,,q,q,1.0,r00c00:👁 CALIBRATE,0.16520461263201325,True,dwell_v1,0.32380384001880885,,34.31559584288934,
50443d04313f,1779964512218,ba43e845ddde0ab9,5,interpolation,False,1.0,0.6113144643474326,0.48316199526174863,0.7362374574523419,0.5039226644501635,0.6737759608998872,0.4935423298559561,0.04605242609977722,0.02155664563179016,0.5830640494823456,0.6240111291408539,23.942211905225605,142.82932122893135,,q,q,1.0,r00c00:👁 CALIBRATE,0.1512331724822807,True,dwell_v1,0.4050527200102806,,55.30472970076637,
50443d04313f,1779964512320,ba43e845ddde0ab9,5,interpolation,False,1.0,0.6135913906744582,0.4826286196357848,0.7364448192342212,0.5041597618868441,0.6750181049543398,0.4933941907613144,0.046038687229156494,0.02161577343940735,0.5831315517425537,0.6240074634552002,27.97038959641453,149.9600908262602,,q,q,1.0,r00c00:👁 CALIBRATE,0.13269883149841138,True,dwell_v1,0.48665823992341756,,80.29291492909329,
50443d04313f,1779964512423,ba43e845ddde0ab9,5,interpolation,False,1.0,0.6118354876546408,0.48298454579294964,0.7337314458700929,0.5058553536468091,0.6727834667623669,0.49441994971987935,0.04595792293548584,0.021657586097717285,0.5831214189529419,0.624059796333313,28.17895846453232,151.18389883006722,,q,q,1.0,r00c00:👁 CALIBRATE,0.12944360007348168,True,dwell_v1,0.56770344004035,,12.052947424137274,
50443d04313f,1779964512556,ba43e845ddde0ab9,5,interpolation,False,1.0,0.6081528144686039,0.48275285317957467,0.7318869385888787,0.505444067114702,0.6700198765287413,0.4940984601471383,0.04585832357406616,0.02162829041481018,0.5831491947174072,0.6241337358951569,24.07413110207212,143.5685890802704,,q,q,1.0,r00c00:👁 CALIBRATE,0.1490748634406028,True,dwell_v1,0.6756875200197101,,65.04630749615806,
50443d04313f,1779964512658,ba43e845ddde0ab9,5,interpolation,False,1.0,0.6074594322396387,0.4816432817112126,0.7326298680117133,0.5048205588236986,0.670044650125676,0.4932319202674556,0.04590505361557007,0.021634846925735474,0.5831311345100403,0.6241682469844818,22.31540798482553,139.84892914725947,,q,q,1.0,r00c00:👁 CALIBRATE,0.15947724609766883,True,dwell_v1,0.7587079199030995,,40.33807656580675,
50443d04313f,1779964512759,ba43e845ddde0ab9,5,interpolation,False,1.0,0.5075351156423213,0.47577384228889286,0.588244352392245,0.5101313998388755,0.5478897340172832,0.49295262106388416,0.044877856969833374,0.021014809608459473,0.5775127112865448,0.6242081820964813,488.35720847505377,215.24471258789293,,e,e,1.0,r01c03:r,0.17579880615398186,True,dwell_v1,0.02750192005187273,,4674.268687447772,
50443d04313f,1779964512860,ba43e845ddde0ab9,5,interpolation,False,1.0,0.4585858996444789,0.47551211768493934,0.5749864772293837,0.5134594039398293,0.5167861884369312,0.49448576081238427,0.04499000310897827,0.020924478769302368,0.5756446421146393,0.6241484880447388,866.26262348764,252.2506577250557,,h,h,1.0,r03c06:n,0.1845828556707602,True,dwell_v1,0.026477199979126453,,3759.534396657645,
50443d04313f,1779964512963,ba43e845ddde0ab9,5,interpolation,False,1.0,0.4292485604500459,0.47586980171813714,0.5479310104016294,0.5130946635217454,0.48858978542583764,0.4944822326199413,0.045364946126937866,0.02083486318588257,0.5741298794746399,0.6240736544132233,1154.7916153421784,239.64281464487954,,l,l,1.0,r03c08:BACKSPACE,0.25590032260765805,True,dwell_v1,0.026293119974434377,,2803.9254637375334,
50443d04313f,1779964513063,ba43e845ddde0ab9,5,interpolation,False,1.0,0.4177960539159172,0.482434248732025,0.5317881297796909,0.5178570436799959,0.474792091847804,0.5001456462060104,0.045422494411468506,0.0210837721824646,0.5734369158744812,0.6241092681884766,1227.4233776261715,234.70097415208699,,p,p,1.0,r03c08:BACKSPACE,0.3142890388919949,True,dwell_v1,0.0540488000959158,,727.9968873514974,
50443d04313f,1779964513165,ba43e845ddde0ab9,5,interpolation,False,1.0,0.4186278464113729,0.48800363849087247,0.528559882604572,0.5216583722887961,0.4735938645079725,0.5048310053898343,0.045472949743270874,0.021293550729751587,0.5732042193412781,0.6240555942058563,1246.134741211869,230.96121392421475,,p,p,1.0,r03c08:BACKSPACE,0.2985099279882633,True,dwell_v1,0.0,,187.07283362005546,
50443d04313f,1779964513266,ba43e845ddde0ab9,5,interpolation,False,1.0,0.41745185283325786,0.4929886003036641,0.5269269043672514,0.5263615283084999,0.47218937860025467,0.509675064306082,0.04550361633300781,0.021507441997528076,0.5730105042457581,0.6240225732326508,1259.1854620688955,164.9632051053815,,p,p,1.0,r03c08:BACKSPACE,0.08614849561220822,True,dwell_v1,0.16210976000875235,,666.0988853173083,
50443d04313f,1779964513368,ba43e845ddde0ab9,5,interpolation,False,1.0,0.41299861225763557,0.489971278442438,0.5235082374136799,0.5221433938696046,0.46825342483565774,0.5060573361560213,0.04547995328903198,0.021450698375701904,0.5727097988128662,0.6239097118377686,1259.3980841540065,168.33807024187456,,p,p,1.0,r03c08:BACKSPACE,0.09155681904006545,True,dwell_v1,0.24364695996046065,,33.15251249942227,
50443d04313f,1779964513470,ba43e845ddde0ab9,5,interpolation,False,1.0,0.411908179648386,0.49186297600673323,0.5221650923638039,0.5247210658109439,0.46703663600609496,0.5082920209088386,0.045560628175735474,0.021494418382644653,0.5724593997001648,0.6238619089126587,1257.0622643353736,173.2515494468816,,p,p,1.0,r03c08:BACKSPACE,0.10111299924909559,True,dwell_v1,0.323835519887507,,53.33759725886593,
50443d04313f,1779964513595,ba43e845ddde0ab9,5,interpolation,False,1.0,0.4073555745945131,0.4916113633553419,0.5226917324968955,0.524350919146051,0.4650236535457043,0.5079811412506965,0.04561004042625427,0.021509230136871338,0.572372168302536,0.6238742172718048,1254.1208420435073,175.97180241669105,,p,p,1.0,r03c08:BACKSPACE,0.1074667772065998,True,dwell_v1,0.4268667999655008,,32.05169955565662,
50443d04313f,1779964513709,ba43e845ddde0ab9,5,interpolation,False,1.0,0.40255258713905717,0.49052480600791276,0.5229287291305365,0.5229274999737531,0.4627406581347968,0.5067261529908329,0.045689553022384644,0.021516412496566772,0.5724076330661774,0.6238702535629272,1251.052180911799,181.47559320952558,,p,p,1.0,r03c08:BACKSPACE,0.11979973591143377,True,dwell_v1,0.5033176800236105,,55.2759621984479,
50443d04313f,1779964513823,ba43e845ddde0ab9,5,interpolation,False,1.0,0.4024307870355091,0.4885631035020496,0.5224414964391358,0.5198632454697145,0.4624361417373225,0.5042131744858821,0.045717984437942505,0.021511703729629517,0.5724737644195557,0.6238063871860504,1247.168195017453,191.1443520541436,,p,p,1.0,r03c08:BACKSPACE,0.14310657997604145,True,dwell_v1,0.6060279998928308,,91.4009175739972,
50443d04313f,1779964513925,ba43e845ddde0ab9,5,interpolation,False,1.0,0.4033721311048545,0.48770887815256414,0.5228136260005557,0.5180293300254708,0.4630928785527051,0.5028691040890174,0.04572567343711853,0.021500825881958008,0.572496235370636,0.6237572133541107,1246.9498287437993,198.44071826033309,,p,p,1.0,r03c08:BACKSPACE,0.16124447192480515,True,dwell_v1,0.688510400056839,,71.56503055982414,
50443d04313f,1779964514042,ba43e845ddde0ab9,5,interpolation,False,1.0,0.4042096181326335,0.4870423693953106,0.5233793824279803,0.517311267948406,0.4637945002803069,0.5021768186718583,0.0457136332988739,0.021511346101760864,0.5724561810493469,0.623712956905365,1247.7816102972895,203.94569666344665,,p,p,1.0,r03c08:BACKSPACE,0.1753989219718519,True,dwell_v1,0.7841214399784804,,47.585156544297114,
50443d04313f,1779964514162,ba43e845ddde0ab9,5,interpolation,False,1.0,0.4039888074945592,0.4873460224758657,0.5229741882641508,0.5175705740718752,0.463481497879355,0.5024582982738705,0.04568931460380554,0.0215301513671875,0.5724281668663025,0.6236989796161652,1248.5356458756557,207.43369624968818,,p,p,1.0,r03c08:BACKSPACE,0.18465603943461803,True,dwell_v1,0.8783823199570179,,29.73810542686587,
50443d04313f,1779964514263,ba43e845ddde0ab9,5,interpolation,False,1.0,0.40520174369963746,0.48963448523554703,0.5239375216575954,0.5184217150544934,0.46456963267861645,0.5040281001450202,0.0457015335559845,0.02155250310897827,0.5724664330482483,0.623744785785675,1249.0870478758916,207.48320724554628,,p,p,1.0,r03c08:BACKSPACE,0.1844931570007844,True,dwell_v1,0.9586327198892832,,5.481389716995131,
50443d04313f,1779964514365,ba43e845ddde0ab9,5,interpolation,False,1.0,0.4048745481899575,0.48991660166796663,0.5242710486399564,0.5181369781249551,0.46457279841495697,0.5040267898964609,0.04578074812889099,0.021600037813186646,0.5725124776363373,0.6237719357013702,1249.818342512095,205.16805032830544,,p,p,1.0,r03c08:BACKSPACE,0.1776445844301392,True,dwell_v1,0.0,,23.803032004382885,
50443d04313f,1779964514467,ba43e845ddde0ab9,5,interpolation,False,1.0,0.40574165201529966,0.48882317279353654,0.5266232205628626,0.5159548502224285,0.4661824362890811,0.5023890115079825,0.0458301305770874,0.021602213382720947,0.572607159614563,0.6237309873104095,1251.0546727880844,208.15325730502903,,p,p,1.0,r03c08:BACKSPACE,0.2210274479648829,True,dwell_v1,0.0,,31.67739945174368,
50443d04313f,1779964514568,ba43e845ddde0ab9,5,interpolation,False,1.0,0.5257003392390882,0.4877705575927797,0.6319007965627625,0.5160359237108181,0.5788005679009254,0.5019032406517989,0.045325905084609985,0.02151671051979065,0.5777625441551208,0.6237531006336212,708.3833160167273,160.76489674097556,,u,u,1.0,r02c05:h,0.1580866596575422,True,dwell_v1,0.0,,5393.43072710124,
50443d04313f,1779964514670,ba43e845ddde0ab9,5,interpolation,False,1.0,0.5277865110792554,0.4902015214349605,0.6308898302666694,0.5165802831704487,0.5793381706729624,0.5033909023027046,0.04525366425514221,0.021614402532577515,0.5779036581516266,0.6237729489803314,642.3859892550365,161.46849089299016,,y,y,1.0,r01c04:t,0.26554128308791114,True,dwell_v1,0.08059671986848116,,647.0693837834149,
50443d04313f,1779964514771,ba43e845ddde0ab9,5,interpolation,False,1.0,0.5230532928517527,0.48853817665311794,0.6361479986874589,0.5154598847012274,0.5796006457696058,0.5019990306771727,0.04540473222732544,0.021648913621902466,0.5779894590377808,0.6237236857414246,630.0189089834182,161.0302981001203,,t,t,1.0,r01c05:y,0.19854554891328632,True,dwell_v1,0.05518207997083664,,122.52317725495024,
50443d04313f,1779964514873,ba43e845ddde0ab9,5,interpolation,False,1.0,0.5221678955469047,0.4884240023074999,0.6402590697715653,0.5153734607822699,0.581213482659235,0.5018987315448848,0.045607417821884155,0.021761059761047363,0.5782111287117004,0.6238315403461456,622.0993062315043,162.12933505404956,,t,t,1.0,r02c04:g,0.1863007373231613,True,dwell_v1,0.13615336008369922,,78.38723634018433,
50443d04313f,1779964514976,ba43e845ddde0ab9,5,interpolation,False,1.0,0.5234134586587417,0.48908097893116215,0.6413811512321705,0.5167648900351544,0.582397304945456,0.5029229344831583,0.045781224966049194,0.021999895572662354,0.5785606801509857,0.6240767538547516,614.1197703838999,165.99401344963206,,t,t,1.0,r02c04:g,0.18384039630900237,True,dwell_v1,0.21697560008615255,,86.07918951858622,
50443d04313f,1779964515076,ba43e845ddde0ab9,5,interpolation,False,1.0,0.5167594425475946,0.4940304376296582,0.6287358513485714,0.5196266957539883,0.572747646948083,0.5068285666918233,0.04571467638015747,0.021838903427124023,0.5781964361667633,0.6243369281291962,617.0937930806281,161.0724994364918,,t,t,1.0,r02c04:g,0.18207349077579982,True,dwell_v1,0.29931064005941155,,57.50314007268682,
50443d04313f,1779964515177,ba43e845ddde0ab9,5,interpolation,False,1.0,0.5071634910360697,0.49443830308024334,0.6111035533830503,0.5204451927905311,0.55913352220956,0.5074417479353872,0.045477092266082764,0.02149537205696106,0.577442079782486,0.6245701611042023,627.7733551360473,157.84095920251306,,t,t,1.0,r01c05:y,0.19692102451657642,True,dwell_v1,0.37881656009703873,,110.47299984907893,
50443d04313f,1779964515279,ba43e845ddde0ab9,5,interpolation,False,1.0,0.5093748648369197,0.49342955002793376,0.6138542547780234,0.519824638071081,0.5616145598074715,0.5066270940495075,0.045408546924591064,0.021383136510849,0.5774249136447906,0.6246463656425476,634.902564865627,160.40167645543738,,t,t,1.0,r01c05:y,0.2109065822764052,True,dwell_v1,0.4619816800579429,,74.26618080316209,
50443d04313f,1779964515381,ba43e845ddde0ab9,5,interpolation,False,1.0,0.5113282633715808,0.4914157766926913,0.6229233335924018,0.5180289539862707,0.5671257984819913,0.504722365339481,0.045537203550338745,0.021397143602371216,0.5775537490844727,0.6246540546417236,636.6520345038937,146.99882222836524,,t,t,1.0,r01c05:y,0.28970735139393683,True,dwell_v1,0.5416004799306393,,132.51520389196867,
50443d04313f,1779964515483,ba43e845ddde0ab9,5,interpolation,False,1.0,0.5129605537259544,0.49013489326975923,0.627784481084172,0.5166179140511267,0.5703725174050631,0.5033764036604429,0.04564476013183594,0.021408021450042725,0.5776514410972595,0.6246690154075623,636.9702338328038,135.60936294385013,,t,t,1.0,r01c05:y,0.3063946696370499,True,dwell_v1,0.6224967200309038,,111.7049348286188,
50443d04313f,1779964515585,ba43e845ddde0ab9,5,interpolation,False,1.0,0.51568094003344,0.48837494474783627,0.6307643086061017,0.5145342838255303,0.5732226243197709,0.5014546142866834,0.04568338394165039,0.02140563726425171,0.5778085887432098,0.6247372627258301,636.386448873971,129.46472107057573,,t,t,1.0,r01c05:y,0.2777623680107201,True,dwell_v1,0.0,,60.51285734750537,
50443d04313f,1779964515686,ba43e845ddde0ab9,5,interpolation,False,1.0,0.5116929765189678,0.48741256146739764,0.6257329204078864,0.5142607733256432,0.5687129484634271,0.5008366673965204,0.045648276805877686,0.02136734127998352,0.5776204764842987,0.6247685253620148,636.9044001582441,121.27853651563748,,t,t,1.0,r01c05:y,0.29024783324096426,True,dwell_v1,0.0,,81.21340532346788,
50443d04313f,1779964515786,ba43e845ddde0ab9,5,interpolation,False,1.0,0.5012805392429341,0.48607073257749617,0.6129428833576649,0.5143892802942273,0.5571117113002995,0.5002300064358617,0.04563099145889282,0.021348178386688232,0.5770485401153564,0.6248055100440979,639.1357169176904,135.14774178608815,,t,t,1.0,r01c04:t,0.31289156342427005,True,dwell_v1,0.0,,140.47548872130048,
50443d04313f,1779964515889,ba43e845ddde0ab9,5,interpolation,False,1.0,0.5012658949871077,0.48975351717860605,0.6131779288375235,0.5184533313549176,0.5572219119123156,0.5041034242667618,0.04554900527000427,0.021116316318511963,0.5769510865211487,0.6252599656581879,641.664592250692,155.14844032087692,,t,t,1.0,r01c04:t,0.276992675568877,True,dwell_v1,0.0,,195.72756595914242,
50443d04313f,1779964515991,ba43e845ddde0ab9,5,interpolation,False,1.0,0.5029147780769513,0.49912643647589017,0.6149398405437474,0.5261314931362163,0.5589273093103493,0.5126289648060532,0.045507729053497314,0.02095860242843628,0.5769381821155548,0.6257654428482056,644.0807385388829,165.04449533286265,,y,y,1.0,r01c04:t,0.2027163027204274,True,dwell_v1,0.082187519967556,,99.86999800711072,
50443d04313f,1779964516092,ba43e845ddde0ab9,5,interpolation,False,1.0,0.503829189974336,0.49710154476563706,0.6183451727846325,0.5238427252377498,0.5610871813794842,0.5104721350016934,0.0455494225025177,0.0207025408744812,0.5769663751125336,0.6261279582977295,644.6243201142881,169.3968553956849,,y,y,1.0,r02c04:g,0.19755331560764494,True,dwell_v1,0.1633211998268962,,43.42746160761894,
50443d04313f,1779964516193,ba43e845ddde0ab9,5,interpolation,False,1.0,0.5034330304199749,0.49957740068916195,0.6188483278006766,0.5260318869277253,0.5611406791103257,0.5128046438084436,0.045556724071502686,0.020559847354888916,0.5769776403903961,0.6264333128929138,644.5293937194004,172.2729077855623,,y,y,1.0,r02c04:g,0.19984472808031087,True,dwell_v1,0.24448567982763053,,28.491272515019986,
50443d04313f,1779964516295,ba43e845ddde0ab9,5,interpolation,False,1.0,0.5035549759203535,0.4992605807771237,0.6176446180292562,0.5256490855120743,0.5605997969748049,0.512454833144599,0.04562288522720337,0.020609736442565918,0.5770164728164673,0.6266386210918427,644.5107652666267,173.71408286769113,,y,y,1.0,r02c04:g,0.20095420503611727,True,dwell_v1,0.3257191998884082,,14.130347761284739,
50443d04313f,1779964516395,ba43e845ddde0ab9,5,interpolation,False,1.0,0.5014109466344348,0.49902447426258634,0.6145453893758649,0.5266772823951157,0.5579781680051499,0.512850878328851,0.04555526375770569,0.020622819662094116,0.5770263671875,0.6268216967582703,646.2947836404827,177.31116867510354,,y,y,1.0,r02c04:g,0.20303154351294952,True,dwell_v1,0.4063751198351383,,40.15189642363578,
50443d04313f,1779964516498,ba43e845ddde0ab9,5,interpolation,False,1.0,0.5006448703695601,0.49648409408651417,0.61480826297089,0.5251191272745022,0.557726566670225,0.5108016106805082,0.04552733898162842,0.02052551507949829,0.5770232081413269,0.6270692646503448,647.672166069323,179.27907028503324,,y,y,1.0,r02c04:g,0.2039124004547027,True,dwell_v1,0.4878782398998737,,23.320823059337823,
50443d04313f,1779964516600,ba43e845ddde0ab9,5,interpolation,False,1.0,0.4985975700366233,0.49555473133602496,0.6152216876959852,0.5236063618257817,0.5569096288663042,0.5095805465809033,0.045510172843933105,0.020468592643737793,0.5769731998443604,0.6272038519382477,648.5962894557963,180.60459605011903,,y,y,1.0,r02c04:g,0.20445061567036468,True,dwell_v1,0.5691776799038053,,15.841822490016227,
50443d04313f,1779964516700,ba43e845ddde0ab9,5,interpolation,False,1.0,0.49570571738627933,0.4952368454576944,0.6176491162771053,0.5231331854635946,0.5566774168316924,0.5091850154606445,0.04551088809967041,0.020398080348968506,0.5768760442733765,0.6272424161434174,649.2955607237983,181.7883686202087,,y,y,1.0,r02c04:g,0.20494848106299957,True,dwell_v1,0.6484677599743008,,13.74881014469923,
50443d04313f,1779964516801,ba43e845ddde0ab9,5,interpolation,False,1.0,0.49728244876847355,0.4937937475607033,0.6197906839322858,0.5225960363776111,0.5585365663503796,0.5081948919691572,0.04554101824760437,0.020394831895828247,0.5769437551498413,0.627280592918396,648.6191044820052,179.94745309245698,,y,y,1.0,r02c04:g,0.2039895173802216,True,dwell_v1,0.7307044798508286,,19.418471977819358,
50443d04313f,1779964516903,ba43e845ddde0ab9,5,interpolation,False,1.0,0.4994509367891675,0.4932976968425899,0.6219336638168089,0.5218186264613728,0.5606923003029882,0.5075581616519813,0.045502424240112305,0.02036350965499878,0.577043890953064,0.6273033618927002,646.4618331884121,173.37053851382854,,y,y,1.0,r02c04:g,0.20004991577315612,True,dwell_v1,0.8122481599450111,,67.85958715390349,
50443d04313f,1779964517004,ba43e845ddde0ab9,5,interpolation,False,1.0,0.5016219203849372,0.49346589601681295,0.6218531059779235,0.5220979077237805,0.5617375131814304,0.5077819018702967,0.04552164673805237,0.02036374807357788,0.5771399736404419,0.627314418554306,644.6030469802644,167.23437909089262,,y,y,1.0,r01c04:t,0.19872357399930576,True,dwell_v1,0.8925157599151134,,63.480357372254645,
50443d04313f,1779964517105,ba43e845ddde0ab9,5,interpolation,False,1.0,0.5024407710077526,0.492175819454839,0.6216189722127965,0.5207162132235337,0.5620298716102745,0.5064460163391864,0.04548531770706177,0.0203707218170166,0.5771770179271698,0.627339094877243,643.1887755343334,160.98015268439622,,y,y,1.0,r01c04:t,0.26406753491168716,True,dwell_v1,0.9739546399563551,,63.48651325754682,
50443d04313f,1779964517208,ba43e845ddde0ab9,5,interpolation,False,1.0,0.5041995745226807,0.4925086258024487,0.6238308543595898,0.5197701082146783,0.5640152144411352,0.5061393670085634,0.045298248529434204,0.020285308361053467,0.5771439969539642,0.6273466348648071,641.9653109335054,154.30984741607006,,y,y,1.0,r01c04:t,0.27737368472833723,True,dwell_v1,0.0,,65.84059018761931,
50443d04313f,1779964517309,ba43e845ddde0ab9,5,interpolation,False,1.0,0.5042853478568774,0.49228502393059353,0.6247844420094902,0.5197914748045852,0.5645348949331839,0.5060382493675893,0.04520010948181152,0.02020278573036194,0.5770290195941925,0.6273442506790161,641.1127603947467,148.84295018850275,,y,y,1.0,r01c04:t,0.28777724383124254,True,dwell_v1,0.0,,54.78192654806952,
50443d04313f,1779964517410,ba43e845ddde0ab9,5,interpolation,False,1.0,0.5043403118739935,0.49275842731848407,0.6260828567055985,0.5204380803091941,0.565211584289796,0.5065982538138392,0.045156627893447876,0.020181894302368164,0.5769415497779846,0.6273461580276489,640.1603640726752,145.12828417219356,,y,y,1.0,r01c04:t,0.2958966565240739,True,dwell_v1,0.0,,37.96846054786329,
50443d04313f,1779964517512,ba43e845ddde0ab9,5,interpolation,False,1.0,0.5046754693489729,0.4905123196889305,0.6263327069894767,0.5190615835777126,0.5655040881692248,0.5047869516333215,0.04514169692993164,0.02014639973640442,0.5769295990467072,0.6272535622119904,639.6466511486706,141.22306315385538,,y,y,1.0,r01c04:t,0.3029483649616229,True,dwell_v1,0.0,,38.61631691126935,
50443d04313f,1779964517613,ba43e845ddde0ab9,5,interpolation,False,1.0,0.5057927922829235,0.47909082517404455,0.6239583061829759,0.509449874044884,0.5648755492329497,0.49427034960946425,0.04509660601615906,0.020098984241485596,0.5768800973892212,0.6264907419681549,639.7454327580664,125.4443744535724,,y,y,1.0,r01c04:t,0.28860774581450266,True,dwell_v1,0.0,,156.22770203622824,
50443d04313f,1779964517715,ba43e845ddde0ab9,5,interpolation,False,1.0,0.5055087267851882,0.46259068129991493,0.616607034423353,0.4969954528208654,0.5610578806042705,0.47979306706039015,0.04504036903381348,0.0204429030418396,0.5765364468097687,0.6256162226200104,641.0578091326897,241.33084281061795,,y,y,1.0,r03c04:v,0.15416671496261058,True,dwell_v1,0.0,,1136.2146983876341,
50443d04313f,1779964517817,ba43e845ddde0ab9,5,interpolation,False,1.0,0.508900380051763,0.4474443642277977,0.6015737994635274,0.47577789770059215,0.5552370897576452,0.4616111309641949,0.04508703947067261,0.02204763889312744,0.5756514072418213,0.6231233477592468,642.600590784974,332.8097315982998,,v,v,1.0,r04c02: ,0.26823172036394693,True,dwell_v1,0.05507776010781527,,896.9793851602763,
50443d04313f,1779964517918,ba43e845ddde0ab9,5,interpolation,False,1.0,0.5113841437696534,0.46154993449711185,0.5960852899992505,0.4903080429160372,0.553734716884452,0.4759289887065745,0.0453338623046875,0.02344641089439392,0.5753417313098907,0.6221125423908234,642.1204612786069,358.8574388403582,,Space,Space,1.0,r03c04:v,0.21624432068186686,True,dwell_v1,0.053219519928097724,,257.94190007142385,
50443d04313f,1779964518019,ba43e845ddde0ab9,5,interpolation,False,1.0,0.5140709533188733,0.47247424643906516,0.5968944771231607,0.5001699079563373,0.555482715221017,0.48632207719770126,0.04548552632331848,0.023702681064605713,0.5753158628940582,0.6221889555454254,642.4065779735255,286.3407830686874,,v,v,1.0,r02c04:g,0.175730005824792,True,dwell_v1,0.025937680155038834,,717.9922793126975,
50443d04313f,1779964518121,ba43e845ddde0ab9,5,interpolation,False,1.0,0.5111234908588522,0.48388529394287216,0.5985822346520034,0.5091179831341871,0.5548528627554279,0.49650163853852963,0.04518252611160278,0.022418320178985596,0.575465589761734,0.6236710250377655,642.3559008252314,263.28152107370295,,v,v,1.0,r03c04:v,0.18278797039092246,True,dwell_v1,0.10815655998885632,,226.07174197344003,
50443d04313f,1779964518222,ba43e845ddde0ab9,5,interpolation,False,1.0,0.5117428026518935,0.4741267400291586,0.60484344703107,0.5015386897037559,0.5582931248414817,0.4878327148664573,0.04486081004142761,0.019910991191864014,0.575769692659378,0.6256926953792572,641.6313342969398,252.8358237816506,,g,g,1.0,r03c04:v,0.169431223670977,True,dwell_v1,0.08049040008336306,,103.67125683754439,
50443d04313f,1779964518324,ba43e845ddde0ab9,5,interpolation,False,1.0,0.5092169774565756,0.47965323131767873,0.6098237238340066,0.5082126131538346,0.559520350645291,0.4939329222357567,0.04475894570350647,0.01964712142944336,0.5757296085357666,0.6262111067771912,641.2364321264815,238.20364349540262,,g,g,1.0,r03c04:v,0.14996052733005763,True,dwell_v1,0.16148128006607293,,143.50498280451717,
50443d04313f,1779964518425,ba43e845ddde0ab9,5,interpolation,False,1.0,0.5063987268321634,0.4787559614266806,0.6158937530877804,0.5101047861339137,0.5611462399599718,0.4944303737802972,0.04485335946083069,0.019766300916671753,0.5754047632217407,0.6261992454528809,640.9585089521523,215.89881467382418,,g,g,1.0,r01c05:y,0.14094347866060022,True,dwell_v1,0.24449248015880584,,220.85703214800543,
50443d04313f,1779964518532,ba43e845ddde0ab9,5,interpolation,False,1.0,0.5434468442597199,0.42335887868292316,0.5718643418926171,0.48268750033744934,0.5576555930761685,0.4530231895101863,0.044151127338409424,0.007350742816925049,0.5746951997280121,0.6326829195022583,649.5164330733819,293.54138164843624,,v,v,1.0,r02c04:g,0.16630905854421663,True,dwell_v1,0.05420168004930019,,730.0259736716844,
50443d04313f,1779964518663,ba43e845ddde0ab9,5,interpolation,False,1.0,0.5002935888892807,0.49421908070586196,0.6090330043062687,0.5353430794423846,0.5546632965977747,0.5147810800741233,0.043404728174209595,0.015680432319641113,0.5742803514003754,0.6284528970718384,655.1715551699237,232.88437324447602,,g,g,1.0,r03c04:v,0.14037728735412322,True,dwell_v1,0.026672719977796078,,465.0385861097958,
50443d04313f,1779964518765,ba43e845ddde0ab9,5,interpolation,False,1.0,0.5048821062542497,0.4858031057936238,0.6126154333222946,0.5146382062077745,0.5587487697882721,0.5002206560006991,0.043778300285339355,0.019149601459503174,0.5742847919464111,0.6260184943675995,651.8699709005982,208.58776292672292,,g,g,1.0,r01c05:y,0.16728162649787112,True,dwell_v1,0.1074821598827839,,240.39122357322202,
50443d04313f,1779964518867,ba43e845ddde0ab9,5,interpolation,False,1.0,0.5093240026232082,0.4860793578872419,0.6159497404372323,0.512903005794001,0.5626368715302202,0.49949118184062147,0.04428356885910034,0.020103394985198975,0.574216902256012,0.6252427399158478,646.7723111003097,176.4929796533641,,y,y,1.0,r02c04:g,0.2022658440374878,True,dwell_v1,0.05428935997188091,,318.5989804479891,
50443d04313f,1779964518969,ba43e845ddde0ab9,5,interpolation,False,1.0,0.5075392680467892,0.4837430267764156,0.6168935582576229,0.5080276724142511,0.562216413152206,0.49588534959533337,0.044687092304229736,0.020463764667510986,0.5739486515522003,0.6249496936798096,643.8483059982503,158.49056629539473,,y,y,1.0,r01c04:t,0.26592020625852814,True,dwell_v1,0.13531823996454478,,178.80715991577534,
50443d04313f,1779964519070,ba43e845ddde0ab9,5,interpolation,False,1.0,0.4974581921557453,0.48187904982165614,0.612983709286577,0.5080050182940141,0.5552209507211612,0.4949420340578351,0.044942706823349,0.020653337240219116,0.5731889605522156,0.6248330473899841,642.8278594142032,178.6963994491669,,y,y,1.0,r01c04:t,0.23754563303693582,True,dwell_v1,0.2164484800770879,,200.3127161794946,
50443d04313f,1779964519195,ba43e845ddde0ab9,5,interpolation,False,1.0,0.4869024643545471,0.4776271231813254,0.6036665587445483,0.5071626079023089,0.5452845115495477,0.49239486554181716,0.04507002234458923,0.02079489827156067,0.5723691880702972,0.6248347759246826,649.2658536888858,206.08640092949975,,y,y,1.0,r01c05:y,0.21399597264320205,True,dwell_v1,0.31876919995993375,,225.09161887529893,
50443d04313f,1779964519339,ba43e845ddde0ab9,5,interpolation,False,1.0,0.48431385676048555,0.4754314647965953,0.6020020311784754,0.5056597981658417,0.5431579439694805,0.49054563148121855,0.04508057236671448,0.020916491746902466,0.5722709596157074,0.6249294579029083,658.8453016833068,230.79646101869042,,g,g,1.0,r01c05:y,0.13874700697031947,True,dwell_v1,0.101797760091722,,184.0412591352889,
50443d04313f,1779964519452,ba43e845ddde0ab9,5,interpolation,False,1.0,0.483813373884119,0.4718700278027829,0.6021804851522423,0.5040665879284191,0.5429969295181807,0.48796830786560097,0.04509776830673218,0.02090209722518921,0.5722877085208893,0.624935507774353,664.2140075190523,246.61130971408082,,g,g,1.0,r03c04:v,0.15460618650672658,True,dwell_v1,0.20357712004333733,,147.79885538505792,
50443d04313f,1779964519563,ba43e845ddde0ab9,5,interpolation,False,1.0,0.48401403114325453,0.4702582065677529,0.6024790150878381,0.5040991917610586,0.5432465231155463,0.4871786991644057,0.04508104920387268,0.020867347717285156,0.5722708404064178,0.6249487400054932,665.8043438610295,254.99199180659832,,g,g,1.0,r03c04:v,0.1643782168664703,True,dwell_v1,0.28654680009931327,,76.84901300056184,
50443d04313f,1779964519676,ba43e845ddde0ab9,5,interpolation,False,1.0,0.485782182865286,0.47352406825282545,0.6010165520102945,0.5069184773353609,0.5433993674377903,0.49022127279409317,0.04510068893432617,0.020874589681625366,0.5721961855888367,0.6250079572200775,666.4176039182194,255.75605142520084,,g,g,1.0,r03c04:v,0.16497166337722566,True,dwell_v1,0.3829814400523901,,8.670195623785977,
50443d04313f,1779964519790,ba43e845ddde0ab9,5,interpolation,False,1.0,0.4885475962878506,0.47534907573603113,0.6017292309608755,0.5096389191639792,0.5451384136243631,0.49249399745000516,0.045179665088653564,0.02089598774909973,0.572162926197052,0.6250733137130737,664.8858900337249,251.34857830376626,,g,g,1.0,r03c04:v,0.16030189572622514,True,dwell_v1,0.4747283199802041,,40.93021064868684,
50443d04313f,1779964519892,ba43e845ddde0ab9,5,interpolation,False,1.0,0.4885598404747753,0.477082078215996,0.6025852774310225,0.5118956577277655,0.5455725589528989,0.49448886797188074,0.045185208320617676,0.02085748314857483,0.5722080171108246,0.6251657009124756,663.2698016316165,246.2608018706996,,g,g,1.0,r03c04:v,0.15463700755998713,True,dwell_v1,0.5561993600800633,,52.33605767662751,
50443d04313f,1779964520011,ba43e845ddde0ab9,5,interpolation,False,1.0,0.4882688962829907,0.4769060878583673,0.6037236199275483,0.5110427450636497,0.5459962581052695,0.4939744164610085,0.0451529324054718,0.020837604999542236,0.572256475687027,0.6251802146434784,661.6492640492003,242.76368788399589,,g,g,1.0,r03c04:v,0.15088256814117817,True,dwell_v1,0.6530335200950503,,32.3894242535413,
50443d04313f,1779964520128,ba43e845ddde0ab9,5,interpolation,False,1.0,0.4884342269370996,0.4765001423600325,0.6045609325112431,0.5097759751639878,0.5464975797241713,0.4931380587620101,0.045217156410217285,0.020811378955841064,0.572251558303833,0.6251718401908875,659.6176808626435,241.25708214292283,,g,g,1.0,r03c04:v,0.14980153879343755,True,dwell_v1,0.7455843200907111,,21.61766589897931,
50443d04313f,1779964520230,ba43e845ddde0ab9,5,interpolation,False,1.0,0.48696551811906397,0.47492024026977364,0.6060038173379377,0.5067328212850318,0.5464846677285009,0.49082653077740274,0.04523971676826477,0.02077573537826538,0.5721704959869385,0.6251273155212402,658.3910856546416,242.57924825486077,,g,g,1.0,r03c04:v,0.1520299126496721,True,dwell_v1,0.8254307201132178,,17.681499702870884,
50443d04313f,1779964520332,ba43e845ddde0ab9,5,interpolation,False,1.0,0.48907932082382194,0.4762598574550728,0.6038725260406321,0.507114961240964,0.5464759234322271,0.4916874093480184,0.04525214433670044,0.020744889974594116,0.5720963478088379,0.6251467764377594,657.4379380083549,244.1892778690181,,g,g,1.0,r03c04:v,0.15451092293958482,True,dwell_v1,0.9076785599812865,,18.343254613613087,
50443d04313f,1779964520433,ba43e845ddde0ab9,5,interpolation,False,1.0,0.489032197423255,0.47604077255470656,0.6037929129176456,0.5068223925395744,0.5464125551704503,0.4914315825471405,0.04521453380584717,0.02072778344154358,0.5720709264278412,0.6251507997512817,657.1344393328139,244.6014736042901,,g,g,1.0,r03c04:v,0.15516627512866063,True,dwell_v1,0.9883060799911618,,5.06807660494919,
50443d04313f,1779964520534,ba43e845ddde0ab9,5,interpolation,False,1.0,0.5531480425105295,0.47761334577118086,0.6667163556251369,0.508450299732077,0.6099321990678332,0.49303182275162893,0.045127660036087036,0.02066779136657715,0.5748877823352814,0.6252200901508331,455.442414458809,259.07990350132263,,g,g,1.0,r03c02:x,0.16583573629554818,True,dwell_v1,0.0,,2002.0893368136774,
50443d04313f,1779964520634,ba43e845ddde0ab9,5,interpolation,False,1.0,0.59794730169497,0.4786623200670965,0.719860838422633,0.5024816542751678,0.6589040700588016,0.49057198717113215,0.045381367206573486,0.02067318558692932,0.5774011611938477,0.6252855360507965,58.60486669998573,194.60126766967736,,Shift,Shift,1.0,r03c00:SHIFT,0.14951145317663223,True,dwell_v1,0.0,,4020.417065304871,
50443d04313f,1779964520737,ba43e845ddde0ab9,5,interpolation,False,1.0,0.6016249961965217,0.47985147662310934,0.7206592752222221,0.5019459970755843,0.6611421357093719,0.4908987368493468,0.04538878798484802,0.020740389823913574,0.5775292813777924,0.6252351999282837,27.66788596909636,143.01500731983347,,q,q,1.0,r00c00:👁 CALIBRATE,0.15281646041670457,True,dwell_v1,0.028136559948325156,,583.9980574765016,
50443d04313f,1779964520838,ba43e845ddde0ab9,5,interpolation,False,1.0,0.5978942129854548,0.4814014009155036,0.7188266378099328,0.5030154915520381,0.6583604253976938,0.4922084462337708,0.04536253213882446,0.020851433277130127,0.5773976445198059,0.625160276889801,21.897378793302572,136.7232360993849,,q,q,1.0,r00c00:👁 CALIBRATE,0.16928259804792584,True,dwell_v1,0.1092833599075675,,84.52751800162474,
50443d04313f,1779964520939,ba43e845ddde0ab9,5,interpolation,False,1.0,0.5321544185877808,0.4823785590143803,0.6421544516422741,0.5072624500150977,0.5871544351150275,0.494820504514739,0.04509371519088745,0.020712047815322876,0.5744744539260864,0.6251297295093536,406.6452194285488,230.3416322918983,,Shift,Shift,1.0,r01c03:r,0.14793018196497157,True,dwell_v1,0.0,,3920.5333570396697,
50443d04313f,1779964521040,ba43e845ddde0ab9,5,interpolation,False,1.0,0.5169416272515498,0.4815416856981649,0.625604539490843,0.506949953381254,0.5712730833711964,0.4942458195397095,0.04506880044937134,0.020671188831329346,0.5738410949707031,0.6251128017902374,598.397927559207,136.16582005848963,,t,t,1.0,r01c05:y,0.1442769894335068,True,dwell_v1,0.053481919877231124,,2115.1579645281195,
50443d04313f,1779964521142,ba43e845ddde0ab9,5,interpolation,False,1.0,0.6161215267892542,0.4755283965070058,0.7579163128001905,0.49001996534577713,0.6870189197947223,0.48277418092639146,0.045615583658218384,0.020512372255325317,0.5793507993221283,0.6252212226390839,130.1457120833449,209.0861535370973,,a,a,1.0,r01c00:q,0.18714032252383425,True,dwell_v1,0.026777040027081967,,4646.040183018923,
50443d04313f,1779964521242,ba43e845ddde0ab9,5,interpolation,False,1.0,0.627126060901442,0.4754156037604203,0.7601352448422641,0.4910247285954745,0.693630652871853,0.4832201661779474,0.04569080471992493,0.020596325397491455,0.5800281167030334,0.6253247559070587,114.32233563035422,205.04492590654027,,a,a,1.0,r02c00:a,0.20877814138236522,True,dwell_v1,0.0,,163.3128173582948,
50443d04313f,1779964521345,ba43e845ddde0ab9,5,interpolation,False,1.0,0.6259809843201581,0.47553195721488795,0.7584366414210081,0.49106348330246413,0.6922088128705831,0.483297720258676,0.045671552419662476,0.02064293622970581,0.5800333321094513,0.6253352463245392,106.77991270367355,203.26102626497774,,q,q,1.0,r02c00:a,0.1974683114438285,True,dwell_v1,0.05389335993677378,,75.24769262360955,
50443d04313f,1779964521445,ba43e845ddde0ab9,5,interpolation,False,1.0,0.5834584799868688,0.47855079235061554,0.7054840804914572,0.49518345303691275,0.644471280239163,0.48686712269376414,0.04531741142272949,0.02069556713104248,0.5776781737804413,0.6254397928714752,52.021584651266544,283.4217503230755,,q,q,1.0,r04c00:CTRL,0.2493581740379801,True,dwell_v1,0.13568831998854874,,970.7840219437852,
50443d04313f,1779964521546,ba43e845ddde0ab9,5,interpolation,False,1.0,0.5641705289480304,0.4781963051879245,0.675567557019406,0.5012538529238808,0.6198690429837181,0.4897250790559027,0.04519584774971008,0.02099701762199402,0.5760749876499176,0.6255000829696655,101.31662324265523,329.572409589951,,Ctrl,Ctrl,1.0,r04c00:CTRL,0.2882760807544973,True,dwell_v1,0.02508623991161585,,668.5833117788036,
50443d04313f,1779964521648,ba43e845ddde0ab9,5,interpolation,False,1.0,0.5188686465615755,0.4782356509306596,0.6121392013968857,0.5057872761303812,0.5655039239792305,0.4920114635305204,0.045026540756225586,0.02114337682723999,0.5731675028800964,0.6254110634326935,550.0764055941653,186.1942041097626,,d,d,1.0,r02c03:f,0.1981559356296237,True,dwell_v1,0.026036960072815418,,4618.704887606676,
50443d04313f,1779964521752,ba43e845ddde0ab9,5,interpolation,False,1.0,0.49192896332117825,0.48370880517831444,0.5966231548321774,0.5137675023321074,0.5442760590766779,0.4987381537552109,0.04513636231422424,0.021455198526382446,0.5720810294151306,0.6253170967102051,621.4927082486947,218.55531840020407,,g,g,1.0,r01c04:t,0.15634912317984567,True,dwell_v1,0.05635599996894598,,753.9056346089932,
50443d04313f,1779964521884,ba43e845ddde0ab9,5,interpolation,False,1.0,0.49737060366277375,0.4960340078561742,0.600461212539717,0.5236212524356191,0.5489159081012454,0.5098276301458966,0.04530799388885498,0.021875709295272827,0.5723307430744171,0.6251780688762665,647.9049924920006,214.10874899138201,,g,g,1.0,r01c05:y,0.15298679879678198,True,dwell_v1,0.16226768009364606,,202.9088197238081,
50443d04313f,1779964521986,ba43e845ddde0ab9,5,interpolation,False,1.0,0.49679215320362163,0.4981092066583751,0.5986272884117432,0.5247589474169456,0.5477097208076824,0.5114340770376604,0.04535079002380371,0.021916836500167847,0.5724053382873535,0.6251276135444641,660.1300823804438,211.66302917560242,,g,g,1.0,r01c05:y,0.17253139081675065,True,dwell_v1,0.24462624005973338,,122.22874549106233,
50443d04313f,1779964522086,ba43e845ddde0ab9,5,interpolation,False,1.0,0.5126567433334092,0.49218070029558325,0.65041950263014,0.5183207847099851,0.5815381229817747,0.5052507425027841,0.04541569948196411,0.021577805280685425,0.5739717185497284,0.625203937292099,653.8032713327678,203.21023624117908,,g,g,1.0,r01c05:y,0.2274489224403394,True,dwell_v1,0.3238867999985814,,105.58325929105985,
50443d04313f,1779964522188,ba43e845ddde0ab9,5,interpolation,False,1.0,0.5724536804489158,0.4820314595841767,0.7152808044534107,0.5052446206896827,0.6438672424511632,0.4936380401369297,0.04568108916282654,0.020928293466567993,0.5768773555755615,0.6254252791404724,119.62077159684691,329.5069944843121,,z,z,1.0,r04c00:CTRL,0.24680280637251523,True,dwell_v1,0.027222799882292748,,5381.4672488786655,
50443d04313f,1779964522290,ba43e845ddde0ab9,5,interpolation,False,1.0,0.5920317354885881,0.47755944637671066,0.7269636689338387,0.5014356470312654,0.6594977022112134,0.48949754670398804,0.04558590054512024,0.0207270085811615,0.5778387188911438,0.6255132853984833,35.97335073023007,185.51030810965716,,q,q,1.0,r03c00:SHIFT,0.12034245455836387,True,dwell_v1,0.028235279954969883,,1632.6381045305232,
50443d04313f,1779964522390,ba43e845ddde0ab9,5,interpolation,False,1.0,0.6035142029360646,0.47896775752571924,0.73497487416617,0.5030547389479115,0.6692445385511173,0.4910112482368154,0.0456467866897583,0.020759373903274536,0.5786778330802917,0.6255631446838379,28.97232457786766,162.15725226979285,,q,q,1.0,r00c00:👁 CALIBRATE,0.10244535441867034,True,dwell_v1,0.10913887992501259,,243.79901235359483,
50443d04313f,1779964522492,ba43e845ddde0ab9,5,interpolation,False,1.0,0.6139009954334458,0.4793142429046348,0.7381348975002677,0.5021668213257311,0.6760179464668568,0.490740532115183,0.045722782611846924,0.02086472511291504,0.5792309641838074,0.625484824180603,31.131416283411138,160.17170644675582,,q,q,1.0,r00c00:👁 CALIBRATE,0.10785952237118042,True,dwell_v1,0.18955375999212265,,28.757542862098635,
50443d04313f,1779964522595,ba43e845ddde0ab9,5,interpolation,False,1.0,0.6120915365727648,0.4799259454730258,0.7357659379935167,0.5009531934155662,0.6739287372831408,0.490439569444296,0.04579862952232361,0.02098870277404785,0.5792181193828583,0.6254153847694397,32.40689086992478,159.31244755247366,,q,q,1.0,r00c00:👁 CALIBRATE,0.11040153538833135,True,dwell_v1,0.27081199996173383,,14.931146425808983,
50443d04313f,1779964522696,ba43e845ddde0ab9,5,interpolation,False,1.0,0.6127298052787885,0.47976025952488327,0.7387854679431398,0.5010159978785602,0.6757576366109641,0.49038812870172177,0.045752376317977905,0.021048247814178467,0.5791955292224884,0.625403493642807,34.14118516518313,160.11340290011296,,q,q,1.0,r00c00:👁 CALIBRATE,0.10912383974107749,True,dwell_v1,0.35233231987804176,,18.914017085156296,
50443d04313f,1779964522798,ba43e845ddde0ab9,5,interpolation,False,1.0,0.47370294443673744,0.4763763852887667,0.5926305570428737,0.49907747409877473,0.5331667507398056,0.48772692969377074,0.04491421580314636,0.020735830068588257,0.5725359320640564,0.6252560019493103,427.20057712160957,266.6285599645221,,Shift,Shift,1.0,r03c02:x,0.20371028585215717,True,dwell_v1,0.0274787999689579,,3992.509859215558,
50443d04313f,1779964522899,ba43e845ddde0ab9,5,interpolation,False,1.0,0.43927984323833824,0.4668168110400507,0.5680508120498461,0.49001199307355375,0.5036653276440921,0.4784144020568022,0.04487544298171997,0.020563751459121704,0.5706238448619843,0.6248254179954529,1023.8842053843059,299.6255587564559,,n,n,1.0,r02c07:k,0.1808056171232363,True,dwell_v1,0.02713296003639698,,5916.78524447635,
50443d04313f,1779964523001,ba43e845ddde0ab9,5,interpolation,False,1.0,0.4442736817641701,0.466611369119548,0.5727963763479723,0.4923975816639596,0.5085350290560712,0.4795044753917538,0.04501482844352722,0.020680248737335205,0.5705181956291199,0.6247955858707428,1037.115381955609,298.74122060736045,,m,m,1.0,r02c07:k,0.16615860145921763,True,dwell_v1,0.08102192003279925,,130.00683425642796,
50443d04313f,1779964523104,ba43e845ddde0ab9,5,interpolation,False,1.0,0.4481123871612031,0.4660256194734896,0.5767886372677937,0.4919862270420624,0.5124505122144984,0.479005923257776,0.045196592807769775,0.02074676752090454,0.5706332921981812,0.6247618198394775,1020.7467565780647,295.1366068645252,,m,m,1.0,r02c07:k,0.1883818850090239,True,dwell_v1,0.16289879996329545,,162.726422223099,
50443d04313f,1779964523204,ba43e845ddde0ab9,5,interpolation,False,1.0,0.4516142463814129,0.47358109954248706,0.5740637478506772,0.49760541732564095,0.512838997116045,0.485593258434064,0.04537424445152283,0.020956337451934814,0.5705944299697876,0.6248247623443604,997.2836988304055,287.74724502737496,,m,m,1.0,r02c07:k,0.2103383620783241,True,dwell_v1,0.24493503998965024,,245.9914118887743,
50443d04313f,1779964523305,ba43e845ddde0ab9,5,interpolation,False,1.0,0.4363431492194457,0.4780686064075046,0.5581977689873717,0.5028086060886398,0.4972704591034087,0.4904386062480722,0.04545643925666809,0.021033048629760742,0.5698466002941132,0.6248683333396912,1114.6042055658195,270.53526562365755,,⌫,⌫,1.0,r02c08:l,0.28356456289234294,True,dwell_v1,0.02682792004197836,,1174.0233824017594,
50443d04313f,1779964523407,ba43e845ddde0ab9,5,interpolation,False,1.0,0.4339568264307533,0.4808251881439549,0.5526589591225025,0.5064024173760739,0.4933078927766279,0.49361380276001443,0.04551666975021362,0.021093249320983887,0.5695909559726715,0.6249001026153564,1146.9175556948392,259.8130965499795,,l,l,1.0,r03c08:BACKSPACE,0.2875863433142691,True,dwell_v1,0.054338240064680576,,333.7824981557334,
50443d04313f,1779964523509,ba43e845ddde0ab9,5,interpolation,False,1.0,0.44098840721286153,0.4852772598319406,0.5570332470190599,0.5094646083691432,0.4990108271159607,0.4973709341005419,0.045516759157180786,0.021024882793426514,0.5698023736476898,0.6250162720680237,1151.9852428316508,249.02616227658842,,l,l,1.0,r03c08:BACKSPACE,0.2729629500129049,True,dwell_v1,0.13696536011993884,,116.84341691684487,
50443d04313f,1779964523609,ba43e845ddde0ab9,5,interpolation,False,1.0,0.45455127079681834,0.4808063415648344,0.5749955450623323,0.5068880962995987,0.5147734079295754,0.4938472189322166,0.04542157053947449,0.02087274193763733,0.5706157088279724,0.6250793039798737,1035.911893609308,252.05135458007788,,l,l,1.0,r02c08:l,0.17014107201207124,True,dwell_v1,0.21673000007867813,,1161.127649664973,
50443d04313f,1779964523711,ba43e845ddde0ab9,5,interpolation,False,1.0,0.4796405863726827,0.47764352172704844,0.5968777336117754,0.5058753974416625,0.5382591599922291,0.4917594595843555,0.04521876573562622,0.02088126540184021,0.5720430016517639,0.625082939863205,754.0016954358186,255.67878262792533,,j,j,1.0,r03c05:b,0.18416717138555752,True,dwell_v1,0.05423039998859167,,2764.0542631560475,
50443d04313f,1779964523813,ba43e845ddde0ab9,5,interpolation,False,1.0,0.4927926554501913,0.47624664941981676,0.6026384690676058,0.5047786260629169,0.5477155622588985,0.49051263774136683,0.04524427652359009,0.020968317985534668,0.5726814270019531,0.6251003742218018,691.5300403406939,250.63704053010156,,h,h,1.0,r02c05:h,0.15574300354731296,True,dwell_v1,0.08229735996574164,,614.4585340382237,
50443d04313f,1779964523913,ba43e845ddde0ab9,5,interpolation,False,1.0,0.5059288241865131,0.4766721274080833,0.6089408353306651,0.5064041088759405,0.5574348297585892,0.49153811814201187,0.04519966244697571,0.021102041006088257,0.5732100605964661,0.6251440644264221,669.2179395568967,247.65178162307114,,g,g,1.0,r03c04:v,0.15308131747037607,True,dwell_v1,0.079936240054667,,225.10922063041465,
50443d04313f,1779964524015,ba43e845ddde0ab9,5,interpolation,False,1.0,0.5155809950682685,0.47913839554634696,0.6133603599877515,0.5126142143315529,0.56447067752801,0.4958763049389499,0.04520696401596069,0.021157562732696533,0.573589026927948,0.6252622008323669,644.8753144531984,147.45717649871793,,y,y,1.0,r01c04:t,0.22246398297452588,True,dwell_v1,0.027360800094902514,,1010.8752309277808,
50443d04313f,1779964524118,ba43e845ddde0ab9,5,interpolation,False,1.0,0.5206561837733183,0.4802867590398652,0.6165218152882276,0.5141788472995159,0.5685889995307729,0.49723280316969054,0.045191437005996704,0.021210312843322754,0.5739204585552216,0.6253112852573395,642.6605539807643,120.86297380363283,,y,y,1.0,r01c04:t,0.28617234802792674,True,dwell_v1,0.0,,259.08995896668347,
50443d04313f,1779964524218,ba43e845ddde0ab9,5,interpolation,False,1.0,0.5190549215085484,0.4796641383786853,0.6167038545322556,0.5130725295028409,0.567879388020402,0.4963683339407631,0.04507890343666077,0.021157115697860718,0.5740594863891602,0.625350683927536,641.4396995477496,106.04684582889874,,y,y,1.0,r01c04:t,0.3084425744911474,True,dwell_v1,0.0,,148.66342311083443,
50443d04313f,1779964524320,ba43e845ddde0ab9,5,interpolation,False,1.0,0.5190559507483894,0.4801761168739585,0.6175380047322859,0.5124351444090198,0.5682969777403377,0.49630563064148914,0.04505935311317444,0.02109891176223755,0.5742089152336121,0.6253884434700012,640.7476091204079,98.59801560930377,,y,y,1.0,r01c04:t,0.3194640691751308,True,dwell_v1,0.0,,73.3422852877076,
50443d04313f,1779964524422,ba43e845ddde0ab9,5,interpolation,False,1.0,0.514261028795924,0.48047796306281515,0.6156007331857835,0.5130128260314968,0.5649308809908538,0.49674539454715594,0.045087963342666626,0.021100670099258423,0.5741091966629028,0.6254165172576904,640.3878481075074,95.3648393671188,,y,y,1.0,r01c04:t,0.324350955050348,True,dwell_v1,0.0,,31.893434088685,
50443d04313f,1779964524524,ba43e845ddde0ab9,5,interpolation,False,1.0,0.5035993595566818,0.48043429984752284,0.6098751960613951,0.5127685773184466,0.5567372778090385,0.4966014385829847,0.045196205377578735,0.02108481526374817,0.5736672282218933,0.6254356801509857,641.1626024599534,160.3426545772988,,y,y,1.0,r01c04:t,0.27060375496629435,True,dwell_v1,0.0,,637.0826851603758,
50443d04313f,1779964524625,ba43e845ddde0ab9,5,interpolation,False,1.0,0.492450809076982,0.48054516822517934,0.6068819699294355,0.5128267174350124,0.5496663895032088,0.4966859428300959,0.04525399208068848,0.021073728799819946,0.5730790495872498,0.6254484057426453,643.8072127845647,187.66334687603705,,y,y,1.0,r01c04:t,0.22073541998332197,True,dwell_v1,0.08121544010937214,,271.7662516661873,
50443d04313f,1779964524728,ba43e845ddde0ab9,5,interpolation,False,1.0,0.4862366394013899,0.47998821619313525,0.6052749383478006,0.5119147965294987,0.5457557888745952,0.49595150636131696,0.04530563950538635,0.021038174629211426,0.572772741317749,0.6254598796367645,651.2123639086906,207.91691028551588,,y,y,1.0,r01c05:y,0.21360997174271576,True,dwell_v1,0.0,,209.36755191073146,
50443d04313f,1779964524828,ba43e845ddde0ab9,5,interpolation,False,1.0,0.4865881308982589,0.48174720283044214,0.6043039346038311,0.512366039519084,0.5454460327510451,0.49705662117476307,0.04527825117111206,0.021057844161987305,0.5727201104164124,0.6255194842815399,656.8947606282288,219.2225694938921,,g,g,1.0,r01c05:y,0.1557483515674433,True,dwell_v1,0.08040000014007091,,126.5336171197841,
50443d04313f,1779964524930,ba43e845ddde0ab9,5,interpolation,False,1.0,0.4893287680458733,0.48359362769982006,0.6036493111349727,0.5138695276138907,0.5464890395904229,0.4987315776568554,0.04531005024909973,0.02107328176498413,0.5726891458034515,0.6255693137645721,659.7271854722225,223.2991244798694,,g,g,1.0,r01c05:y,0.15203682618146286,True,dwell_v1,0.16180312000215052,,48.666306276975924,
50443d04313f,1779964525034,ba43e845ddde0ab9,5,interpolation,False,1.0,0.4902413735565916,0.48366583865659946,0.6035360320824649,0.5139725650612565,0.5468887028195282,0.49881920185892803,0.04526853561401367,0.02107912302017212,0.5726530849933624,0.6255611479282379,660.4660847545824,224.84217797875993,,g,g,1.0,r01c05:y,0.15021821753935766,True,dwell_v1,0.24599336013197898,,16.45042042858544,
50443d04313f,1779964525135,ba43e845ddde0ab9,5,interpolation,False,1.0,0.4955199220014662,0.4846923003585327,0.6015828041848403,0.5151376970802415,0.5485513630931533,0.4999149987193871,0.045401424169540405,0.021099388599395752,0.5725526511669159,0.6255740821361542,659.9305357006649,223.94331595027768,,g,g,1.0,r01c05:y,0.15116872546093738,True,dwell_v1,0.3265406399965286,,10.359510246328664,
50443d04313f,1779964525273,ba43e845ddde0ab9,5,interpolation,False,1.0,0.4937330346171149,0.4838890946423049,0.6034024104637797,0.5138570388903142,0.5485677225404473,0.49887306676630955,0.0453224778175354,0.021081507205963135,0.5723317265510559,0.6255636215209961,659.0737356599648,222.72239186203564,,g,g,1.0,r01c05:y,0.15230534431148965,True,dwell_v1,0.4321500800549984,,10.808431801828483,
50443d04313f,1779964525385,ba43e845ddde0ab9,5,interpolation,False,1.0,0.4943475321515921,0.48241710168476476,0.6021889292364266,0.5125568807408561,0.5482682306940094,0.4974869912128105,0.04529079794883728,0.021024882793426514,0.5722141265869141,0.6255594789981842,657.839182554242,224.5154999615866,,g,g,1.0,r01c05:y,0.147985086150307,True,dwell_v1,0.5200049599632621,,19.437559525478484,
50443d04313f,1779964525505,ba43e845ddde0ab9,5,interpolation,False,1.0,0.49224391556031016,0.47906248572508275,0.6056238023931655,0.5096817271310928,0.5489338589767379,0.4943721064280878,0.04525765776634216,0.020964443683624268,0.5721726715564728,0.6255715489387512,655.1657531693959,228.29535378707598,,g,g,1.0,r01c05:y,0.13898408734653694,True,dwell_v1,0.6222688799723983,,38.58119110127931,
50443d04313f,1779964525611,ba43e845ddde0ab9,5,interpolation,False,1.0,0.4886074605110732,0.475566211742281,0.6070064985890349,0.508409044822527,0.547806979550054,0.491987628282404,0.045236170291900635,0.020928561687469482,0.5720310211181641,0.6255832612514496,654.2886143500937,232.11853750080473,,g,g,1.0,r03c04:v,0.13962800042959211,True,dwell_v1,0.6971200000494718,,37.0048371960091,
50443d04313f,1779964525724,ba43e845ddde0ab9,5,interpolation,False,1.0,0.48814002625614156,0.4733090945521182,0.6080587926684233,0.5059029933847894,0.5480994094622824,0.4896060439684538,0.04518163204193115,0.0208815336227417,0.5719235837459564,0.625573992729187,652.9489047095378,239.53028659765718,,g,g,1.0,r03c04:v,0.14983754869608024,True,dwell_v1,0.7970080001279711,,66.65358809774347,
50443d04313f,1779964525829,ba43e845ddde0ab9,5,interpolation,False,1.0,0.48891588593302926,0.4717927876737616,0.6082904923188581,0.5048352781255162,0.5486031891259437,0.48831403289963893,0.04522779583930969,0.02087855339050293,0.5718603432178497,0.6255409419536591,651.8589384975774,244.87523647666023,,g,g,1.0,r03c04:v,0.1572264737877439,True,dwell_v1,0.8796148000285029,,51.95193623158285,
50443d04313f,1779964525963,ba43e845ddde0ab9,5,interpolation,False,1.0,0.4879563891901121,0.4693811337425731,0.6042499384807587,0.5035066566907646,0.5461031638354354,0.48644389521666886,0.045133620500564575,0.020916610956192017,0.5716703832149506,0.6255217790603638,654.3535937726302,253.6002247492102,,g,g,1.0,r03c04:v,0.1678928273130854,True,dwell_v1,0.9879394400864839,,67.72104360551153,
50443d04313f,1779964526064,ba43e845ddde0ab9,5,interpolation,False,1.0,0.48987805729292194,0.4712939110241068,0.6038742898992648,0.5058169776436476,0.5468761735960934,0.4885554443338772,0.04509112238883972,0.020962178707122803,0.5716477930545807,0.625582367181778,654.8612295538907,255.0098527213339,,g,g,1.0,r03c04:v,0.1695323554923238,True,dwell_v1,0.0,,14.83413212676313,
50443d04313f,1779964526165,ba43e845ddde0ab9,5,interpolation,False,1.0,0.4890539275654613,0.47138060025953527,0.6039368568957899,0.5065996218838856,0.5464953922306256,0.4889901110717104,0.04508122801780701,0.02099272608757019,0.5715688467025757,0.6256114542484283,655.027266209088,253.59498094094474,,g,g,1.0,r03c04:v,0.16765282313023752,True,dwell_v1,0.0,,14.10475994456795,
50443d04313f,1779964526267,ba43e845ddde0ab9,5,interpolation,False,1.0,0.48333253887761685,0.46539551305811916,0.6014377078323967,0.5051117356183311,0.5423851233550068,0.48525362433822516,0.045123010873794556,0.020971357822418213,0.5712324976921082,0.6257641315460205,660.0790529210253,258.62650723094157,,g,g,1.0,r03c04:v,0.1719626379429089,True,dwell_v1,0.0,,69.90189601366237,
50443d04313f,1779964526369,ba43e845ddde0ab9,5,interpolation,False,1.0,0.4827461975610124,0.46041678387541074,0.5980145560330368,0.502514062849813,0.5403803767970246,0.4814654233626119,0.04507151246070862,0.021112680435180664,0.5710046291351318,0.6263663172721863,667.7164039973502,273.7972168068683,,g,g,1.0,r02c04:g,0.22837976957128653,True,dwell_v1,0.0,,166.5165299836637,
50443d04313f,1779964526470,ba43e845ddde0ab9,5,interpolation,False,1.0,0.4813834288544541,0.45928112947123756,0.5973765342385365,0.49841188071372594,0.5393799815464954,0.4788465050924817,0.04504728317260742,0.021076828241348267,0.5709084272384644,0.6265831291675568,674.1255285649753,285.9876509596287,,v,v,1.0,r02c04:g,0.16331407021153438,True,dwell_v1,0.08113263994455337,,136.36203540985963,
50443d04313f,1779964526571,ba43e845ddde0ab9,5,interpolation,False,1.0,0.48200008147831847,0.46101766325417004,0.5973915127794517,0.4981061208774587,0.539695797128885,0.47956189206581434,0.04505985975265503,0.021022498607635498,0.570941150188446,0.6266538500785828,677.0658427411847,293.0986867059342,,v,v,1.0,r02c04:g,0.15382691475838658,True,dwell_v1,0.16122447997331618,,76.18763748974807,
50443d04313f,1779964526674,ba43e845ddde0ab9,5,interpolation,False,1.0,0.4784504041126816,0.4606552514968829,0.5975702263367131,0.49378189040339604,0.5380103152246973,0.4772185709501395,0.045086175203323364,0.020914286375045776,0.5709863603115082,0.6266709566116333,680.8135857173131,298.8372442277492,,v,v,1.0,r04c02: ,0.16112262777536912,True,dwell_v1,0.24500088002532722,,66.54319626532302,
50443d04313f,1779964526775,ba43e845ddde0ab9,5,interpolation,False,1.0,0.47801469556899695,0.459815507472086,0.5978129082115734,0.4915542934309936,0.5379138018902851,0.47568490045153977,0.04505795240402222,0.020859360694885254,0.5710310339927673,0.6266837418079376,684.5943260835553,304.2654696497014,,v,v,1.0,r04c02: ,0.17045112039819116,True,dwell_v1,0.3251296799629927,,65.49610017526959,
50443d04313f,1779964526876,ba43e845ddde0ab9,5,interpolation,False,1.0,0.4789043166446679,0.45441441502194185,0.5980510375532481,0.4881340093503951,0.538477677098958,0.4712742121861685,0.045064687728881836,0.020817071199417114,0.5710387527942657,0.6267083287239075,684.8939204200284,313.3714259459037,,v,v,1.0,r04c02: ,0.19202593090954545,True,dwell_v1,0.4058824799954891,,90.20676661179006,
50443d04313f,1779964526979,ba43e845ddde0ab9,5,interpolation,False,1.0,0.511894719018326,0.46168448214650687,0.6226506195717504,0.4984323534530238,0.5672726692950382,0.4800584177997653,0.04497969150543213,0.0207521915435791,0.5721785128116608,0.6269237697124481,647.9805592132693,299.5863416810895,,Space,Space,1.0,r04c02: ,0.17798839776105607,True,dwell_v1,0.02794439997524023,,382.5568937556937,
50443d04313f,1779964527081,ba43e845ddde0ab9,5,interpolation,False,1.0,0.5479318905039762,0.47047451453896705,0.6575075354049095,0.5162566487388908,0.6027197129544428,0.4933655816389289,0.04480189085006714,0.020821571350097656,0.5736502707004547,0.6272377967834473,475.6204563259272,245.73257445693537,,f,f,1.0,r02c02:d,0.15922371773814115,True,dwell_v1,0.027350160107016564,,1770.3676417739964,
50443d04313f,1779964527181,ba43e845ddde0ab9,5,interpolation,False,1.0,0.5664061230117403,0.4774691683578538,0.6843926935157953,0.5206986526120333,0.6253994082637678,0.49908391048494355,0.044607847929000854,0.02090391516685486,0.5751433968544006,0.6274978816509247,182.63678057459154,305.93851768940095,,z,z,1.0,r04c01:ALT,0.1910369519096687,True,dwell_v1,0.026088479906320572,,2991.0564999223043,
50443d04313f,1779964527283,ba43e845ddde0ab9,5,interpolation,False,1.0,0.5778049634527823,0.47952381232070174,0.7055589155425429,0.5168808378393565,0.6416819394976626,0.4982023250800291,0.04483392834663391,0.020983070135116577,0.5764838755130768,0.6278927326202393,71.02011627268331,334.4174646219203,,Shift,Shift,1.0,r04c00:CTRL,0.36921176041079645,True,dwell_v1,0.08277888000011444,,1129.339006042058,
50443d04313f,1779964527385,ba43e845ddde0ab9,5,interpolation,False,1.0,0.5877772620676177,0.4816390821892044,0.7070944104644825,0.5175649585364335,0.6474358362660502,0.499602020362819,0.04480552673339844,0.020942270755767822,0.5770271718502045,0.6280272305011749,52.64223917667966,316.92555104375197,,Shift,Shift,1.0,r04c00:CTRL,0.3541625185624171,True,dwell_v1,0.1629535999149084,,248.74027238217838,
50443d04313f,1779964527488,ba43e845ddde0ab9,5,interpolation,False,1.0,0.6043661176885008,0.4824025665697755,0.7160722871378077,0.5163542638871088,0.6602192024131542,0.4993784152284422,0.04489806294441223,0.020997285842895508,0.5776605904102325,0.6280800402164459,20.787163977244386,209.27492597429503,,Shift,Shift,1.0,r03c00:SHIFT,0.19855748450798033,True,dwell_v1,0.24437103997915982,,1089.950274501846,
50443d04313f,1779964527589,ba43e845ddde0ab9,5,interpolation,False,1.0,0.6147688783354085,0.48154863975287737,0.7281321027943228,0.5132925222551696,0.6714504905648657,0.49742058100402353,0.04503723978996277,0.021095097064971924,0.5781786441802979,0.6281059384346008,17.040853273532065,153.93551133320943,,q,q,1.0,r00c00:👁 CALIBRATE,0.1169340700457248,True,dwell_v1,0.08125423993915319,,549.1690755429225,
50443d04313f,1779964527690,ba43e845ddde0ab9,5,interpolation,False,1.0,0.6164882907703719,0.4824607642418012,0.7328588932720213,0.5122984221560276,0.6746735920211966,0.4973795931989144,0.045168280601501465,0.021177291870117188,0.5783835053443909,0.6281463205814362,22.55940443605764,156.18152881984332,,q,q,1.0,r00c00:👁 CALIBRATE,0.11394838741261828,True,dwell_v1,0.16405640002340077,,58.99112722464249,
50443d04313f,1779964527791,ba43e845ddde0ab9,5,interpolation,False,1.0,0.6129063997650684,0.48251461448295885,0.7331141956654357,0.5125168689382725,0.6730102977152521,0.4975157417106157,0.045147448778152466,0.021176397800445557,0.5784565210342407,0.628153920173645,25.174994467284186,157.03215620054985,,q,q,1.0,r00c00:👁 CALIBRATE,0.1130091070637571,True,dwell_v1,0.24541800003498793,,27.23200353794143,
50443d04313f,1779964527894,ba43e845ddde0ab9,5,interpolation,False,1.0,0.612296358931045,0.48278992781269,0.7327942545051185,0.5133209388653768,0.6725453067180818,0.49805543333903335,0.0451720654964447,0.02116909623146057,0.5785722732543945,0.6281851232051849,24.903468613879856,155.40374056979465,,q,q,1.0,r00c00:👁 CALIBRATE,0.11691749525193414,True,dwell_v1,0.32563975993543864,,16.028134596634374,
50443d04313f,1779964527994,ba43e845ddde0ab9,5,interpolation,False,1.0,0.6121943083573079,0.48190631908334824,0.7357518196362939,0.5126234445404244,0.6739730639968009,0.49726488181188633,0.04529818892478943,0.021185368299484253,0.578729897737503,0.628173828125,25.643618947364434,156.40523266694169,,q,q,1.0,r00c00:👁 CALIBRATE,0.11475056132731944,True,dwell_v1,0.40663504004478457,,12.453147942609936,
50443d04313f,1779964528096,ba43e845ddde0ab9,5,interpolation,False,1.0,0.6139690782414648,0.47973163818340714,0.7390147957748471,0.5106635646612308,0.6764919370081559,0.49519760142231894,0.04556477069854736,0.021205991506576538,0.5788554549217224,0.6281126737594604,30.705927254590513,160.5004218351217,,q,q,1.0,r00c00:👁 CALIBRATE,0.10692233381536803,True,dwell_v1,0.48732047993689775,,63.836659985252744,
50443d04313f,1779964528197,ba43e845ddde0ab9,5,interpolation,False,1.0,0.6144669298066654,0.48142407524249936,0.7381870564662578,0.5118682268671463,0.6763269931364616,0.4966461510548228,0.04567810893058777,0.021362394094467163,0.5788777768611908,0.6283166408538818,32.67759588247915,162.6246687373829,,q,q,1.0,r00c00:👁 CALIBRATE,0.10271410598979097,True,dwell_v1,0.5699892800301314,,28.69562828097032,
50443d04313f,1779964528298,ba43e845ddde0ab9,5,interpolation,False,1.0,0.6155002487627768,0.48011338225053146,0.7354789227257212,0.5105158304471756,0.675489585744249,0.49531460634885355,0.04579642415046692,0.02153649926185608,0.5789729058742523,0.6287519037723541,32.79957235584873,162.47239273253115,,q,q,1.0,r00c00:👁 CALIBRATE,0.10310567826179474,True,dwell_v1,0.6505939200520515,,1.9317397951946742,
50443d04313f,1779964528399,ba43e845ddde0ab9,5,interpolation,False,1.0,0.6147396409277164,0.48148967638448337,0.7367356590718533,0.5102402117278071,0.6757376499997849,0.49586494405614523,0.04585191607475281,0.021647632122039795,0.5792224407196045,0.6293160319328308,33.216397569680495,162.33664020363864,,q,q,1.0,r00c00:👁 CALIBRATE,0.10356449023381721,True,dwell_v1,0.7317164801061153,,4.3403393903687615,
50443d04313f,1779964528503,ba43e845ddde0ab9,5,interpolation,False,1.0,0.6167606200530298,0.48140408711842164,0.740490204447203,0.5083929048090252,0.6786254122501164,0.49489849596372343,0.04573094844818115,0.021519362926483154,0.5796893835067749,0.629509299993515,36.65645752887808,165.64125512706948,,q,q,1.0,r00c00:👁 CALIBRATE,0.0972677087304602,True,dwell_v1,0.8133157599717379,,45.866989484738944,
50443d04313f,1779964528603,ba43e845ddde0ab9,5,interpolation,False,1.0,0.6164577373738813,0.48352923651312996,0.7410793776224905,0.5086127179478452,0.6787685574981859,0.4960709772304876,0.04562842845916748,0.02138310670852661,0.5800274610519409,0.6294713318347931,38.5891920249188,167.683645990017,,q,q,1.0,r00c00:👁 CALIBRATE,0.0934193749062246,True,dwell_v1,0.8927218399941921,,28.119073720941227,
50443d04313f,1779964528703,ba43e845ddde0ab9,5,interpolation,False,1.0,0.6177074811858999,0.4792674648680657,0.740230537569447,0.506499472826794,0.6789690093776735,0.49288346884742984,0.045548826456069946,0.021280646324157715,0.5801646411418915,0.6291996836662292,40.37114387528991,169.17021206492353,,q,q,1.0,r00c00:👁 CALIBRATE,0.09077434153446548,True,dwell_v1,0.9737276000902056,,23.20610068948257,
50443d04313f,1779964528806,ba43e845ddde0ab9,5,interpolation,False,1.0,0.6170172871287538,0.4770242765016476,0.740456952937613,0.504804074138597,0.6787371200331834,0.49091417532012227,0.04552134871482849,0.02121111750602722,0.5801590085029602,0.6290359795093536,42.271601757859656,170.16768834682347,,q,q,1.0,r03c00:SHIFT,0.09241493195538455,True,dwell_v1,0.0,,20.838079860804537,
50443d04313f,1779964528908,ba43e845ddde0ab9,5,interpolation,False,1.0,0.6179505237657302,0.475406555495466,0.7408725723679338,0.5032479303473636,0.679411548066832,0.48932724292141483,0.04553058743476868,0.02123013138771057,0.5801097750663757,0.6288614869117737,45.40794807782825,172.09494549503432,,q,q,1.0,r03c00:SHIFT,0.09690654178969596,True,dwell_v1,0.0,,36.089869715600834,
50443d04313f,1779964529009,ba43e845ddde0ab9,5,interpolation,False,1.0,0.6196098821050828,0.47728721426056353,0.7412308436417864,0.5093105191516414,0.6804203628734347,0.49329886670610246,0.04551666975021362,0.02128252387046814,0.5800675749778748,0.6287875771522522,47.175890984409484,173.62469156835695,,q,q,1.0,r03c00:SHIFT,0.10032754110063308,True,dwell_v1,0.0,,23.147458601317876,
50443d04313f,1779964529112,ba43e845ddde0ab9,5,interpolation,False,1.0,0.6138714281193156,0.4792725751369925,0.7347595832495875,0.5129357359409359,0.6743155056844515,0.4961041555389642,0.04537162184715271,0.021259665489196777,0.5797059535980225,0.6287765800952911,40.98717834518597,168.16674669416759,,q,q,1.0,r00c00:👁 CALIBRATE,0.09306543671076972,True,dwell_v1,0.0,,80.11287069004763,
50443d04313f,1779964529213,ba43e845ddde0ab9,5,interpolation,False,1.0,0.6084338275937564,0.48152006037236517,0.7266687405230026,0.5199069606122371,0.6675512840583795,0.5007135104923011,0.04508581757545471,0.02124539017677307,0.5792110562324524,0.6286543905735016,31.86387046730761,161.08267881613793,,q,q,1.0,r00c00:👁 CALIBRATE,0.10598770063730559,True,dwell_v1,0.0,,114.36340655753511,
50443d04313f,1779964529314,ba43e845ddde0ab9,5,interpolation,False,1.0,0.5663204154633519,0.4799366321327893,0.6868672677068733,0.5168939336188219,0.6265938415851127,0.4984152828758056,0.04489895701408386,0.021057873964309692,0.5773560404777527,0.6281927525997162,60.909373101420734,300.4823167501987,,Shift,Shift,1.0,r04c00:CTRL,0.28769335626736164,True,dwell_v1,0.026551439985632898,,1409.8363359652674,
50443d04313f,1779964529416,ba43e845ddde0ab9,5,interpolation,False,1.0,0.5439162138213032,0.4740157974577601,0.6644463619783972,0.5108258595566726,0.6041812878998503,0.49242082850721636,0.04479631781578064,0.020961135625839233,0.5763289928436279,0.6277065873146057,313.4070349159718,269.5444541788547,,Shift,Shift,1.0,r03c01:z,0.2558303163005848,True,dwell_v1,0.10859239995479583,,2493.9800754831303,
50443d04313f,1779964529516,ba43e845ddde0ab9,5,interpolation,False,1.0,0.5367926064978865,0.4719770040236258,0.6563114850373324,0.5087290784312796,0.5965520457676095,0.4903530412274527,0.04475864768028259,0.020938515663146973,0.5759266912937164,0.6274181306362152,439.2789850749922,243.56455323002086,,d,d,1.0,r03c02:x,0.1575653165513438,True,dwell_v1,0.05432648006826639,,1285.2510684744102,
50443d04313f,1779964529618,ba43e845ddde0ab9,5,interpolation,False,1.0,0.5322049638535041,0.4719992556111854,0.6522026678963543,0.507633262260128,0.5922038158749292,0.48981625893565667,0.044816821813583374,0.021035850048065186,0.5757589936256409,0.6273902654647827,477.7048399386062,234.65279405214,,d,d,1.0,r02c02:d,0.15657068675251964,True,dwell_v1,0.0,,386.7228628231711,
50443d04313f,1779964529718,ba43e845ddde0ab9,5,interpolation,False,1.0,0.5319053410192085,0.47049595767454816,0.6492837105131268,0.5066389254889304,0.5905945257661677,0.48856744158173926,0.04486718773841858,0.021096140146255493,0.5757022202014923,0.6274280250072479,508.95772747762686,227.53616202526263,,f,f,1.0,r03c03:c,0.13910960293677954,True,dwell_v1,0.08093023989349604,,320.5291610653623,
50443d04313f,1779964529821,ba43e845ddde0ab9,5,interpolation,False,1.0,0.5302353877236023,0.46983900936794804,0.6495207744507397,0.5052471744779438,0.5898780810871711,0.48754309192294587,0.04493671655654907,0.021091490983963013,0.5756566226482391,0.6274346709251404,527.3851954717512,223.95312025413057,,f,f,1.0,r01c04:t,0.14835210590152342,True,dwell_v1,0.1614783199504018,,182.2580595846105,
50443d04313f,1779964529922,ba43e845ddde0ab9,5,interpolation,False,1.0,0.530458015613447,0.4725047119381724,0.6513737790050228,0.5073746634551124,0.5909158973092349,0.4899396876966424,0.04510882496833801,0.02115577459335327,0.5755419433116913,0.6274274289608002,538.4125726659747,220.79492182570482,,f,f,1.0,r01c04:t,0.1646721451834047,True,dwell_v1,0.2437653599306941,,113.57141945328846,
50443d04313f,1779964530025,ba43e845ddde0ab9,5,interpolation,False,1.0,0.5320752248236111,0.47638277634377985,0.652861985472155,0.5096194756670199,0.5924686051478831,0.4930011260053999,0.04522043466567993,0.02132430672645569,0.5755423307418823,0.6274035573005676,536.7183320882216,219.3264955115625,,f,f,1.0,r01c04:t,0.16554966698445542,True,dwell_v1,0.3255959199741483,,21.767343161986584,
50443d04313f,1779964530125,ba43e845ddde0ab9,5,interpolation,False,1.0,0.5343155457894762,0.4801832544650602,0.6527339340655294,0.511795321044588,0.5935247399275028,0.4959892877548241,0.04527735710144043,0.021608054637908936,0.5755086243152618,0.6272591352462769,530.7023635255102,218.42766056018527,,f,f,1.0,r01c04:t,0.16078713472067324,True,dwell_v1,0.40575344003736974,,60.82744612208258,
50443d04313f,1779964530227,ba43e845ddde0ab9,5,interpolation,False,1.0,0.5360581977841418,0.47795671379202775,0.6530264442977916,0.5102382083547584,0.5945423210409666,0.4940974610733931,0.04529950022697449,0.021598398685455322,0.5755420029163361,0.627082496881485,523.321533106962,219.5365682625293,,f,f,1.0,r01c04:t,0.15057707856980126,True,dwell_v1,0.4871548000723124,,73.17321170979649,
50443d04313f,1779964530328,ba43e845ddde0ab9,5,interpolation,False,1.0,0.5372833780356401,0.47784114808958367,0.6530200105669708,0.5099054020680547,0.5951516943013054,0.4938732750788192,0.04531559348106384,0.021608173847198486,0.5755467116832733,0.6270107328891754,514.569377700275,221.983868776951,,f,f,1.0,r01c04:t,0.13627878595678586,True,dwell_v1,0.5691105600446462,,89.97897785759314,
50443d04313f,1779964530430,ba43e845ddde0ab9,5,interpolation,False,1.0,0.5417285136463579,0.4776829454774054,0.651987237562532,0.5097427407761788,0.5968578756044449,0.4937128431267921,0.045391619205474854,0.021639376878738403,0.5755594670772552,0.6269517838954926,502.7754255123564,225.65847285598568,,f,f,1.0,r01c03:r,0.1413376601084022,True,dwell_v1,0.649962079897523,,121.10919802345013,
50443d04313f,1779964530532,ba43e845ddde0ab9,5,interpolation,False,1.0,0.5423274207596683,0.47712650292255976,0.652072879660336,0.5082473301966922,0.5972001502100022,0.492686916559626,0.045405298471450806,0.021696090698242188,0.5755643248558044,0.6269450187683105,491.90800162301485,228.87708801871952,,f,f,1.0,r01c03:r,0.1492521228302922,True,dwell_v1,0.7320403199642896,,111.11800584181545,
50443d04313f,1779964530632,ba43e845ddde0ab9,5,interpolation,False,1.0,0.5435445804555903,0.476790957805606,0.6537217774031934,0.5082419478774832,0.5986331789293918,0.4925164528415446,0.04546838998794556,0.02184164524078369,0.5756632685661316,0.6271325647830963,480.85828105970796,232.38084906915736,,f,f,1.0,r01c03:r,0.15446240331575228,True,dwell_v1,0.8115324798971415,,115.91922447365341,
50443d04313f,1779964530742,ba43e845ddde0ab9,5,interpolation,False,1.0,0.5486400558830943,0.47801327584503656,0.6520109353881144,0.5115316247778052,0.6003254956356043,0.4947724503114209,0.0455632209777832,0.022040963172912598,0.5757971704006195,0.6274116039276123,466.9885767492177,235.5223501078459,,f,f,1.0,r02c02:d,0.22344000178190015,True,dwell_v1,0.9104663200676442,,129.28210119335165,
50443d04313f,1779964530879,ba43e845ddde0ab9,5,interpolation,False,1.0,0.5527050837412103,0.478659574586838,0.6533293060575113,0.5121381617099606,0.6030171948993608,0.4953988681483993,0.045535147190093994,0.022058606147766113,0.5758825540542603,0.6276021897792816,433.6242676517899,242.8572715041937,,d,d,1.0,r03c02:x,0.16021078288662086,True,dwell_v1,0.07880639992654323,,249.35082141471707,
50443d04313f,1779964530979,ba43e845ddde0ab9,5,interpolation,False,1.0,0.5532539206895936,0.4791476217008491,0.6573528503489593,0.5108904951861072,0.6053033855192764,0.49501905844347815,0.045373886823654175,0.021946489810943604,0.5756949186325073,0.6279049515724182,411.04387830702393,248.13676366947823,,d,d,1.0,r03c02:x,0.17686220956877902,True,dwell_v1,0.16740087997168301,,231.89373007576597,
50443d04313f,1779964531110,ba43e845ddde0ab9,5,interpolation,False,1.0,0.5479418870159893,0.47904092874259313,0.6564882889107525,0.5108010147380226,0.602215087963371,0.4949209717403079,0.04518395662307739,0.021877288818359375,0.5751894116401672,0.6279837191104889,405.15298364543554,249.48443642457997,,d,d,1.0,r03c02:x,0.17915359115346724,True,dwell_v1,0.26649520006030797,,46.13041065857051,
50443d04313f,1779964531245,ba43e845ddde0ab9,5,interpolation,False,1.0,0.5470662906249834,0.4881001987923436,0.6576748235985906,0.5224447492944468,0.602370557111787,0.5052724740433953,0.04506322741508484,0.02178540825843811,0.5751429796218872,0.6283974945545197,405.7082678411924,247.4095943770473,,d,d,1.0,r03c02:x,0.17566508776653858,True,dwell_v1,0.36285015996545555,,15.910086973500647,
50443d04313f,1779964531356,ba43e845ddde0ab9,5,interpolation,False,1.0,0.5449204943808786,0.4912782438368492,0.6571415380295651,0.5258986729122029,0.6010310162052219,0.508588458374526,0.04501006007194519,0.021679401397705078,0.5750561356544495,0.6287326216697693,413.7828848655364,243.05687457146013,,d,d,1.0,r03c02:x,0.16801008686475166,True,dwell_v1,0.46510384008288386,,82.64046500913034,
50443d04313f,1779964531460,ba43e845ddde0ab9,5,interpolation,False,1.0,0.5397044078182722,0.4923550172617961,0.6509437183701768,0.5274300738162948,0.5953240630942245,0.5098925455390455,0.04497787356376648,0.021394699811935425,0.5747949481010437,0.6290679574012756,439.7583827905705,235.43364257748226,,d,d,1.0,r01c03:r,0.16087505051789974,True,dwell_v1,0.5478305600583553,,260.2982753839323,
50443d04313f,1779964531579,ba43e845ddde0ab9,5,interpolation,False,1.0,0.5372567354222534,0.4926806171768445,0.6457268398142807,0.5229882965433328,0.591491787618267,0.5078344568600887,0.045028358697891235,0.021235913038253784,0.5745407938957214,0.629423052072525,477.24829990463377,224.63711221813827,,d,d,1.0,r01c03:r,0.17087679561176697,True,dwell_v1,0.0,,327.8451593155805,
50443d04313f,1779964531695,ba43e845ddde0ab9,5,interpolation,False,1.0,0.5364627358189346,0.4907486255512085,0.6425110717374124,0.5162716898404529,0.5894869037781735,0.5035101576958307,0.045176953077316284,0.02100968360900879,0.5744452476501465,0.6295217573642731,514.9855539864716,212.90480642475376,,f,f,1.0,r01c04:t,0.1498114732603169,True,dwell_v1,0.10731472000479698,,340.6805964420526,
50443d04313f,1779964531797,ba43e845ddde0ab9,5,interpolation,False,1.0,0.5378359231913354,0.48994290491348463,0.6415989526091683,0.5158633861009824,0.5897174379002519,0.5029031455072335,0.04532405734062195,0.021002978086471558,0.574467658996582,0.6295178830623627,532.3646285950709,207.38266910127223,,f,f,1.0,r01c04:t,0.23002937596942707,True,dwell_v1,0.18852687999606133,,178.77746946980744,
50443d04313f,1779964531897,ba43e845ddde0ab9,5,interpolation,False,1.0,0.5381833371147295,0.4897671828228973,0.6412297347063272,0.5151333660974041,0.5897065359105284,0.5024502744601507,0.04538509249687195,0.02093622088432312,0.574449896812439,0.6295289993286133,542.1831074014121,204.31443214605164,,f,f,1.0,r01c04:t,0.24958521389516075,True,dwell_v1,0.2683050399646163,,102.86719792234679,
50443d04313f,1779964532000,ba43e845ddde0ab9,5,interpolation,False,1.0,0.5393577891490478,0.4883987690285711,0.6404133669173996,0.5124374652584769,0.5898855780332237,0.500418117143524,0.04545515775680542,0.02094283699989319,0.5744338035583496,0.6295518577098846,546.8819216725152,203.13566293078372,,f,f,1.0,r01c04:t,0.25760747299982606,True,dwell_v1,0.0,,47.03315105598174,
50443d04313f,1779964532101,ba43e845ddde0ab9,5,interpolation,False,1.0,0.539052487669265,0.48447793826001995,0.640276902394002,0.5111233213603344,0.5896646950316335,0.4978006298101772,0.04544025659561157,0.020869195461273193,0.5744129717350006,0.6297041773796082,552.3727937206652,202.3336608397458,,f,f,1.0,r02c03:f,0.2580549055141207,True,dwell_v1,0.0,,54.941916378963334,
50443d04313f,1779964532203,ba43e845ddde0ab9,5,interpolation,False,1.0,0.5372899734201843,0.48169642724984807,0.6398423206534359,0.5094793534513015,0.5885661470368101,0.49558789035057477,0.04531016945838928,0.020742148160934448,0.5744450390338898,0.6300272643566132,558.1494755498248,201.2184214442808,,t,t,1.0,r02c03:f,0.25007668719792464,True,dwell_v1,0.0536183200776577,,57.679905828495656,
50443d04313f,1779964532305,ba43e845ddde0ab9,5,interpolation,False,1.0,0.532449204789731,0.478777581913792,0.6394327612601725,0.5067441101758431,0.5859409830249518,0.4927608460448175,0.04538056254386902,0.020633727312088013,0.5745002031326294,0.6301432549953461,567.6155750312463,199.53435756863757,,t,t,1.0,r02c03:f,0.2352452320979531,True,dwell_v1,0.13570848014205694,,94.26209836482806,
50443d04313f,1779964532406,ba43e845ddde0ab9,5,interpolation,False,1.0,0.5319186642896943,0.4760836811647322,0.6400801056891815,0.5038714781584441,0.5859993849894378,0.48997757966158817,0.045417070388793945,0.020578593015670776,0.574601411819458,0.6301794052124023,575.8516214617749,199.2923215356791,,t,t,1.0,r02c03:f,0.22142492303986888,True,dwell_v1,0.21814288012683392,,81.5802184999064,
50443d04313f,1779964532508,ba43e845ddde0ab9,5,interpolation,False,1.0,0.5315041787541012,0.4756310533640545,0.6408833281805606,0.5034952207713219,0.5861937534673309,0.48956313706768817,0.045412927865982056,0.02052322030067444,0.5746206939220428,0.6302334070205688,579.3284598361224,200.9668313367472,,t,t,1.0,r02c03:f,0.2050008453093576,True,dwell_v1,0.29783312007784846,,37.8339775504304,
50443d04313f,1779964532611,ba43e845ddde0ab9,5,interpolation,False,1.0,0.5324626640608221,0.4750538578701099,0.6432049489063265,0.5035203507498196,0.5878338064835743,0.48928710430996475,0.04538309574127197,0.020495742559432983,0.5746190547943115,0.6302327215671539,576.9986069414625,203.98816096865477,,t,t,1.0,r02c03:f,0.2215020105611598,True,dwell_v1,0.0,,37.04191700444392,
50443d04313f,1779964532712,ba43e845ddde0ab9,5,interpolation,False,1.0,0.5321007518796993,0.47485071371306237,0.6446325480511057,0.5036605487537686,0.5883666499654026,0.48925563123341553,0.04534831643104553,0.020486533641815186,0.5745644271373749,0.6302125453948975,573.5573909583563,206.72300246894068,,f,f,1.0,r02c03:f,0.2286216086937508,True,dwell_v1,0.025395040027797224,,43.52082148987732,
50443d04313f,1779964532812,ba43e845ddde0ab9,5,interpolation,False,1.0,0.5310649636350855,0.4744517450514525,0.6439584446138242,0.503704313168431,0.5875117041244549,0.48907802910994175,0.04535108804702759,0.020458191633224487,0.574515700340271,0.6302158534526825,572.5654901351188,207.80002131168092,,f,f,1.0,r02c03:f,0.23073388560269126,True,dwell_v1,0.10496784001588821,,14.641846983071579,
50443d04313f,1779964532915,ba43e845ddde0ab9,5,interpolation,False,1.0,0.5305346936034612,0.4753793123943962,0.6435109035871012,0.5039149128762164,0.5870227985952812,0.48964711263530625,0.04530325531959534,0.020420581102371216,0.5744919180870056,0.6302656829357147,573.9207602899259,207.25345510494662,,f,f,1.0,r02c03:f,0.2281914799092699,True,dwell_v1,0.1864555200561881,,14.187691302323318,
50443d04313f,1779964533015,ba43e845ddde0ab9,5,interpolation,False,1.0,0.5215279957033804,0.4723043825466161,0.6397447540461054,0.49938569582179,0.580636374874743,0.4858450391842031,0.04526868462562561,0.02015569806098938,0.5741243958473206,0.630362331867218,586.0616272254032,204.03448837305825,,f,f,1.0,r02c04:g,0.21019106582377134,True,dwell_v1,0.0,,125.60350184846395,
50443d04313f,1779964533118,ba43e845ddde0ab9,5,interpolation,False,1.0,0.5107729271803809,0.46998853697302534,0.636951521756764,0.49644495669401273,0.5738622244685725,0.483216746833519,0.04517582058906555,0.019884854555130005,0.5735825300216675,0.630484938621521,602.9560958746489,204.73920038075914,,f,f,1.0,r02c04:g,0.2474692625567539,True,dwell_v1,0.0,,164.16660138151352,
50443d04313f,1779964533219,ba43e845ddde0ab9,5,interpolation,False,1.0,0.5078579136853751,0.4705059239559545,0.6334518300564671,0.4976674763674676,0.5706548718709211,0.48408670016171107,0.045159369707107544,0.01970037817955017,0.5731460452079773,0.6306377649307251,616.2762462328404,207.43636595677046,,g,g,1.0,r01c04:t,0.23080445548038836,True,dwell_v1,0.05443304013460874,,134.5591937432967,
50443d04313f,1779964533331,ba43e845ddde0ab9,5,interpolation,False,1.0,0.505261280306284,0.47180656168085083,0.6312983778082544,0.4985494417802679,0.5682798290572693,0.48517800173055936,0.04516902565956116,0.01963868737220764,0.5727384984493256,0.6307480037212372,625.5209603602976,207.12870069715882,,g,g,1.0,r01c04:t,0.2171963461410464,True,dwell_v1,0.1348633600398898,,82.58778821537098,
50443d04313f,1779964533456,ba43e845ddde0ab9,5,interpolation,False,1.0,0.5039356471804713,0.47211926188953723,0.6303143414032104,0.5003127708482497,0.5671249942918408,0.48621601636889344,0.045098453760147095,0.01962950825691223,0.5724240839481354,0.6308544278144836,632.5377041939454,203.3182597372999,,g,g,1.0,r01c04:t,0.2127048229931686,True,dwell_v1,0.0,,63.87695889347481,
50443d04313f,1779964533558,ba43e845ddde0ab9,5,interpolation,False,1.0,0.5047644280264034,0.4718950896371775,0.6311489300302817,0.49979649025246936,0.5679566790283426,0.4858457899448234,0.045158326625823975,0.01963096857070923,0.5723984837532043,0.6308418214321136,634.9122614585092,202.1492063574798,,g,g,1.0,r01c04:t,0.2106214460186886,True,dwell_v1,0.0,,25.948385774353092,
50443d04313f,1779964533659,ba43e845ddde0ab9,5,interpolation,False,1.0,0.5069967485425527,0.4696281260010774,0.6312205545739109,0.4963427241586214,0.5691086515582318,0.48298542507984943,0.04519638419151306,0.01964390277862549,0.5723779499530792,0.6307237148284912,635.5704443093775,208.94578453704665,,g,g,1.0,r01c04:t,0.15348857740610974,True,dwell_v1,0.026345760002732276,,67.60765476236064,
50443d04313f,1779964533762,ba43e845ddde0ab9,5,interpolation,False,1.0,0.5108728424905712,0.4680421696603109,0.6322694150856693,0.49488779394192195,0.5715711287881202,0.4814649818011164,0.04523533582687378,0.019684433937072754,0.5723940134048462,0.63065505027771,634.5319020052501,215.22302282845217,,g,g,1.0,r01c04:t,0.14532369170005383,True,dwell_v1,0.10783911999315024,,61.77251944968762,
50443d04313f,1779964533863,ba43e845ddde0ab9,5,interpolation,False,1.0,0.5138667256734744,0.4670309898190677,0.6347428187105355,0.494341305983431,0.5743047721920049,0.48068614790124936,0.04523742198944092,0.019726693630218506,0.5724281072616577,0.6306546926498413,631.6773274044708,221.0883749299232,,g,g,1.0,r01c04:t,0.14004324086723222,True,dwell_v1,0.190263120085001,,64.58523792714972,
50443d04313f,1779964533997,ba43e845ddde0ab9,5,interpolation,False,1.0,0.5170361106721519,0.4687902127731574,0.638738764471451,0.49733017032563087,0.5778874375718015,0.48306019154939417,0.04517948627471924,0.019777119159698486,0.5725342035293579,0.6307194232940674,625.6732214291856,218.50630484549097,,g,g,1.0,r01c04:t,0.1514711958672193,True,dwell_v1,0.29683784004300834,,48.77445150705195,
50443d04313f,1779964534100,ba43e845ddde0ab9,5,interpolation,False,1.0,0.5197235977486816,0.47034374193066675,0.6394797056422815,0.49854659657392214,0.5796016516954816,0.4844451692522944,0.04522818326950073,0.019851088523864746,0.5726185441017151,0.6308119595050812,620.7791184933089,214.36888499695004,,g,g,1.0,r01c04:t,0.16426978232637002,True,dwell_v1,0.3791657600551844,,62.219669404631375,
50443d04313f,1779964534200,ba43e845ddde0ab9,5,interpolation,False,1.0,0.5240362209566695,0.4705688200377971,0.6403306905898579,0.4984380767410923,0.5821834557732637,0.4845034483894447,0.045272111892700195,0.019908607006072998,0.5727304220199585,0.6308639645576477,613.6852223838225,212.21379169821546,,g,g,1.0,r01c04:t,0.176270460718252,True,dwell_v1,0.460155520029366,,74.14026513200321,
50443d04313f,1779964534301,ba43e845ddde0ab9,5,interpolation,False,1.0,0.5238785113791723,0.4690808156749842,0.6408963703069461,0.4971364254965049,0.5823874408430592,0.48310862058574455,0.04525485634803772,0.019832491874694824,0.5727219581604004,0.6309440433979034,608.2243390951674,213.23473477525906,,g,g,1.0,r01c04:t,0.1801775887792924,True,dwell_v1,0.5405180001631379,,55.004942304856975,
50443d04313f,1779964534404,ba43e845ddde0ab9,5,interpolation,False,1.0,0.5255874472055421,0.46740980179260866,0.642356189792534,0.49459022340270553,0.583971818499038,0.4810000125976571,0.04536128044128418,0.019895732402801514,0.572670966386795,0.6310625076293945,602.1957051209248,217.2884588535091,,g,g,1.0,r01c04:t,0.17816153834173443,True,dwell_v1,0.6234921600669623,,70.53189681336266,
50443d04313f,1779964534505,ba43e845ddde0ab9,5,interpolation,False,1.0,0.5263582145248126,0.46630900916517665,0.6444096924774348,0.4932686561628084,0.5853839535011237,0.4797888326639925,0.04547548294067383,0.0199335515499115,0.5726072490215302,0.6311578154563904,593.8055274445886,223.63687779226285,,g,g,1.0,r01c04:t,0.17226670638501373,True,dwell_v1,0.7039709601551294,,104.17116986177733,
50443d04313f,1779964534606,ba43e845ddde0ab9,5,interpolation,False,1.0,0.5258888342850377,0.4660480996311595,0.6454179000988487,0.4938609470504107,0.5856533671919433,0.47995452334078514,0.04547780752182007,0.019956529140472412,0.5725686550140381,0.6312245428562164,588.2688564185108,227.37024144747872,,g,g,1.0,r01c04:t,0.16819184802872716,True,dwell_v1,0.784187120012939,,66.11662217610075,
50443d04313f,1779964534710,ba43e845ddde0ab9,5,interpolation,False,1.0,0.5249494626687736,0.46542470189446494,0.646714419242215,0.49392785904529113,0.5858319409554943,0.47967628046987804,0.04543173313140869,0.01998397707939148,0.5725547969341278,0.631276547908783,583.8352679065515,229.42328478564627,,g,g,1.0,r02c03:f,0.21313529671388998,True,dwell_v1,0.8659120799973608,,46.979488121497305,
50443d04313f,1779964534843,ba43e845ddde0ab9,5,interpolation,False,1.0,0.5244891696611661,0.4649295622187514,0.6488524470148981,0.49345153035448797,0.5866708083380321,0.4791905462866197,0.04542532563209534,0.01995950937271118,0.5725781619548798,0.6313320398330688,578.4713427392115,232.20910617377533,,f,f,1.0,r02c04:g,0.21174687333280723,True,dwell_v1,0.026741279847919942,,45.44520008820087,
50443d04313f,1779964534944,ba43e845ddde0ab9,5,interpolation,False,1.0,0.5255732201612469,0.464584842603475,0.6498489169546176,0.4937371010027075,0.5877110685579322,0.47916097180309125,0.04536175727844238,0.01995071768760681,0.5725327730178833,0.6313447058200836,574.0470698762595,233.6474410587133,,f,f,1.0,r01c04:t,0.1592457025124176,True,dwell_v1,0.10845887996256351,,46.06142100668152,
50443d04313f,1779964535046,ba43e845ddde0ab9,5,interpolation,False,1.0,0.5256151947083593,0.46542268240904144,0.6512861409329227,0.49406251057539213,0.5884506678206409,0.4797425964922168,0.045314520597457886,0.019944459199905396,0.5724256336688995,0.6313511729240417,569.4618950144999,234.4261180237399,,f,f,1.0,r01c04:t,0.15732797685680408,True,dwell_v1,0.1892689598724246,,45.59631630757425,
50443d04313f,1779964535147,ba43e845ddde0ab9,5,interpolation,False,1.0,0.5241796400614737,0.465171031517382,0.6510836844203794,0.49391851803019315,0.5876316622409266,0.47954477477378754,0.04533499479293823,0.019953429698944092,0.5723662972450256,0.6313129663467407,567.7253364452745,234.598654763889,,f,f,1.0,r01c04:t,0.15670450785723267,True,dwell_v1,0.26941247992217543,,17.278304573809933,
50443d04313f,1779964535248,ba43e845ddde0ab9,5,interpolation,False,1.0,0.5261692552672431,0.4648711653398805,0.6523698196668521,0.4936999237266916,0.5892695374670476,0.47928554453328603,0.045353829860687256,0.019934624433517456,0.572504848241806,0.6312540471553802,564.1916165086519,235.33026959758777,,f,f,1.0,r01c04:t,0.15454848668187238,True,dwell_v1,0.3503567999228835,,35.729320456695106,
50443d04313f,1779964535351,ba43e845ddde0ab9,5,interpolation,False,1.0,0.550988373386812,0.46896353102944455,0.6453513780168424,0.5005046766704798,0.5981698757018272,0.4847341038499622,0.045073747634887695,0.020073890686035156,0.573845773935318,0.6308605968952179,504.276521929453,240.76869900844565,,f,f,1.0,r03c03:c,0.15763360230258464,True,dwell_v1,0.4322892799973488,,584.0913446753124,
50443d04313f,1779964535451,ba43e845ddde0ab9,5,interpolation,False,1.0,0.5239591382660301,0.4449614578571202,0.6532192325165388,0.4814871278963454,0.5885891853912845,0.46322429287673283,0.0450667142868042,0.019431501626968384,0.580837070941925,0.6247655153274536,512.2731271870207,259.6247103292062,,d,d,1.0,r03c03:c,0.1899603725317784,True,dwell_v1,0.05317839998751879,,204.8157363519731,
50443d04313f,1779964535554,ba43e845ddde0ab9,5,interpolation,False,1.0,0.6109961560195617,0.4211013481254314,0.5598001666375765,0.5221254665007997,0.585398161328569,0.4716134073131155,0.04204419255256653,0.006555289030075073,0.5941643416881561,0.6174237430095673,610.7582450427732,285.5593999966865,,v,v,1.0,r02c04:g,0.16839462521086168,True,dwell_v1,0.02502999994903803,,988.7636498217266,
50443d04313f,1779964535655,ba43e845ddde0ab9,5,interpolation,False,1.0,0.5831993500003834,0.4146044573837968,0.5672225819250399,0.3015749408006611,0.5752109659627116,0.358089699092229,0.03987163305282593,0.00458940863609314,0.6066241562366486,0.5984010398387909,563.8185068943546,269.967795192778,,c,c,1.0,r03c03:c,0.22588080241432268,True,dwell_v1,0.05414856001734734,,489.7175390893134,
50443d04313f,1779964535756,ba43e845ddde0ab9,5,interpolation,False,1.0,0.4129075531098613,0.45044278843176516,0.5416360997816135,0.4561866162461438,0.4772718264457374,0.4533147023389545,0.03748166561126709,0.014748305082321167,0.6058310866355896,0.5787008702754974,1082.2431843247614,332.75685738481525,,m,m,1.0,r04c03:ENTER,0.2728475964475316,True,dwell_v1,0.025238239951431752,,5170.4275923822315,
50443d04313f,1779964535859,ba43e845ddde0ab9,5,interpolation,False,1.0,0.41173754818697433,0.4854021936256875,0.5427614734770341,0.487969644284826,0.4772495108320042,0.4866859189552567,0.03755825757980347,0.016730397939682007,0.606338620185852,0.5658045709133148,1214.5408410384102,299.08320585241705,,⌫,⌫,1.0,r04c03:ENTER,0.196037052469363,True,dwell_v1,0.02696959991008043,,1325.3968678600365,
50443d04313f,1779964535959,ba43e845ddde0ab9,5,interpolation,False,1.0,0.47090723048618205,0.4857444678518776,0.5714352638499062,0.4985970351888861,0.5211712471680441,0.4921707515203818,0.03567492961883545,0.015547871589660645,0.608383297920227,0.5579305589199066,1030.4305368139724,269.55520390763786,,⌫,⌫,1.0,r03c07:m,0.24724130944359987,True,dwell_v1,0.10872383993119002,,1864.6315191068165,
50443d04313f,1779964536060,ba43e845ddde0ab9,5,interpolation,False,1.0,0.5349268564037547,0.51121129157912,0.6553776996191456,0.5265013761402998,0.5951522780114502,0.5188563338597099,0.03426697850227356,0.015989840030670166,0.6105000972747803,0.5565398037433624,570.473542760627,210.4880986785945,,y,y,1.0,r01c04:t,0.20358542234998606,True,dwell_v1,0.026445999927818774,,4591.42720020728,
50443d04313f,1779964536163,ba43e845ddde0ab9,5,interpolation,False,1.0,0.5391655488486474,0.5182012334386819,0.6789167256294424,0.5310377534619322,0.609041137239045,0.524619493450307,0.03325536847114563,0.01574641466140747,0.609219491481781,0.556572437286377,369.0917036782506,242.89806122778245,,d,d,1.0,r03c02:x,0.15041918919856428,True,dwell_v1,0.053720319829881194,,1980.3219604120857,
50443d04313f,1779964536263,ba43e845ddde0ab9,5,interpolation,False,1.0,0.5466473567606293,0.5229825990044663,0.7019458633414462,0.5401373622181971,0.6242966100510376,0.5315599806113317,0.03265470266342163,0.015472441911697388,0.6077290773391724,0.5577347874641418,288.9063794058758,248.46396571532532,,s,s,1.0,r03c01:z,0.17575105415569972,True,dwell_v1,0.02614463996142149,,803.7826523028692,
50443d04313f,1779964536364,ba43e845ddde0ab9,5,interpolation,False,1.0,0.5709410474201154,0.5242536690112173,0.7126550948463992,0.5368379200663809,0.6417980711332574,0.530545794538799,0.032059282064437866,0.01539960503578186,0.6066965460777283,0.5584718883037567,193.22827155029714,247.7217508678527,,a,a,1.0,r03c00:SHIFT,0.14848461049855421,True,dwell_v1,0.026507999934256076,,947.3365014533839,
50443d04313f,1779964536465,ba43e845ddde0ab9,5,interpolation,False,1.0,0.60847473123195,0.5361952234014897,0.7299330913609808,0.5478868032201728,0.6692039112964654,0.5420410133108313,0.031564950942993164,0.015202820301055908,0.60628342628479,0.5606738328933716,140.63077632979576,235.41053015061397,,a,a,1.0,r03c00:SHIFT,0.2146913780528944,True,dwell_v1,0.10688231997191906,,534.8425279050283,
50443d04313f,1779964536601,ba43e845ddde0ab9,5,interpolation,False,1.0,0.4609394523835414,0.49999758336193023,0.5866607343995773,0.5159379024592963,0.5238000933915594,0.5079677429106133,0.031047701835632324,0.014290004968643188,0.5983794033527374,0.5685869753360748,796.8054289131541,234.90274557663565,,h,h,1.0,r01c06:u,0.1500372762127604,True,dwell_v1,0.026131040044128896,,4824.815066612888,
50443d04313f,1779964536763,ba43e845ddde0ab9,5,interpolation,False,1.0,0.4622832362855933,0.4816611492065014,0.5934721979417017,0.4906022676020488,0.5278777171136475,0.4861317084042751,0.031262874603271484,0.015088975429534912,0.5982188284397125,0.5877726972103119,815.3578697744836,251.6722423326067,,j,j,1.0,r02c05:h,0.21827290581644976,True,dwell_v1,0.07938240002840757,,154.371483511589,
50443d04313f,1779964536907,ba43e845ddde0ab9,5,interpolation,False,1.0,0.457784644547446,0.4883606976999305,0.5815579402522605,0.5023596122187671,0.5196712923998532,0.4953601549593488,0.030891597270965576,0.01652926206588745,0.5985738337039948,0.5976787507534027,835.1126476420447,262.80857057463504,,j,j,1.0,r03c06:n,0.1845599071480832,True,dwell_v1,0.027676800079643727,,157.4826464007525,
6c0237043827,1779966566115,ba43e845ddde0ab9,5,interpolation,False,1.0,0.49941095720696216,0.4665029828995525,0.6062781173007972,0.4921569079662333,0.5528445372538797,0.47932994543289287,0.04833143949508667,0.024214506149291992,0.5437159836292267,0.5630911290645599,645.8511130021711,320.33856567186535,,,,0.0,r04c02: ,0.23231593785839966,True,dwell_v1,0.0,,0.0,
6c0237043827,1779966566222,ba43e845ddde0ab9,5,interpolation,False,1.0,0.5149532505318255,0.4647234630399268,0.632893924591206,0.4987396909200629,0.5739235875615157,0.4817315769799948,0.04766136407852173,0.023613423109054565,0.5493354350328445,0.5648926496505737,633.8848962617953,252.4843573047156,,,,0.0,r03c04:v,0.16875298626615978,True,dwell_v1,0.0,,0.0,
6c0237043827,1779966566343,ba43e845ddde0ab9,5,interpolation,False,1.0,0.5161615460782091,0.46823689730264123,0.6312809635381511,0.4989053741722528,0.57372125480818,0.48357113573744703,0.04735274612903595,0.023407071828842163,0.549638643860817,0.5648501217365265,632.2945144274285,233.35112846263385,,,,0.0,r03c04:v,0.14304487557361575,True,dwell_v1,0.0,,0.0,
6c0237043827,1779966566453,ba43e845ddde0ab9,5,interpolation,False,1.0,0.5162943100628088,0.4684393667684049,0.6310361245290869,0.49950451650885264,0.5736652172959478,0.4839719416386288,0.047372907400131226,0.02338963747024536,0.5496166199445724,0.5648998320102692,631.7907575147492,228.38587079402947,,,,0.0,r03c04:v,0.136349671472492,True,dwell_v1,0.0,,0.0,
6c0237043827,1779966566582,ba43e845ddde0ab9,5,interpolation,False,1.0,0.5155223614266341,0.4693022127278785,0.6301372486199646,0.5029734107496151,0.5728298050232994,0.4861378117387468,0.0474826842546463,0.023345649242401123,0.5495684593915939,0.565037190914154,631.8516461562143,221.2964396406713,,,,0.0,r01c04:t,0.1395099533233821,True,dwell_v1,0.0,,0.0,
6c0237043827,1779966566701,ba43e845ddde0ab9,5,interpolation,False,1.0,0.5796114123818122,0.47618454936894167,0.6919888948489756,0.5044637488618728,0.6358001536153939,0.4903241491154072,0.047406360507011414,0.023389101028442383,0.5517658293247223,0.565801352262497,290.1014575130826,315.90273784366553,,,,0.0,r04c01:ALT,0.16987167982633405,True,dwell_v1,0.0,,0.0,
6c0237043827,1779966566807,ba43e845ddde0ab9,5,interpolation,False,1.0,0.6054283063721431,0.48747658399578647,0.7337785840586033,0.5095454484581026,0.6696034452153732,0.4985110162269445,0.04736518859863281,0.023696452379226685,0.5527251660823822,0.5661275386810303,60.89143504389076,172.229409653621,,,,0.0,r02c00:a,0.10805503652445275,True,dwell_v1,0.0,,0.0,
6c0237043827,1779966566925,ba43e845ddde0ab9,5,interpolation,False,1.0,0.6133933632562675,0.49498605128436024,0.7375602039622942,0.5174325634083402,0.6754767836092808,0.5062093073463503,0.04740022122859955,0.02393239736557007,0.55283984541893,0.5664229989051819,47.9808043707654,174.6589477720496,,,,0.0,r03c00:SHIFT,0.10255918325627321,True,dwell_v1,0.0,,0.0,
6c0237043827,1779966567037,ba43e845ddde0ab9,5,interpolation,False,1.0,0.6218740512604526,0.4972366221597411,0.7500804865711919,0.5192077355565518,0.6859772689158222,0.5082221788581465,0.04760125279426575,0.024044960737228394,0.5533659160137177,0.5665800869464874,52.79922587457078,183.0100590135997,,,,0.0,r03c00:SHIFT,0.1211320524125967,True,dwell_v1,0.0,,0.0,
6c0237043827,1779966567152,ba43e845ddde0ab9,5,interpolation,False,1.0,0.6557859079936822,0.5105185916022763,0.7709333080645493,0.5294744355906281,0.7133596080291158,0.5199965135964522,0.048062652349472046,0.024489104747772217,0.5550151169300079,0.5661276578903198,119.51320160043893,205.63501113623582,,,,0.0,r02c00:a,0.270799919943471,True,dwell_v1,0.0,,0.0,
6c0237043827,1779966567265,ba43e845ddde0ab9,5,interpolation,False,1.0,0.6706606354138321,0.518415259442263,0.7659103366114178,0.5430397189099379,0.718285486012625,0.5307274891761005,0.04793617129325867,0.024935632944107056,0.5581699013710022,0.562932163476944,150.5522817169973,212.95397723078597,,,,0.0,r01c01:w,0.1930802047142025,True,dwell_v1,0.0,,0.0,
6c0237043827,1779966567382,ba43e845ddde0ab9,5,interpolation,False,1.0,0.6474750452398779,0.5098947630260082,0.7522557531456308,0.5333965660629802,0.6998653991927544,0.5216456645444942,0.04805728793144226,0.02440229058265686,0.56224724650383,0.5572908520698547,145.36154193796892,214.32687749304432,,,,0.0,r01c01:w,0.18589464897090882,True,dwell_v1,0.0,,0.0,
6c0237043827,1779966567489,ba43e845ddde0ab9,5,interpolation,False,1.0,0.6343382391619422,0.5086294557961187,0.738697125836,0.5369213794288097,0.6865176824989712,0.5227754176124642,0.04745163023471832,0.024188309907913208,0.564099133014679,0.5535019338130951,132.33349787020677,213.54416876711284,,,,0.0,r03c00:SHIFT,0.17909667862154013,True,dwell_v1,0.0,,0.0,
6c0237043827,1779966567623,ba43e845ddde0ab9,5,interpolation,False,1.0,0.6180765426048445,0.5090168623595848,0.731887463614981,0.5368194442956887,0.6749820031099127,0.5229181533276368,0.0474771112203598,0.024215251207351685,0.5673404932022095,0.5508737862110138,103.64488824624526,212.672764534551,,,,0.0,r02c00:a,0.21735580582065236,True,dwell_v1,0.0,,0.0,
6c0237043827,1779966567734,ba43e845ddde0ab9,5,interpolation,False,1.0,0.5667173616099699,0.4734609265404616,0.6948067754422248,0.5044584372849436,0.6307620685260973,0.48895968191270256,0.04747568070888519,0.02259761095046997,0.5661807060241699,0.549269288778305,40.74130568463156,286.17436011494976,,,,0.0,r04c00:CTRL,0.2746240514310254,True,dwell_v1,0.0,,0.0,
6c0237043827,1779966567863,ba43e845ddde0ab9,5,interpolation,False,1.0,0.5238146162487091,0.473523287022059,0.6417096914827461,0.5002386788377035,0.5827621538657276,0.48688098292988125,0.0473310649394989,0.02285999059677124,0.5641115009784698,0.5493937432765961,534.16717533011,219.4386818852637,,,,0.0,r01c04:t,0.16279713036827775,True,dwell_v1,0.0,,0.0,
6c0237043827,1779966567975,ba43e845ddde0ab9,5,interpolation,False,1.0,0.5072419112270633,0.47216023955173203,0.6282885132475726,0.49907198407519593,0.567765212237318,0.485616111813464,0.04736919701099396,0.023103654384613037,0.563353568315506,0.5495702624320984,600.5737938972667,196.2073846608942,,,,0.0,r02c04:g,0.1897238560017746,True,dwell_v1,0.0,,0.0,
6c0237043827,1779966568081,ba43e845ddde0ab9,5,interpolation,False,1.0,0.5016742682722944,0.46854653376956656,0.6173240230142664,0.5004331863971849,0.5594991456432804,0.48448986008337575,0.047596678137779236,0.02309936285018921,0.5623660683631897,0.54988232254982,618.6138035839691,214.95358888682233,,,,0.0,r01c04:t,0.16582345221279307,True,dwell_v1,0.0,,0.0,
6c0237043827,1779966568184,ba43e845ddde0ab9,5,interpolation,False,1.0,0.5583435773540601,0.4846031720962624,0.6731881335597008,0.513246609736873,0.6157658554568805,0.49892489091656766,0.04746803641319275,0.022972911596298218,0.5642805397510529,0.5510420501232147,398.6047613997146,261.7733929636429,,,,0.0,r03c02:x,0.19922204860893677,True,dwell_v1,0.0,,0.0,
6c0237043827,1779966568288,ba43e845ddde0ab9,5,interpolation,False,1.0,0.5951818766041361,0.5072826724294975,0.7178052961679692,0.5307652965758124,0.6564935863860526,0.519023984502655,0.04718168079853058,0.023701012134552002,0.5658770799636841,0.5527666807174683,105.7937329730537,247.34734180778534,,,,0.0,r02c00:a,0.21409288125590284,True,dwell_v1,0.0,,0.0,
6c0237043827,1779966568422,ba43e845ddde0ab9,5,interpolation,False,1.0,0.6017966541170162,0.51205202162077,0.7300898073743803,0.5380633230444236,0.6659432307456983,0.5250576723325968,0.04720483720302582,0.02408701181411743,0.5663242638111115,0.5534398257732391,87.27952328325614,232.0045685057504,,,,0.0,r01c00:q,0.2590022140123198,True,dwell_v1,0.0,,0.0,
6c0237043827,1779966568576,ba43e845ddde0ab9,5,interpolation,False,1.0,0.6059501210251469,0.5120597770922054,0.7341745955370678,0.5366659624299578,0.6700623582811074,0.5243628697610816,0.047256842255592346,0.02416101098060608,0.5666273832321167,0.5533029139041901,80.76941468517843,223.3110460109086,,,,0.0,r03c00:SHIFT,0.25331504613554373,True,dwell_v1,0.0,,0.0,
6c0237043827,1779966586210,ba43e845ddde0ab9,5,unknown,False,1.0,0.5386330696033059,0.46879769995934045,0.6302574003822682,0.505622069353506,0.5844452349927871,0.48720988465642323,0.0496755987405777,0.023363381624221802,0.5492608696222305,0.5846334397792816,667.3562230834101,266.2693660260146,,,,0.0,r03c04:v,0.1771745102990366,True,dwell_v1,0.0,,0.0,
6c0237043827,1779966586316,ba43e845ddde0ab9,5,unknown,False,1.0,0.5358639101188823,0.46988619436114415,0.6270771245724397,0.5065230870009533,0.581470517345661,0.48820464068104874,0.04963409900665283,0.0234391987323761,0.549198105931282,0.5845756828784943,668.2252492369873,265.5445237602534,,,,0.0,r03c04:v,0.1757436271186121,True,dwell_v1,0.0,,0.0,
6c0237043827,1779966586418,ba43e845ddde0ab9,5,unknown,False,1.0,0.5360761563173135,0.46996746134423895,0.6318758971267054,0.5055835735511229,0.5839760267220095,0.48777551744768094,0.04988992214202881,0.023528724908828735,0.5494201332330704,0.5845018625259399,667.6731219760794,264.2216441006152,,,,0.0,r03c04:v,0.17453512449037872,True,dwell_v1,0.0,,0.0,
6c0237043827,1779966586521,ba43e845ddde0ab9,5,unknown,False,1.0,0.5374557954790876,0.46743224621038126,0.6375026240893119,0.5032198075039814,0.5874792097841998,0.48532602685718135,0.050103530287742615,0.023683220148086548,0.5497789084911346,0.5845125913619995,665.3383756149439,264.0696341682677,,,,0.0,r03c04:v,0.17581811017154733,True,dwell_v1,0.0,,0.0,
6c0237043827,1779966586622,ba43e845ddde0ab9,5,unknown,False,1.0,0.5964137470603061,0.47568733040791067,0.6848078138426382,0.5048151147118037,0.6406107804514722,0.4902512225598572,0.04987475275993347,0.023162007331848145,0.55243219435215,0.5856687128543854,637.4126940246442,264.1175132605925,,,,0.0,r03c04:v,0.18393711809579216,True,dwell_v1,0.0,,0.0,
6c0237043827,1779966586725,ba43e845ddde0ab9,5,unknown,False,1.0,0.6108492330460407,0.47455046133419587,0.7119362687703638,0.5018396083485144,0.6613927509082023,0.4881950348413551,0.04977680742740631,0.022968381643295288,0.5534327477216721,0.5859067440032959,601.4715086950355,267.7938969997186,,,,0.0,r03c04:v,0.21916930275899474,True,dwell_v1,0.0,,0.0,
6c0237043827,1779966586830,ba43e845ddde0ab9,5,unknown,False,1.0,0.6247371975948064,0.4772903567874386,0.7221409590866702,0.5045348670817332,0.6734390783407382,0.4909126119345859,0.04962736368179321,0.022982656955718994,0.5540593564510345,0.5858340859413147,566.8454177942388,270.30266802287093,,,,0.0,r03c03:c,0.22190977780637688,True,dwell_v1,0.0,,0.0,
6c0237043827,1779966586934,ba43e845ddde0ab9,5,unknown,False,1.0,0.6385199997840747,0.4859526339249938,0.735899806586468,0.5141337025387033,0.6872099031852714,0.5000431682318486,0.04938755929470062,0.02345961332321167,0.555040717124939,0.5854284763336182,456.5461823588845,270.91122851946136,,,,0.0,r03c02:x,0.2309597118527288,True,dwell_v1,0.0,,0.0,
6c0237043827,1779966587038,ba43e845ddde0ab9,5,unknown,False,1.0,0.640278305340707,0.490756438727081,0.743796726464035,0.5204506777771257,0.6920375159023711,0.5056035582521033,0.04947337508201599,0.023956239223480225,0.5557712018489838,0.5850186049938202,442.12101533409816,265.1056926247398,,,,0.0,r03c02:x,0.18958017501398275,True,dwell_v1,0.0,,0.0,
6c0237043827,1779966587169,ba43e845ddde0ab9,5,unknown,False,1.0,0.6305784800985514,0.4875281435417473,0.736011941576916,0.5165474812728225,0.6832952108377337,0.5020378124072848,0.04963088035583496,0.023940324783325195,0.5556679964065552,0.5849525034427643,443.0415103343167,259.6101718900435,,,,0.0,r03c02:x,0.17984235014630826,True,dwell_v1,0.0,,0.0,
6c0237043827,1779966587294,ba43e845ddde0ab9,5,unknown,False,1.0,0.5359909826358669,0.48157882821528963,0.6401070421929499,0.515660082497977,0.5880490124144084,0.4986194553566333,0.04961663484573364,0.023336023092269897,0.5504615008831024,0.5854315459728241,601.3786081026051,253.42105891210363,,,,0.0,r03c04:v,0.15502960941386382,True,dwell_v1,0.0,,0.0,
6c0237043827,1779966587430,ba43e845ddde0ab9,5,unknown,False,1.0,0.5249796923739678,0.47991624073965594,0.6335876346454724,0.5145376726156828,0.57928366350972,0.49722695667766936,0.04979342222213745,0.02334555983543396,0.5493900179862976,0.5854401588439941,638.7120749806984,253.29215440904872,,,,0.0,r03c04:v,0.17010423131576466,True,dwell_v1,0.0,,0.0,
6c0237043827,1779966587533,ba43e845ddde0ab9,5,unknown,False,1.0,0.5164874022104753,0.47852982784844184,0.6289367009128184,0.5135991636486475,0.5727120515616468,0.4960644957485447,0.04991050064563751,0.023291587829589844,0.5486812591552734,0.5854333639144897,659.0499377818678,254.50029885759602,,,,0.0,r03c04:v,0.16721556704711601,True,dwell_v1,0.0,,0.0,
6c0237043827,1779966587684,ba43e845ddde0ab9,5,unknown,False,1.0,0.5077735627493836,0.4749296727949979,0.6189569020657224,0.511362593324769,0.563365232407553,0.4931461330598834,0.04994678497314453,0.02313297986984253,0.5481093227863312,0.5853641927242279,682.7231975675616,257.8128666702619,,,,0.0,r03c04:v,0.15513642739489703,True,dwell_v1,0.0,,0.0,
6c0237043827,1779966587804,ba43e845ddde0ab9,5,unknown,False,1.0,0.5041188059572771,0.47524710973951634,0.6143371829048114,0.5110884104283444,0.5592279944310443,0.4931677600839304,0.04990091919898987,0.023078948259353638,0.547860637307167,0.5853995084762573,697.091716869811,261.03168104037275,,,,0.0,r02c04:g,0.2046926249657732,True,dwell_v1,0.0,,0.0,
6c0237043827,1779966587905,ba43e845ddde0ab9,5,unknown,False,1.0,0.49729908944873735,0.47484941118903806,0.6004427141275773,0.5102575491688086,0.5488709017881573,0.4925534801789233,0.049853160977363586,0.023057132959365845,0.5472792834043503,0.5853807926177979,710.0124529143807,263.36213241255047,,,,0.0,r03c05:b,0.16347758923131206,True,dwell_v1,0.0,,0.0,
6c0237043827,1779966588043,ba43e845ddde0ab9,5,unknown,False,1.0,0.4930187448903129,0.47499325438464995,0.5936591468962915,0.5108324827418507,0.5433389458933022,0.49291286856325034,0.04977041482925415,0.023056387901306152,0.5465459376573563,0.5853879153728485,726.9390382602878,265.4514907834659,,,,0.0,r03c05:b,0.18436226376383513,True,dwell_v1,0.0,,0.0,
6c0237043827,1779966588143,ba43e845ddde0ab9,5,unknown,False,1.0,0.49212162261695314,0.47405267385128086,0.5954248624194631,0.5104997240791757,0.5437732425182081,0.49227619896522823,0.049804821610450745,0.023068636655807495,0.5459673404693604,0.5854444205760956,735.2890629516344,266.52884669059137,,,,0.0,r03c05:b,0.19271984790014862,True,dwell_v1,0.0,,0.0,
6c0237043827,1779966588270,ba43e845ddde0ab9,5,unknown,False,1.0,0.4947289852569152,0.4719410126404172,0.5981870100252973,0.5093732567606736,0.5464579976411063,0.4906571347005454,0.04964496195316315,0.023009032011032104,0.5454593896865845,0.5855286121368408,740.4227256042193,269.574770748215,,,,0.0,r03c05:b,0.25303392063555596,True,dwell_v1,0.0,,0.0,
6c0237043827,1779966588378,ba43e845ddde0ab9,5,unknown,False,1.0,0.629384037410543,0.47780800076767216,0.7176836515431747,0.5157265757505853,0.6735338444768588,0.49676728825912875,0.04988086223602295,0.02347657084465027,0.5508528500795364,0.5853246450424194,569.5108552164065,265.0260434729677,,,,0.0,r03c03:c,0.16474386812093125,True,dwell_v1,0.0,,0.0,
6c0237043827,1779966588478,ba43e845ddde0ab9,5,unknown,False,1.0,0.6373361834728164,0.4863956466069142,0.7290184030168206,0.5234981372244645,0.6831772932448186,0.5049468919156893,0.04999181628227234,0.024204254150390625,0.5512274503707886,0.5851128101348877,541.3562555381899,259.9072168695022,,,,0.0,r03c03:c,0.18439866280167125,True,dwell_v1,0.0,,0.0,
6c0237043827,1779966588613,ba43e845ddde0ab9,5,unknown,False,1.0,0.6384633270839634,0.48772446871420844,0.733771333346103,0.5225652420835561,0.6861173302150332,0.5051448553988823,0.050043120980262756,0.024312764406204224,0.5512729734182358,0.5851098299026489,522.0947757188112,254.01691153056714,,,,0.0,r03c03:c,0.1816765344068431,True,dwell_v1,0.0,,0.0,
6c0237043827,1779966588749,ba43e845ddde0ab9,5,unknown,False,1.0,0.6379454649574908,0.4900138699716006,0.7360479511852,0.5234937092216481,0.6869967080713454,0.5067537895966243,0.049975067377090454,0.024292200803756714,0.551262617111206,0.5851523280143738,510.743926608351,251.08678356567037,,,,0.0,r03c03:c,0.1759242313942198,True,dwell_v1,0.0,,0.0,
6c0237043827,1779966588888,ba43e845ddde0ab9,5,unknown,False,1.0,0.6485007805715967,0.49673686304719955,0.7416196378053233,0.5304109943437623,0.6950602091884599,0.5135739286954809,0.04995235800743103,0.02485799789428711,0.5516100078821182,0.5848756730556488,509.8477511276908,246.3399154168026,,,,0.0,r03c03:c,0.16816472378483036,True,dwell_v1,0.0,,0.0,
6c0237043827,1779966588988,ba43e845ddde0ab9,5,unknown,False,1.0,0.6572415938539778,0.49701450605465497,0.7525168694041402,0.5317213574431471,0.7048792316290591,0.514367931748901,0.050059348344802856,0.025286763906478882,0.5520827174186707,0.5845581591129303,514.1689852989537,241.68197357019488,,,,0.0,r03c03:c,0.16175893821630957,True,dwell_v1,0.0,,0.0,
6c0237043827,1779966589120,ba43e845ddde0ab9,5,unknown,False,1.0,0.664034734018628,0.49695248114788687,0.7590653669714991,0.5307432858258119,0.7115500504950636,0.5138478834868494,0.05019257962703705,0.025423914194107056,0.5524428635835648,0.5844964683055878,516.7226070500934,238.18896682988424,,,,0.0,r03c03:c,0.1566527193881329,True,dwell_v1,0.0,,0.0,
6c0237043827,1779966589222,ba43e845ddde0ab9,5,unknown,False,1.0,0.6138703486206996,0.4815961030327745,0.727292527637713,0.5154381900906753,0.6705814381292063,0.49851714656172486,0.05028662085533142,0.02474704384803772,0.5506554245948792,0.5845937728881836,522.8393126962105,239.64184384971645,,,,0.0,r03c03:c,0.15905134075622135,True,dwell_v1,0.0,,0.0,
6c0237043827,1779966589322,ba43e845ddde0ab9,5,unknown,False,1.0,0.4786089640623886,0.4846895063621844,0.5875968068919089,0.510259836544837,0.5331028854771487,0.49747467145351065,0.04932038486003876,0.023008108139038086,0.5434959232807159,0.5860641598701477,739.0021855478778,264.60855230043654,,,,0.0,r03c05:b,0.1923524926430209,True,dwell_v1,0.0,,0.0,
6c0237043827,1779966589452,ba43e845ddde0ab9,5,unknown,False,1.0,0.48560560503231104,0.4930421688424782,0.5801774615712164,0.5209095437689006,0.5328915333017638,0.5069758563056894,0.04928365349769592,0.023310452699661255,0.5426510125398636,0.5865612030029297,817.701784122163,248.71388279960462,,,,0.0,r02c05:h,0.2142521504523869,True,dwell_v1,0.0,,0.0,
6c0237043827,1779966589561,ba43e845ddde0ab9,5,unknown,False,1.0,0.49002513530037817,0.49496252858812695,0.5866324214278451,0.5231122045230648,0.5383287783641116,0.5090373665555958,0.04933345317840576,0.023361802101135254,0.5426461696624756,0.5866281390190125,835.5103267742213,242.37238893795904,,,,0.0,r03c06:n,0.15277406382174522,True,dwell_v1,0.0,,0.0,
6c0237043827,1779966589662,ba43e845ddde0ab9,5,unknown,False,1.0,0.4929846520916705,0.49528465196381594,0.5909759379095174,0.5215466092343995,0.541980295000594,0.5084156305991078,0.04936400055885315,0.023374944925308228,0.5426768064498901,0.5865932106971741,837.9082724982507,239.391722540118,,,,0.0,r01c06:u,0.15442343993470134,True,dwell_v1,0.0,,0.0,
6c0237043827,1779966589790,ba43e845ddde0ab9,5,unknown,False,1.0,0.494145111332969,0.49127436956081166,0.5967064348995894,0.5200014748687026,0.5454257731162793,0.5056379222147571,0.04954268038272858,0.0234052836894989,0.5426674485206604,0.5864657163619995,831.1941945417944,238.7401420662026,,,,0.0,r01c06:u,0.1567454805322799,True,dwell_v1,0.0,,0.0,
6c0237043827,1779966589890,ba43e845ddde0ab9,5,unknown,False,1.0,0.6310331194822779,0.4827191517176265,0.7123694145590475,0.5184088438632367,0.6717012670206627,0.5005639977904316,0.0497702956199646,0.02379554510116577,0.5482581853866577,0.5856781005859375,571.9723909595182,257.2873900823115,,,,0.0,r03c03:c,0.15248607444337514,True,dwell_v1,0.0,,0.0,
6c0237043827,1779966589990,ba43e845ddde0ab9,5,unknown,False,1.0,0.6306211352080958,0.49113643820830705,0.722835892754979,0.5275719403627359,0.6767285139815373,0.5093541892855215,0.04998499155044556,0.024440884590148926,0.5485638380050659,0.5853461921215057,552.5992300467822,253.90137192965912,,,,0.0,r03c03:c,0.16764701971101953,True,dwell_v1,0.0,,0.0,
6c0237043827,1779966590092,ba43e845ddde0ab9,5,unknown,False,1.0,0.5878034735202886,0.49582283544547695,0.7135505886379158,0.5321194927899735,0.6506770310791021,0.5139711641177253,0.05020362138748169,0.024902433156967163,0.5473076701164246,0.5848602652549744,564.0536240411918,245.61345922232988,,,,0.0,r03c03:c,0.14630519731651126,True,dwell_v1,0.0,,0.0,
6c0237043827,1779966590194,ba43e845ddde0ab9,5,unknown,False,1.0,0.48744064224301786,0.5068570980827397,0.585581954938262,0.5337965315329208,0.53651129859064,0.5203268148078303,0.04960307478904724,0.025664687156677246,0.5413227677345276,0.5840850174427032,719.3829438451295,227.68127944805636,,,,0.0,r01c05:y,0.1666925831437703,True,dwell_v1,0.0,,0.0,
6c0237043827,1779966590297,ba43e845ddde0ab9,5,unknown,False,1.0,0.4959241132312341,0.5261413902972041,0.5741963166058593,0.5500344822378721,0.5350602149185467,0.5380879362675381,0.049282416701316833,0.02653232216835022,0.5409024506807327,0.5839774906635284,717.1256095706225,224.4444188635571,,,,0.0,r01c05:y,0.17367582263914078,True,dwell_v1,0.0,,0.0,
6c0237043827,1779966590397,ba43e845ddde0ab9,5,unknown,False,1.0,0.4547578297771173,0.519578357359935,0.5387955866532701,0.5371360577009573,0.4967767082151937,0.5283572075304461,0.04965929687023163,0.026953965425491333,0.5387738794088364,0.583153635263443,721.374847476724,222.86039243893975,,,,0.0,r01c05:y,0.17465267954830202,True,dwell_v1,0.0,,0.0,
6c0237043827,1779966590498,ba43e845ddde0ab9,5,unknown,False,1.0,0.4508037387391859,0.5314754775628423,0.5279923214779276,0.5472957273547239,0.48939803010855676,0.5393856024587831,0.04977971315383911,0.02742120623588562,0.538243442773819,0.5829768478870392,718.7412435229622,222.8549823738088,,,,0.0,r01c05:y,0.17595972578952274,True,dwell_v1,0.0,,0.0,
6c0237043827,1779966590599,ba43e845ddde0ab9,5,unknown,False,1.0,0.5766405505666317,0.548664987002008,0.6406315608632936,0.56669517462469,0.6086360557149626,0.5576800808133491,0.05033379793167114,0.028066635131835938,0.5438390374183655,0.5833069682121277,696.2663920577505,224.31821591371576,,,,0.0,r02c05:h,0.21635037244887967,True,dwell_v1,0.0,,0.0,
6c0237043827,1779966590699,ba43e845ddde0ab9,5,unknown,False,1.0,0.6675946443369155,0.58408423504688,0.724989113679942,0.6155663783181184,0.6962918790084287,0.5998253066824992,0.05065338313579559,0.029218077659606934,0.5485791563987732,0.5851566195487976,664.0218466441414,228.2965952197401,,,,0.0,r01c05:y,0.1479247175130827,True,dwell_v1,0.0,,0.0,
6c0237043827,1779966590803,ba43e845ddde0ab9,5,unknown,False,1.0,0.6533109824449541,0.5878835641285448,0.7244737935986094,0.6128793545960051,0.6888923880217818,0.6003814593622749,0.05090409517288208,0.029086261987686157,0.5490583628416061,0.585676521062851,646.9979793862645,231.00091932601407,,,,0.0,r03c04:v,0.13974261774842642,True,dwell_v1,0.0,,0.0,
6c0237043827,1779966590934,ba43e845ddde0ab9,5,unknown,False,1.0,0.6487504966473743,0.5734682334274401,0.7245176204499303,0.5941800319398733,0.6866340585486523,0.5838241326836567,0.05061401426792145,0.02810347080230713,0.5497981160879135,0.5857158303260803,633.9537279577949,231.99509048106762,,,,0.0,r03c04:v,0.141419534799083,True,dwell_v1,0.0,,0.0,
6c0237043827,1779966591037,ba43e845ddde0ab9,5,unknown,False,1.0,0.6466523557840431,0.548696960774064,0.736361416593947,0.575519820948837,0.691506886188995,0.5621083908614506,0.050471559166908264,0.027027875185012817,0.5508943498134613,0.5857016742229462,625.3462603385249,231.0654569675997,,,,0.0,r03c04:v,0.13864164838972223,True,dwell_v1,0.0,,0.0,
6c0237043827,1779966591139,ba43e845ddde0ab9,5,unknown,False,1.0,0.6029597422436324,0.5325098625659673,0.7152937008537353,0.5556533462112483,0.6591267215486838,0.5440816043886079,0.04975920915603638,0.0251331627368927,0.5554938912391663,0.584352046251297,614.5800459420664,228.49343479182255,,,,0.0,r01c04:t,0.14694325075523368,True,dwell_v1,0.0,,0.0,
6c0237043827,1779966591240,ba43e845ddde0ab9,5,unknown,False,1.0,0.6318663961991603,0.5047446995837834,0.5619124709945497,0.17055544531235906,0.596889433596855,0.3376500724480712,0.04695017635822296,0.007548809051513672,0.5675979852676392,0.5836818814277649,613.820859304133,236.17799282880625,,,,0.0,r03c04:v,0.1410818566397272,True,dwell_v1,0.0,,0.0,
6c0237043827,1779966591342,ba43e845ddde0ab9,5,unknown,False,1.0,0.7465394219892031,0.3840665435183236,0.8123243128988885,0.15852353958589524,0.7794318674440458,0.27129504155210943,0.041454702615737915,0.0069036781787872314,0.607573002576828,0.5735704004764557,624.9636323951863,243.4258547160104,,,,0.0,r03c04:v,0.15495206289102692,True,dwell_v1,0.0,,0.0,
6c0237043827,1779966591444,ba43e845ddde0ab9,5,unknown,False,1.0,0.7706918782558616,0.5193274721210868,0.9397083044955565,0.5392509014026609,0.8552000913757091,0.5292891867618739,0.03651115298271179,0.017769604921340942,0.6383432149887085,0.5622013807296753,611.7358261359122,244.54690952421183,,,,0.0,r03c04:v,0.15081094236494794,True,dwell_v1,0.0,,0.0,
6c0237043827,1779966591546,ba43e845ddde0ab9,5,unknown,False,1.0,0.7389601163275626,0.5019888631757252,0.9193713292656629,0.5194247729198693,0.8291657227966127,0.5107068180477973,0.030960053205490112,0.015413373708724976,0.6490783393383026,0.5551298260688782,606.9644366941645,244.07752776354766,,,,0.0,r03c04:v,0.14737326406899204,True,dwell_v1,0.0,,0.0,
6c0237043827,1779966591646,ba43e845ddde0ab9,5,unknown,False,1.0,0.7271430102224711,0.5294477156548394,0.8810583507574639,0.524414452996529,0.8041006804899675,0.5269310843256843,0.029310762882232666,0.016246527433395386,0.6544528305530548,0.5472100079059601,606.6140983261159,243.89677418354663,,,,0.0,r03c04:v,0.14692083338563366,True,dwell_v1,0.0,,0.0,
6c0237043827,1779966591749,ba43e845ddde0ab9,5,unknown,False,1.0,0.7425560231610738,0.5466426665359266,0.9068084170054083,0.5397462286026941,0.8246822200832411,0.5431944475693103,0.027497708797454834,0.01537322998046875,0.6560416519641876,0.5437877476215363,607.5724338380257,243.62192824764904,,,,0.0,r03c04:v,0.14717964001248984,True,dwell_v1,0.0,,0.0,
6c0237043827,1779966591850,ba43e845ddde0ab9,5,unknown,False,1.0,0.7629133133844813,0.5661773545860515,0.9142364389945676,0.573089519585147,0.8385748761895244,0.5696334370855992,0.027092963457107544,0.0159129798412323,0.6530288755893707,0.5427128374576569,608.6492365276737,243.05913973429512,,,,0.0,r03c04:v,0.1471249260408693,True,dwell_v1,0.0,,0.0,
6c0237043827,1779966591985,ba43e845ddde0ab9,5,unknown,False,1.0,0.7683367375082212,0.5588846645337334,0.9095001873253732,0.5761658211284566,0.8389184624167971,0.5675252428310951,0.024986207485198975,0.015447854995727539,0.6446851491928101,0.5430589616298676,610.4711637603706,242.70608720867781,,,,0.0,r03c04:v,0.14774062987095654,True,dwell_v1,0.0,,0.0,
6c0237043827,1779966592085,ba43e845ddde0ab9,5,unknown,False,1.0,0.7766352619715371,0.5889057274403489,0.8805937989638254,0.5985699896757578,0.8286145304676813,0.5937378585580533,0.024651020765304565,0.014977961778640747,0.6363052427768707,0.5494337975978851,612.6373856797705,242.5422995101748,,,,0.0,r03c04:v,0.1487179070644256,True,dwell_v1,0.0,,0.0,
6c0237043827,1779966592197,ba43e845ddde0ab9,5,unknown,False,1.0,0.7465589561409692,0.563125896824227,0.8263825726512294,0.5615378188122742,0.7864707643960993,0.5623318578182506,0.02417638897895813,0.01501387357711792,0.6255578398704529,0.5575757622718811,614.0886536975952,242.7485830095849,,,,0.0,r03c04:v,0.14973222124035634,True,dwell_v1,0.0,,0.0,
6c0237043827,1779966592340,ba43e845ddde0ab9,5,unknown,False,1.0,0.7346614183177886,0.5515397414194388,0.8207105305355998,0.5488676507012347,0.7776859744266942,0.5502036960603367,0.024593740701675415,0.014410078525543213,0.6104196310043335,0.5601423680782318,615.1340801335857,243.21845999142482,,,,0.0,r03c04:v,0.15085704929334082,True,dwell_v1,0.0,,0.0,
6c0237043827,1779966592464,ba43e845ddde0ab9,5,unknown,False,1.0,0.711946988495441,0.5883877958143695,0.8023295845296223,0.5213140286687216,0.7571382865125317,0.5548509122415455,0.02509447932243347,0.01392441987991333,0.5991626977920532,0.5594429075717926,615.8845147182763,243.85933637736366,,,,0.0,r03c04:v,0.1520484282495634,True,dwell_v1,0.0,,0.0,
6c0237043827,1779966592564,ba43e845ddde0ab9,5,unknown,False,1.0,0.6461747494648123,0.41297058698697,0.6118790899114807,0.49725210003378,0.6290269196881465,0.45511134351037497,0.027169108390808105,0.006224244832992554,0.5879892706871033,0.559398889541626,620.9902240241345,246.2830443690881,,,,0.0,r03c04:v,0.1573878220787331,True,dwell_v1,0.0,,0.0,
6c0237043827,1779966592664,ba43e845ddde0ab9,5,unknown,False,1.0,0.46547150275963833,0.47492315567614596,0.5826705560572494,0.4936178414439284,0.5240710294084439,0.4842704985600372,0.028773248195648193,0.010792762041091919,0.5718138515949249,0.5514457523822784,627.0465390141145,248.21784893331096,,,,0.0,r03c04:v,0.16186156578987507,True,dwell_v1,0.0,,0.0,
6c0237043827,1779966592797,ba43e845ddde0ab9,5,unknown,False,1.0,0.5134814550900094,0.5220756420545747,0.6404723796687406,0.5199384661339705,0.5769769173793751,0.5210070540942726,0.03144499659538269,0.013916641473770142,0.5618787705898285,0.5483711957931519,627.9281741738802,247.6380184727848,,,,0.0,r03c04:v,0.16131429315234003,True,dwell_v1,0.0,,0.0,
6c0237043827,1779966592921,ba43e845ddde0ab9,5,unknown,False,1.0,0.43179107660273697,0.5504580035042261,0.5466159479067045,0.5517893466850141,0.48920351225472075,0.5511236750946201,0.03256526589393616,0.01421394944190979,0.553596019744873,0.5503804683685303,631.5744256513041,246.07697253890416,,,,0.0,r03c04:v,0.159966684885407,True,dwell_v1,0.0,,0.0,
6c0237043827,1779966593028,ba43e845ddde0ab9,5,unknown,False,1.0,0.4136266513764475,0.5155368099127918,0.5475045362042611,0.48700898059916364,0.4805655937903543,0.5012728952559777,0.03251883387565613,0.014807522296905518,0.5520507395267487,0.5518209934234619,634.2530509334907,246.59313442277016,,,,0.0,r03c04:v,0.16100325935405807,True,dwell_v1,0.0,,0.0,
6c0237043827,1779966593163,ba43e845ddde0ab9,5,unknown,False,1.0,0.42792007758313994,0.5142423298596792,0.5379421269832229,0.5222535971817431,0.48293110228318137,0.5182479635207111,0.03246253728866577,0.014940917491912842,0.5520188510417938,0.5563251376152039,636.15770661415,246.35297224380665,,,,0.0,r03c04:v,0.16083935312272638,True,dwell_v1,0.0,,0.0,
6c0237043827,1779966593307,ba43e845ddde0ab9,5,unknown,False,1.0,0.4150645992543856,0.5067286276108681,0.5279773622848803,0.5228333112670462,0.471520980769633,0.5147809694389571,0.032510966062545776,0.015912681818008423,0.5523584485054016,0.5610529780387878,638.0339480343814,246.43011622762117,,,,0.0,r03c04:v,0.1610200632212502,True,dwell_v1,0.0,,0.0,
6c0237043827,1779966593427,ba43e845ddde0ab9,5,unknown,False,1.0,0.4123479124274568,0.4989938399485655,0.5293052496765736,0.5139603985757832,0.47082658105201514,0.5064771192621744,0.032603561878204346,0.015725672245025635,0.5525804162025452,0.563050240278244,639.4826941249058,247.28148329413682,,,,0.0,r03c04:v,0.1621626357558689,True,dwell_v1,0.0,,0.0,
6c0237043827,1779966593530,ba43e845ddde0ab9,5,unknown,False,1.0,0.40597642737644496,0.5007474437638832,0.5186542911574863,0.515458039206742,0.46231535926696565,0.5081027414853126,0.0330827534198761,0.016113758087158203,0.5535384714603424,0.5649454295635223,640.3743551191228,247.51395573868004,,,,0.0,r03c04:v,0.16245478431764268,True,dwell_v1,0.0,,0.0,
6c0237043827,1779966593639,ba43e845ddde0ab9,5,unknown,False,1.0,0.39774454343120713,0.5029036095109763,0.5109949165083834,0.5190688127325649,0.45436972996979524,0.5109862111217707,0.03263941407203674,0.01577487587928772,0.5555894672870636,0.5662037432193756,641.1405249879895,247.70143108137057,,,,0.0,r03c04:v,0.16267562511453393,True,dwell_v1,0.0,,0.0,
52f0fef4bb60,1779967027311,ba43e845ddde0ab9,5,unknown,False,1.0,0.7138295111716804,0.5688789223892976,0.8221941216394935,0.5569839206639453,0.7680118164055869,0.5629314215266215,0.03127226233482361,0.013416379690170288,0.6137488782405853,0.5117101967334747,605.9812674702372,245.0930552617801,,,,0.0,r03c04:v,0.14801772226841908,True,dwell_v1,0.0,,0.0,
52f0fef4bb60,1779967027416,ba43e845ddde0ab9,5,unknown,False,1.0,0.6773640285034124,0.5756661991142373,0.7904748827994743,0.5631211986352174,0.7339194556514433,0.5693936988747273,0.026985615491867065,0.012831777334213257,0.623946338891983,0.5206949710845947,608.8802638494507,245.39815571969223,,,,0.0,r03c04:v,0.15024066862189075,True,dwell_v1,0.0,,0.0,
52f0fef4bb60,1779967027522,ba43e845ddde0ab9,5,unknown,False,1.0,0.6298998014558772,0.5353161047443866,0.7081097945999393,0.525085572448928,0.6690047980279082,0.5302008385966572,0.027094483375549316,0.012234508991241455,0.6206988990306854,0.5259770452976227,610.6692799328971,245.63617301953008,,,,0.0,r03c04:v,0.15160424319894,True,dwell_v1,0.0,,0.0,
52f0fef4bb60,1779967027630,ba43e845ddde0ab9,5,unknown,False,1.0,0.4235468825199107,0.5206829968035789,0.5665350824350406,0.5245242866324948,0.49504098247747563,0.5226036417180369,0.02863597869873047,0.013209432363510132,0.6068660616874695,0.527447521686554,615.0849346716151,245.66563698285142,,,,0.0,r03c04:v,0.15400591907119462,True,dwell_v1,0.0,,0.0,
52f0fef4bb60,1779967027734,ba43e845ddde0ab9,5,unknown,False,1.0,0.45355319900553887,0.5302839822963129,0.5846155523146306,0.5202517148710355,0.5190843756600847,0.5252678485836741,0.029248476028442383,0.013293921947479248,0.5979957580566406,0.5278786420822144,616.3743818045892,245.52206979262866,,,,0.0,r03c04:v,0.15443954965328424,True,dwell_v1,0.0,,0.0,
52f0fef4bb60,1779967027864,ba43e845ddde0ab9,5,unknown,False,1.0,0.5894546989207253,0.5720695030607201,0.7173782259530338,0.5473769887692619,0.6534164624368796,0.559723245914991,0.028789609670639038,0.01235923171043396,0.598169595003128,0.5301445424556732,614.1420724833438,245.38181999046643,,,,0.0,r03c04:v,0.15316565345646527,True,dwell_v1,0.0,,0.0,
52f0fef4bb60,1779967027966,ba43e845ddde0ab9,5,unknown,False,1.0,0.7614652938112174,0.5856788339721336,0.7321372087587501,0.5729361487078771,0.7468012512849838,0.5793074913400054,0.028984397649765015,0.012363165616989136,0.6030313372612,0.5341736972332001,610.9134189989444,245.50234705164698,,,,0.0,r03c04:v,0.15157328454311808,True,dwell_v1,0.0,,0.0,
52f0fef4bb60,1779967028073,ba43e845ddde0ab9,5,unknown,False,1.0,0.705482326516981,0.5780401860103331,0.8049644646031561,0.5649907969086977,0.7552233955600685,0.5715154914595154,0.026671558618545532,0.012168914079666138,0.6096267700195312,0.5378300249576569,609.6862444999094,245.7323267502818,,,,0.0,r03c04:v,0.1511509599932356,True,dwell_v1,0.0,,0.0,
52f0fef4bb60,1779967028204,ba43e845ddde0ab9,5,unknown,False,1.0,0.6680037761979611,0.5712341110195785,0.7515597383450688,0.5671078338736706,0.709781757271515,0.5691709724466245,0.02552264928817749,0.012182950973510742,0.6137066185474396,0.5420427620410919,610.1290565475081,245.98727780548643,,,,0.0,r03c04:v,0.1517379095624231,True,dwell_v1,0.0,,0.0,
52f0fef4bb60,1779967028310,ba43e845ddde0ab9,5,unknown,False,1.0,0.6803185899022752,0.5652367515049918,0.7475217132337231,0.5533039898579832,0.7139201515679992,0.5592703706814874,0.025198757648468018,0.012641936540603638,0.6167382001876831,0.5457574725151062,611.0885165105467,246.2099472580881,,,,0.0,r03c04:v,0.1525784132548187,True,dwell_v1,0.0,,0.0,
52f0fef4bb60,1779967028411,ba43e845ddde0ab9,5,unknown,False,1.0,0.7185407239231293,0.5558280609603331,0.7859312961147101,0.541886879894594,0.7522360100189197,0.5488574704274636,0.025344669818878174,0.013573169708251953,0.622063398361206,0.5544785857200623,611.3233446083507,246.44995001487393,,,,0.0,r03c04:v,0.15301910426674908,True,dwell_v1,0.0,,0.0,
52f0fef4bb60,1779967028511,ba43e845ddde0ab9,5,unknown,False,1.0,0.7184578809212894,0.5423825401711964,0.753589226220442,0.5477145497563831,0.7360235535708657,0.5450485449637897,0.024983912706375122,0.013032734394073486,0.6239790618419647,0.5608064830303192,611.6555639354671,246.7082959739899,,,,0.0,r03c04:v,0.1535374342973655,True,dwell_v1,0.0,,0.0,
52f0fef4bb60,1779967028617,ba43e845ddde0ab9,5,unknown,False,1.0,0.7134587168200613,0.5221958850031808,0.740207486291273,0.5235536375613349,0.7268331015556672,0.5228747612822578,0.025163263082504272,0.014383316040039062,0.6249721646308899,0.5650964379310608,612.6039161641554,246.9988085919473,,,,0.0,r03c04:v,0.15443519904334846,True,dwell_v1,0.0,,0.0,
52f0fef4bb60,1779967028718,ba43e845ddde0ab9,5,unknown,False,1.0,0.6972133391171594,0.7810327488249448,0.6447208984241274,0.6609637765880554,0.6709671187706434,0.7209982627065001,0.025888442993164062,0.00597795844078064,0.6243422627449036,0.578741580247879,615.678788547579,247.0317323974003,,,,0.0,r03c04:v,0.15606473904884965,True,dwell_v1,0.0,,0.0,
52f0fef4bb60,1779967028820,ba43e845ddde0ab9,5,unknown,False,1.0,0.386280953733382,0.4191119205130125,0.5089465138660497,0.4491328810464474,0.44761373379971586,0.43412240077972997,0.029079288244247437,0.014244318008422852,0.6125043332576752,0.5758284628391266,629.0212294554385,248.07766792608294,,,,0.0,r03c04:v,0.16214301513404267,True,dwell_v1,0.0,,0.0,
52f0fef4bb60,1779967028925,ba43e845ddde0ab9,5,unknown,False,1.0,0.43858127567353766,0.46755110546220774,0.5417514113367801,0.4985072653643302,0.49016634350515886,0.483029185413269,0.029522210359573364,0.016081124544143677,0.607984721660614,0.5762315392494202,627.6277567521634,248.16083467209543,,,,0.0,r03c04:v,0.16193228632903378,True,dwell_v1,0.0,,0.0,
52f0fef4bb60,1779967029032,ba43e845ddde0ab9,5,unknown,False,1.0,0.47191274701078445,0.4708143226329127,0.5789063054117314,0.471363966892348,0.5254095262112579,0.4710891447626303,0.029823273420333862,0.018308371305465698,0.6021499633789062,0.571697324514389,624.4388682498026,248.0077368549597,,,,0.0,r03c04:v,0.160843003373101,True,dwell_v1,0.0,,0.0,
52f0fef4bb60,1779967029165,ba43e845ddde0ab9,5,unknown,False,1.0,0.4564030509209371,0.5218106345959975,0.5632335013559453,0.5171396130520587,0.5098182761384412,0.519475123824028,0.02992752194404602,0.01564660668373108,0.5921641290187836,0.5646473467350006,618.3711769012695,247.407692172002,,,,0.0,r03c04:v,0.15779225930920548,True,dwell_v1,0.0,,0.0,
52f0fef4bb60,1779967029303,ba43e845ddde0ab9,5,unknown,False,1.0,0.40534418456480376,0.5331835250659465,0.49263103815215414,0.5244728263231105,0.448987611358479,0.5288281756945286,0.03158411383628845,0.01627171039581299,0.5803309381008148,0.5586617290973663,616.8687317215046,246.48645853687353,,,,0.0,r03c04:v,0.15592184146402246,True,dwell_v1,0.0,,0.0,
52f0fef4bb60,1779967029410,ba43e845ddde0ab9,5,unknown,False,1.0,0.4062926865471059,0.5423655183240894,0.5013788254032226,0.5347172968542294,0.45383575597516423,0.5385414075891595,0.031917423009872437,0.015938401222229004,0.5758892595767975,0.5537122488021851,613.7400292187735,245.77114748195697,,,,0.0,r03c04:v,0.1534610849748005,True,dwell_v1,0.0,,0.0,
52f0fef4bb60,1779967029545,ba43e845ddde0ab9,5,unknown,False,1.0,0.41193311012521505,0.5728050030296457,0.5015914119245627,0.5568493749359867,0.45676226102488887,0.5648271889828163,0.03185981512069702,0.01590743660926819,0.571647435426712,0.5495034158229828,611.8506512130763,245.11343569798248,,,,0.0,r03c04:v,0.15160175931758854,True,dwell_v1,0.0,,0.0,
52f0fef4bb60,1779967029677,ba43e845ddde0ab9,5,unknown,False,1.0,0.4258279330620001,0.5623722136948343,0.5174697642868863,0.5484861964622084,0.47164884867444323,0.5554292050785213,0.03127339482307434,0.015588253736495972,0.5695006251335144,0.5468393564224243,611.4665873586614,244.63864652761185,,,,0.0,r03c04:v,0.1507791804744216,True,dwell_v1,0.0,,0.0,
52f0fef4bb60,1779967029778,ba43e845ddde0ab9,5,unknown,False,1.0,0.4381326330282247,0.56390511140443,0.528948358222346,0.5541752188766604,0.48354049562528534,0.5590401651405452,0.03133693337440491,0.01500558853149414,0.567481517791748,0.5455963313579559,611.1990529990999,244.41510383282483,,,,0.0,r03c04:v,0.15034265945306205,True,dwell_v1,0.0,,0.0,
52f0fef4bb60,1779967029895,ba43e845ddde0ab9,5,unknown,False,1.0,0.4316121107121227,0.5461123931724992,0.5344144384329386,0.5347667801028166,0.4830132745725306,0.5404395866376579,0.031126856803894043,0.014731407165527344,0.5641292035579681,0.543989896774292,612.4169079227188,244.15639583461365,,,,0.0,r03c04:v,0.15068042202932821,True,dwell_v1,0.0,,0.0,
fcda08fdc4e0,1779967679081,ba43e845ddde0ab9,5,unknown,False,1.0,0.5432366509298928,0.46325145686796054,0.6309866363998292,0.4896046231129137,0.587111643664861,0.47642803999043715,0.045599907636642456,0.02190101146697998,0.5400862842798233,0.5190927088260651,662.9214419624783,220.94579497503017,,,,0.0,r01c05:y,0.1594328662993626,True,dwell_v1,0.0,,0.0,
fcda08fdc4e0,1779967679185,ba43e845ddde0ab9,5,unknown,False,1.0,0.5374224493925467,0.46035323968384195,0.6296475239964693,0.48644968574916037,0.583534986694508,0.4734014627165012,0.045624688267707825,0.02187451720237732,0.5397804528474808,0.5190159380435944,667.0495131347099,215.77426754419668,,,,0.0,r01c05:y,0.17289440208978493,True,dwell_v1,0.0,,0.0,
fcda08fdc4e0,1779967679289,ba43e845ddde0ab9,5,unknown,False,1.0,0.5336796625542888,0.45894950821297725,0.6286845313180436,0.4849869249138104,0.5811820969361662,0.4719682165633938,0.04576079547405243,0.021897941827774048,0.5396350920200348,0.5189651548862457,671.1348392719094,203.12456653445855,,,,0.0,r02c04:g,0.25201853108447464,True,dwell_v1,0.0,,0.0,
fcda08fdc4e0,1779967679395,ba43e845ddde0ab9,5,unknown,False,1.0,0.649015320498451,0.45884155025665646,0.7281926278783778,0.4852793801860182,0.6886039741884145,0.4720604652213373,0.04619704186916351,0.02196633815765381,0.5442326813936234,0.5189023017883301,502.25917377096073,200.01902045426397,,,,0.0,r01c03:r,0.23083980930134118,True,dwell_v1,0.0,,0.0,
fcda08fdc4e0,1779967679497,ba43e845ddde0ab9,5,unknown,False,1.0,0.6527417720003766,0.4622719233684488,0.7402628045167148,0.4876651676172439,0.6965022882585457,0.47496854549284634,0.046576544642448425,0.022244632244110107,0.544780045747757,0.518732339143753,366.0791294334229,188.71584473906637,,,,0.0,r02c02:d,0.18785032262076634,True,dwell_v1,0.0,,0.0,
fcda08fdc4e0,1779967679599,ba43e845ddde0ab9,5,unknown,False,1.0,0.5497243745882017,0.4686997485327027,0.6582287508946925,0.49613240872907,0.6039765627414471,0.4824160786308863,0.04624897241592407,0.021706998348236084,0.5408276319503784,0.519379198551178,501.88368086611547,224.4893113400762,,,,0.0,r01c03:r,0.1442077712234496,True,dwell_v1,0.0,,0.0,
fcda08fdc4e0,1779967679734,ba43e845ddde0ab9,5,unknown,False,1.0,0.5318854853546225,0.47321294282430537,0.6390399444128757,0.5005082695435652,0.5854627148837491,0.4868606061839353,0.04585494101047516,0.02165508270263672,0.5397506356239319,0.5196818113327026,509.44125619689146,234.41452413801716,,,,0.0,r03c03:c,0.14955378512720763,True,dwell_v1,0.0,,0.0,
fcda08fdc4e0,1779967679838,ba43e845ddde0ab9,5,unknown,False,1.0,0.5711006309668182,0.47413548872945116,0.6837095099241388,0.499887120098114,0.6274050704454786,0.4870113044137826,0.045940324664115906,0.021713674068450928,0.5414830893278122,0.5197513997554779,457.67035808542875,256.3592297122614,,,,0.0,r02c03:f,0.15996449302149884,True,dwell_v1,0.0,,0.0,
fcda08fdc4e0,1779967679938,ba43e845ddde0ab9,5,unknown,False,1.0,0.6088254450005176,0.4783252804631794,0.7102099534274373,0.5028083041062668,0.6595176992139775,0.4905667922847231,0.046068429946899414,0.021853089332580566,0.5427520424127579,0.5198879837989807,388.7425873310358,279.3186905298193,,,,0.0,r02c02:d,0.20469757228413635,True,dwell_v1,0.0,,0.0,
fcda08fdc4e0,1779967680044,ba43e845ddde0ab9,5,unknown,False,1.0,0.6245198214184029,0.47782260791522885,0.7181602662531289,0.5016024490530021,0.671340043835766,0.4897125284841155,0.04617352783679962,0.02196967601776123,0.5432340204715729,0.519927054643631,366.4755687643082,285.9151292608528,,,,0.0,r02c02:d,0.17960328101494147,True,dwell_v1,0.0,,0.0,
fcda08fdc4e0,1779967680147,ba43e845ddde0ab9,5,unknown,False,1.0,0.6339110047020543,0.4791988900054145,0.72704086495735,0.5011261875364568,0.6804759348297021,0.49016253877093563,0.04627734422683716,0.022069334983825684,0.543690025806427,0.5200269520282745,347.1019460270267,290.6264202611514,,,,0.0,r03c02:x,0.2347087188914264,True,dwell_v1,0.0,,0.0,
fcda08fdc4e0,1779967680277,ba43e845ddde0ab9,5,unknown,False,1.0,0.6345243373960868,0.4799780934515569,0.7281820444243515,0.4998091739617871,0.6813531909102192,0.489893633706672,0.04635745286941528,0.022337645292282104,0.5437529385089874,0.5202561914920807,334.46997924534475,293.41540615594744,,,,0.0,r02c01:s,0.16950166827710372,True,dwell_v1,0.0,,0.0,
fcda08fdc4e0,1779967680412,ba43e845ddde0ab9,5,unknown,False,1.0,0.633469311201763,0.4789401133404809,0.7291987334415955,0.49742582554272397,0.6813340223216793,0.48818296944160244,0.0463981032371521,0.02227705717086792,0.5437533855438232,0.520332932472229,316.9957368157961,295.4102760280566,,,,0.0,r02c01:s,0.1803754316042221,True,dwell_v1,0.0,,0.0,
fcda08fdc4e0,1779967680543,ba43e845ddde0ab9,5,unknown,False,1.0,0.634398701003931,0.4782543467865191,0.7290950043135347,0.4959498242968699,0.6817468526587329,0.48710208554169454,0.04644753038883209,0.022293269634246826,0.5437184572219849,0.5203918516635895,303.06605207763397,293.58315226122465,,,,0.0,r02c01:s,0.18722812873579547,True,dwell_v1,0.0,,0.0,
fcda08fdc4e0,1779967680648,ba43e845ddde0ab9,5,unknown,False,1.0,0.6335193779330255,0.4777408346913306,0.7284823224701007,0.4940871527642673,0.6810008502015631,0.485913993727799,0.04647928476333618,0.02226877212524414,0.5437059998512268,0.5204362273216248,296.67279114342864,287.8709472117479,,,,0.0,r02c01:s,0.19415190257461906,True,dwell_v1,0.0,,0.0,
fcda08fdc4e0,1779967680750,ba43e845ddde0ab9,5,unknown,False,1.0,0.6317874684842445,0.477267563124764,0.7272680002043801,0.4931585297894143,0.6795277343443122,0.4852130464570892,0.04653441905975342,0.022197455167770386,0.5437319427728653,0.5204826295375824,291.4046717969474,280.65021340495167,,,,0.0,r02c01:s,0.2016054299122823,True,dwell_v1,0.0,,0.0,
fcda08fdc4e0,1779967680882,ba43e845ddde0ab9,5,unknown,False,1.0,0.6288360957772321,0.4773042037854706,0.7276291744971454,0.49302700038749336,0.6782326351371888,0.48516560208648196,0.04660072922706604,0.022168278694152832,0.543764129281044,0.5205291509628296,287.76334117457793,276.1999248208926,,,,0.0,r02c01:s,0.2055582102257651,True,dwell_v1,0.0,,0.0,
fcda08fdc4e0,1779967680985,ba43e845ddde0ab9,5,unknown,False,1.0,0.6285709837564697,0.4772106673872945,0.7287014373138624,0.49190475435780284,0.678636210535166,0.4845577108725487,0.046565860509872437,0.022121846675872803,0.5438299477100372,0.5205433368682861,283.6967711521501,272.38201423654596,,,,0.0,r02c01:s,0.26202807395861993,True,dwell_v1,0.0,,0.0,
fcda08fdc4e0,1779967681113,ba43e845ddde0ab9,5,unknown,False,1.0,0.5433953739651506,0.4716175199785721,0.6494931982348625,0.49593113708557446,0.5964442861000065,0.48377432853207325,0.046095579862594604,0.021550267934799194,0.5403673648834229,0.520523875951767,415.2407465791994,261.55083562721956,,,,0.0,r03c02:x,0.1994920891751609,True,dwell_v1,0.0,,0.0,
fcda08fdc4e0,1779967681217,ba43e845ddde0ab9,5,unknown,False,1.0,0.4835497841191594,0.4701486577167393,0.5888044924266814,0.49506383203062143,0.5361771382729204,0.48260624487368037,0.04569485783576965,0.021163135766983032,0.537546381354332,0.5203983783721924,670.4664616382704,241.75771317491774,,,,0.0,r03c04:v,0.14484941117788422,True,dwell_v1,0.0,,0.0,
fcda08fdc4e0,1779967681320,ba43e845ddde0ab9,5,unknown,False,1.0,0.4888247650610903,0.4683662959576906,0.5890037710828395,0.49322354141318275,0.538914268071965,0.48079491868543667,0.04578202962875366,0.02108532190322876,0.5375221520662308,0.520325630903244,699.3191535250427,238.77298484514307,,,,0.0,r02c04:g,0.2108959683859496,True,dwell_v1,0.0,,0.0,
fcda08fdc4e0,1779967681422,ba43e845ddde0ab9,5,unknown,False,1.0,0.4575930076521291,0.4686426841842285,0.5732064998600911,0.49045201500497104,0.5153997537561101,0.47954734959459977,0.045756980776786804,0.020892292261123657,0.5365259945392609,0.5201059281826019,789.3844334626544,230.57547151151167,,,,0.0,r01c06:u,0.15008418048989214,True,dwell_v1,0.0,,0.0,
fcda08fdc4e0,1779967681524,ba43e845ddde0ab9,5,unknown,False,1.0,0.44492912803995627,0.46930839005585234,0.5617623766630441,0.49036902945841004,0.5033457523515001,0.47983870975713117,0.04588499665260315,0.02089056372642517,0.536013275384903,0.5200766324996948,821.0319101313866,227.19720757732438,,,,0.0,r01c06:u,0.17721496509879445,True,dwell_v1,0.0,,0.0,
fcda08fdc4e0,1779967681626,ba43e845ddde0ab9,5,unknown,False,1.0,0.4407775093825544,0.46988621405797526,0.5580042463945829,0.4917004675491727,0.4993908778885686,0.48079334080357394,0.04595574736595154,0.020938992500305176,0.5358095020055771,0.5200611650943756,829.2816375133932,225.8469574818689,,,,0.0,r01c06:u,0.18004557022813297,True,dwell_v1,0.0,,0.0,
fcda08fdc4e0,1779967681753,ba43e845ddde0ab9,5,unknown,False,1.0,0.43007622913341687,0.4793841037169341,0.5452454249774243,0.5030143117887835,0.4876608270554206,0.4911992077528588,0.046207547187805176,0.021455764770507812,0.5351808667182922,0.51993328332901,699.0335501155162,240.58965141299265,,,,0.0,r02c04:g,0.2108874872767673,True,dwell_v1,0.0,,0.0,
fcda08fdc4e0,1779967681859,ba43e845ddde0ab9,5,unknown,False,1.0,0.42989220325503036,0.49369092292671496,0.5413308039935508,0.5126293602976557,0.4856115036242906,0.5031601416121854,0.04635706543922424,0.022060871124267578,0.5350011587142944,0.5197828710079193,658.6484637696516,245.30820009769477,,,,0.0,r03c04:v,0.1554993681977321,True,dwell_v1,0.0,,0.0,
fcda08fdc4e0,1779967681963,ba43e845ddde0ab9,5,unknown,False,1.0,0.43028475458166754,0.49203194723423144,0.5389535359818042,0.513695929733131,0.4846191452817359,0.5028639384836813,0.04640848934650421,0.022196471691131592,0.5349465012550354,0.5196934342384338,633.4634900328568,248.01947779482526,,,,0.0,r03c04:v,0.16281118562802513,True,dwell_v1,0.0,,0.0,
fcda08fdc4e0,1779967682067,ba43e845ddde0ab9,5,unknown,False,1.0,0.4299482604344955,0.49286682376497587,0.5385365265959517,0.514581975469574,0.48424239351522363,0.5037243996172749,0.046507999300956726,0.022315144538879395,0.5348866581916809,0.519645094871521,618.7038260581567,249.4975481835607,,,,0.0,r03c04:v,0.16065104180990394,True,dwell_v1,0.0,,0.0,
fcda08fdc4e0,1779967682195,ba43e845ddde0ab9,5,unknown,False,1.0,0.47299609706748236,0.49443948115129094,0.5440871295983388,0.5150133249130739,0.5085416133329106,0.5047264030321824,0.04644906520843506,0.02243483066558838,0.5359232723712921,0.5195713937282562,605.415084528744,250.73975044943495,,,,0.0,r03c04:v,0.1547043863317507,True,dwell_v1,0.0,,0.0,
fcda08fdc4e0,1779967682305,ba43e845ddde0ab9,5,unknown,False,1.0,0.581316773206293,0.492807312646802,0.6698077981993936,0.5158327528664068,0.6255622857028433,0.5043200327566044,0.046005114912986755,0.022391080856323242,0.5411618202924728,0.5193512439727783,567.5960240086046,254.92629303266617,,,,0.0,r03c03:c,0.1545817804415292,True,dwell_v1,0.0,,0.0,
fcda08fdc4e0,1779967682406,ba43e845ddde0ab9,5,unknown,False,1.0,0.5874499889071041,0.5036939886086593,0.6779811211290034,0.5251463596430923,0.6327155550180538,0.5144201741258758,0.04616671800613403,0.023037254810333252,0.541660338640213,0.5190536677837372,551.2550011012831,255.97698263638466,,,,0.0,r03c03:c,0.1716635699690562,True,dwell_v1,0.0,,0.0,
fcda08fdc4e0,1779967682540,ba43e845ddde0ab9,5,unknown,False,1.0,0.6180069637362373,0.5020412135616488,0.6921461411564539,0.5246418818056328,0.6550765524463456,0.5133415476836407,0.04631085693836212,0.023760586977005005,0.5425792336463928,0.518270343542099,549.7737704699096,254.86261440575058,,,,0.0,r03c03:c,0.17124011637566447,True,dwell_v1,0.0,,0.0,
fcda08fdc4e0,1779967682643,ba43e845ddde0ab9,5,unknown,False,1.0,0.6649573030538068,0.5051727626980591,0.7322982582876426,0.5269300614955453,0.6986277806707247,0.5160514120968023,0.0469498485326767,0.025824636220932007,0.5443309545516968,0.516164630651474,542.0048407089766,253.03631438899959,,,,0.0,r03c03:c,0.1737603896840155,True,dwell_v1,0.0,,0.0,
fcda08fdc4e0,1779967682752,ba43e845ddde0ab9,5,unknown,False,1.0,0.6711688324953369,0.5201586698626529,0.7327975307108557,0.5389653865678553,0.7019831816030964,0.5295620282152541,0.04719911515712738,0.02633155882358551,0.5445074737071991,0.5159841477870941,554.3341437920762,251.15614896960727,,,,0.0,r03c03:c,0.16238616330289574,True,dwell_v1,0.0,,0.0,
fcda08fdc4e0,1779967682854,ba43e845ddde0ab9,5,unknown,False,1.0,0.6689649908406269,0.5203222206129741,0.7309692165467437,0.5411396323880624,0.6999671036936853,0.5307309265005182,0.04737946391105652,0.026381880044937134,0.5444673746824265,0.5162925720214844,561.5134758260926,250.13792851486664,,,,0.0,r03c03:c,0.15463012641936694,True,dwell_v1,0.0,,0.0,
fcda08fdc4e0,1779967682955,ba43e845ddde0ab9,5,unknown,False,1.0,0.6673950336173553,0.524215982373368,0.729544021651584,0.5413665133059196,0.6984695276344697,0.5327912478396437,0.04738879203796387,0.026274144649505615,0.5444781631231308,0.5168591737747192,566.9801993515422,249.65015437728792,,,,0.0,r03c03:c,0.1485926586157217,True,dwell_v1,0.0,,0.0,
fcda08fdc4e0,1779967683055,ba43e845ddde0ab9,5,unknown,False,1.0,0.6651352458286589,0.5172731624909892,0.7307710000062162,0.5337938481550581,0.6979531229174376,0.5255335053230237,0.047401875257492065,0.02532714605331421,0.5444561243057251,0.5178461670875549,566.3820131626163,249.8395896607583,,,,0.0,r03c03:c,0.14944623405878307,True,dwell_v1,0.0,,0.0,
fcda08fdc4e0,1779967683159,ba43e845ddde0ab9,5,unknown,False,1.0,0.6490696042168529,0.5073688427273862,0.7293785771438115,0.5218582209994749,0.6892240906803322,0.5146135318634306,0.04728133976459503,0.02404990792274475,0.5440725535154343,0.5188465714454651,556.3306892843314,251.08733205512095,,,,0.0,r03c03:c,0.16060540222834016,True,dwell_v1,0.0,,0.0,
fcda08fdc4e0,1779967683268,ba43e845ddde0ab9,5,unknown,False,1.0,0.5886702808423651,0.48078482882914747,0.6957769434605138,0.4932021535447531,0.6422236121514394,0.4869934911869503,0.046792685985565186,0.0215931236743927,0.5421045422554016,0.520122617483139,398.50260739485424,273.3767959490402,,,,0.0,r02c02:d,0.26842114692682856,True,dwell_v1,0.0,,0.0,
fcda08fdc4e0,1779967683402,ba43e845ddde0ab9,5,unknown,False,1.0,0.5830834149188451,0.48058253597649925,0.6797227883986756,0.4966158643753596,0.6314031016587603,0.4885992001759294,0.04642650485038757,0.02143457531929016,0.541679710149765,0.52045738697052,366.99135262163037,282.8147601379018,,,,0.0,r02c02:d,0.18256919471556426,True,dwell_v1,0.0,,0.0,
fcda08fdc4e0,1779967683506,ba43e845ddde0ab9,5,unknown,False,1.0,0.5806981090284634,0.4817233415306154,0.678368604120491,0.49887362080211356,0.6295333565744772,0.4902984811663645,0.04630860686302185,0.021516472101211548,0.5417628884315491,0.5204973816871643,353.39962494992966,291.24238102337165,,,,0.0,r03c01:z,0.23511853040824882,True,dwell_v1,0.0,,0.0,
fcda08fdc4e0,1779967683606,ba43e845ddde0ab9,5,unknown,False,1.0,0.5664642450658802,0.47614876540792944,0.6701726430730518,0.4970069959043102,0.618318444069466,0.48657788065611984,0.046121060848236084,0.021398723125457764,0.5415134727954865,0.5203697681427002,358.33921474373255,292.13998383278454,,,,0.0,r03c01:z,0.1774169793859489,True,dwell_v1,0.0,,0.0,
fcda08fdc4e0,1779967683706,ba43e845ddde0ab9,5,unknown,False,1.0,0.5450598482781878,0.4609692843233471,0.6466094559835629,0.49158852994509933,0.5958346521308753,0.4762789071342232,0.04591263830661774,0.021324604749679565,0.540742963552475,0.5200114846229553,609.3036859654195,242.8418877035487,,,,0.0,r03c04:v,0.14723815594117545,True,dwell_v1,0.0,,0.0,
fcda08fdc4e0,1779967683816,ba43e845ddde0ab9,5,unknown,False,1.0,0.48396018957079817,0.45926444565983404,0.6094419171690898,0.4818477978677967,0.546701053369944,0.47055612176381534,0.045757368206977844,0.020927846431732178,0.5386233031749725,0.5196471810340881,758.133021631179,242.46232788951312,,,,0.0,r03c05:b,0.16366522943811174,True,dwell_v1,0.0,,0.0,
fcda08fdc4e0,1779967683918,ba43e845ddde0ab9,5,unknown,False,1.0,0.4525102624127855,0.46151244608131153,0.5616213170286217,0.48424887307774755,0.5070657897207036,0.4728806595795295,0.04587244987487793,0.021461009979248047,0.536740854382515,0.5190079212188721,941.131599327721,225.30218441589312,,,,0.0,r01c07:i,0.18085066317181991,True,dwell_v1,0.0,,0.0,
fcda08fdc4e0,1779967684020,ba43e845ddde0ab9,5,unknown,False,1.0,0.45114582471440184,0.46956126773829593,0.5597780888650805,0.49140733125074143,0.5054619567897412,0.48048429949451865,0.045965373516082764,0.021859467029571533,0.5366245359182358,0.5187750458717346,883.9184999429322,208.52408362704125,,,,0.0,r01c06:u,0.16758725532033075,True,dwell_v1,0.0,,0.0,
fcda08fdc4e0,1779967684126,ba43e845ddde0ab9,5,unknown,False,1.0,0.45003944705519155,0.47440236747187314,0.5562715897253723,0.49461846671730936,0.5031555183902819,0.48451041709459125,0.046034589409828186,0.022124022245407104,0.5367801934480667,0.518616259098053,784.5182758285869,217.97086593403588,,,,0.0,r01c06:u,0.1650990841497172,True,dwell_v1,0.0,,0.0,
fcda08fdc4e0,1779967684242,ba43e845ddde0ab9,5,unknown,False,1.0,0.45632338283709817,0.48146079650848195,0.5538806251594511,0.5003266459988834,0.5051020039982747,0.4908937212536827,0.0461384654045105,0.022241324186325073,0.5384684503078461,0.5184827744960785,671.9518798713583,234.60739003844697,,,,0.0,r01c05:y,0.14398401750868015,True,dwell_v1,0.0,,0.0,
fcda08fdc4e0,1779967684378,ba43e845ddde0ab9,5,unknown,False,1.0,0.43077417557970293,0.4899810350217849,0.5347307250755455,0.504368615741382,0.48275245032762426,0.4971748253815835,0.04604141414165497,0.022525757551193237,0.5402238219976425,0.5176592469215393,632.9062222883883,241.79832167748276,,,,0.0,r03c04:v,0.15444509998718198,True,dwell_v1,0.0,,0.0,
fcda08fdc4e0,1779967684486,ba43e845ddde0ab9,5,unknown,False,1.0,0.4188864594202815,0.47469493405645263,0.5357390587579482,0.49111048346852854,0.47731275908911486,0.4829027087624906,0.045901983976364136,0.022517472505569458,0.5416463017463684,0.5159504115581512,683.7699867389629,228.40226809659373,,,,0.0,r01c05:y,0.16323669187695866,True,dwell_v1,0.0,,0.0,
fcda08fdc4e0,1779967684589,ba43e845ddde0ab9,5,unknown,False,1.0,0.43516149367745766,0.47939616533001095,0.5318784924003777,0.5003403661695662,0.4835199930389177,0.4898682657497886,0.04498416185379028,0.021603181958198547,0.5450326353311539,0.5108897387981415,670.4433968620757,229.34344014997157,,,,0.0,r01c05:y,0.15188595117198567,True,dwell_v1,0.0,,0.0,
fcda08fdc4e0,1779967684691,ba43e845ddde0ab9,5,unknown,False,1.0,0.43803097732294216,0.49724806026612617,0.5323638164162439,0.5135895976832552,0.485197396869593,0.5054188289746907,0.04443901777267456,0.0212811678647995,0.5487580895423889,0.5064639151096344,639.0570946757317,235.29696656801508,,,,0.0,r03c04:v,0.1461022391085545,True,dwell_v1,0.0,,0.0,
fcda08fdc4e0,1779967684795,ba43e845ddde0ab9,5,unknown,False,1.0,0.44034144374503326,0.49012190013274193,0.5340992005575639,0.5107919440583839,0.48722032215129857,0.5004569220955629,0.043803632259368896,0.020879894495010376,0.5517576634883881,0.5009047985076904,627.4463090928449,237.5900992701531,,,,0.0,r03c04:v,0.1478364937252676,True,dwell_v1,0.0,,0.0,
fcda08fdc4e0,1779967684902,ba43e845ddde0ab9,5,unknown,False,1.0,0.4283212242113491,0.5059126971805564,0.5234880554871834,0.5268537228252433,0.47590463984926623,0.5163832100028999,0.042318135499954224,0.020569801330566406,0.5557257235050201,0.4954049736261368,621.7153936900402,239.4639425495326,,,,0.0,r03c04:v,0.14866963382733855,True,dwell_v1,0.0,,0.0,
cb61316aff22,1779968763198,ba43e845ddde0ab9,5,unknown,False,1.0,0.5523057891357793,0.4649532795395348,0.6476089960246706,0.49324192588800464,0.599957392580225,0.4790976027137697,0.04411500692367554,0.021545827388763428,0.4998858869075775,0.5960325300693512,780.9958433860351,230.16231993182438,,,,0.0,r01c06:u,0.14160800801018492,True,dwell_v1,0.0,,0.0,
cb61316aff22,1779968763332,ba43e845ddde0ab9,5,unknown,False,1.0,0.5163382874573569,0.46010513379787804,0.6379815044163581,0.4866925330012415,0.5771598959368576,0.4733988333995598,0.04504455626010895,0.021592050790786743,0.4983849823474884,0.5956979393959045,794.4281878355438,226.10665981653838,,,,0.0,r01c06:u,0.1625302292888558,True,dwell_v1,0.0,,0.0,
cb61316aff22,1779968763432,ba43e845ddde0ab9,5,unknown,False,1.0,0.5805557160187165,0.46719441923887034,0.7139156982232744,0.494419419940481,0.6472357071209954,0.4808069195896757,0.04538300633430481,0.021382629871368408,0.5007491409778595,0.5941438972949982,729.9904864698556,235.6812677942509,,,,0.0,r01c05:y,0.1468950992980248,True,dwell_v1,0.0,,0.0,
cb61316aff22,1779968763535,ba43e845ddde0ab9,5,unknown,False,1.0,0.6182156437582182,0.4789949268539468,0.7514177648872163,0.5022566906108957,0.6848167043227174,0.49062580873242123,0.04581671953201294,0.021855205297470093,0.5020398199558258,0.5928479135036469,456.34110469665063,258.65659694673036,,,,0.0,r03c02:x,0.16414872852676018,True,dwell_v1,0.0,,0.0,
cb61316aff22,1779968763674,ba43e845ddde0ab9,5,unknown,False,1.0,0.6268076225810532,0.4852610235957309,0.75985426179542,0.5080882720713085,0.6933309421882365,0.49667464783351967,0.04604098200798035,0.022021502256393433,0.5017375349998474,0.5921620428562164,456.5533794290336,249.4974182048523,,,,0.0,r02c03:f,0.15953491900405048,True,dwell_v1,0.0,,0.0,
cb61316aff22,1779968763775,ba43e845ddde0ab9,5,unknown,False,1.0,0.6324474371430674,0.48288641865993404,0.7617256662939148,0.5096824525368674,0.6970865517184911,0.49628443559840074,0.04607272148132324,0.021910876035690308,0.5017015039920807,0.5922889411449432,454.0671274824097,244.93525011332483,,,,0.0,r02c03:f,0.15591328730127524,True,dwell_v1,0.0,,0.0,
cb61316aff22,1779968763881,ba43e845ddde0ab9,5,unknown,False,1.0,0.6330765138377288,0.4836600889320798,0.7614374644107662,0.5120063495611299,0.6972569891242475,0.49783321924660484,0.046051740646362305,0.02185496687889099,0.5017659813165665,0.5924907028675079,457.1275939259533,242.4445048651052,,,,0.0,r02c03:f,0.1615864195913737,True,dwell_v1,0.0,,0.0,
cb61316aff22,1779968763987,ba43e845ddde0ab9,5,unknown,False,1.0,0.5393299198632162,0.47808092712870526,0.6543583250402585,0.5063890403414998,0.5968441224517373,0.49223498373510255,0.045291200280189514,0.021321386098861694,0.498191237449646,0.592783659696579,608.1771766228605,271.895736683802,,,,0.0,r02c04:g,0.22886165190970886,True,dwell_v1,0.0,,0.0,
cb61316aff22,1779968764095,ba43e845ddde0ab9,5,unknown,False,1.0,0.5142265220483534,0.481143457108946,0.6380014427003535,0.5068568851015304,0.5761139823743535,0.4940001711052382,0.04540896415710449,0.021347135305404663,0.49759748578071594,0.5930487513542175,624.8991525567436,278.1865527654913,,,,0.0,r02c04:g,0.18266174804140842,True,dwell_v1,0.0,,0.0,
cb61316aff22,1779968764195,ba43e845ddde0ab9,5,unknown,False,1.0,0.512188805959511,0.4809354202207386,0.627633119028528,0.5055950299107809,0.5699109624940195,0.49326522506575976,0.04536999762058258,0.021476387977600098,0.4977487474679947,0.5933592021465302,640.8269995976476,282.89896620158515,,,,0.0,r02c04:g,0.17971273818676384,True,dwell_v1,0.0,,0.0,
cb61316aff22,1779968764299,ba43e845ddde0ab9,5,unknown,False,1.0,0.5062453574802595,0.4837208254610063,0.6250600556420771,0.5067400247595101,0.5656527065611683,0.49523042511025817,0.04542110860347748,0.02165454626083374,0.49789859354496,0.5935277044773102,639.1214314121356,280.0796303430927,,,,0.0,r02c04:g,0.18286471602180498,True,dwell_v1,0.0,,0.0,
cb61316aff22,1779968764405,ba43e845ddde0ab9,5,unknown,False,1.0,0.5045930541169922,0.4904645848590718,0.6256601124041128,0.5101987695310778,0.5651265832605525,0.5003316771950748,0.045449867844581604,0.021744579076766968,0.497967004776001,0.5937272310256958,629.2564525608428,273.86880663947125,,,,0.0,r02c04:g,0.2385227466152058,True,dwell_v1,0.0,,0.0,
cb61316aff22,1779968764514,ba43e845ddde0ab9,5,unknown,False,1.0,0.5557118267957354,0.485899377227238,0.708964496859672,0.5041174676484684,0.6323381618277037,0.49500842243785326,0.04548332095146179,0.02141439914703369,0.5007717460393906,0.5939337611198425,609.2219500189357,269.0263049398304,,,,0.0,r03c04:v,0.22799565688471202,True,dwell_v1,0.0,,0.0,
cb61316aff22,1779968764650,ba43e845ddde0ab9,5,unknown,False,1.0,0.6261702853281927,0.48264850640887275,0.7577526721763698,0.5019322388029289,0.6919614787522812,0.4922903726059008,0.045532479882240295,0.021200239658355713,0.5033051669597626,0.5942066311836243,480.8838399210698,264.03793126076243,,,,0.0,r03c03:c,0.1768356718550455,True,dwell_v1,0.0,,0.0,
cb61316aff22,1779968764750,ba43e845ddde0ab9,5,unknown,False,1.0,0.6357913618877926,0.48426828403235445,0.7625321096848353,0.5034296925727326,0.699161735786314,0.49384898830254353,0.045542821288108826,0.021274447441101074,0.5036647170782089,0.5943593680858612,470.3285841152243,259.27689229333356,,,,0.0,r02c02:d,0.21124126504069596,True,dwell_v1,0.0,,0.0,
cb61316aff22,1779968764862,ba43e845ddde0ab9,5,unknown,False,1.0,0.6287690762165733,0.4841947364918411,0.7573230627893007,0.5039841994142886,0.693046069502937,0.49408946795306485,0.04565291106700897,0.021367430686950684,0.5035806596279144,0.5946929454803467,465.2507481024736,256.7022075447481,,,,0.0,r02c03:f,0.2197000576916044,True,dwell_v1,0.0,,0.0,
cb61316aff22,1779968764996,ba43e845ddde0ab9,5,unknown,False,1.0,0.623436607355673,0.4860611855620479,0.7554347955822024,0.5063581241140079,0.6894357014689376,0.4962096548380279,0.04569181799888611,0.021375000476837158,0.5036122053861618,0.5949586629867554,473.3670894707549,254.15495916070682,,,,0.0,r02c02:d,0.1615747984955145,True,dwell_v1,0.0,,0.0,
cb61316aff22,1779968765099,ba43e845ddde0ab9,5,unknown,False,1.0,0.6209150221812192,0.4881338276045884,0.7546418032507206,0.5083946150557885,0.6877784127159698,0.49826422133018844,0.04573793709278107,0.021458089351654053,0.5036117285490036,0.5951118469238281,484.95053235695815,252.77755709960434,,,,0.0,r03c03:c,0.1638486434091953,True,dwell_v1,0.0,,0.0,
cb61316aff22,1779968765231,ba43e845ddde0ab9,5,unknown,False,1.0,0.6189733219106603,0.4881607604229388,0.7523759517607654,0.508538408407978,0.685674636835713,0.4983495844154584,0.045744314789772034,0.021441012620925903,0.5034982860088348,0.5952178537845612,495.5079497394183,251.99022222428874,,,,0.0,r03c03:c,0.17061189847839262,True,dwell_v1,0.0,,0.0,
cb61316aff22,1779968765334,ba43e845ddde0ab9,5,unknown,False,1.0,0.5640800359925173,0.4785723442476388,0.6847579693034238,0.5009182473238378,0.6244190026479706,0.48974529578573833,0.04555359482765198,0.020997315645217896,0.5009290724992752,0.5954325199127197,560.3782855517194,272.6890579817399,,,,0.0,r02c03:f,0.23064154481150287,True,dwell_v1,0.0,,0.0,
cb61316aff22,1779968765462,ba43e845ddde0ab9,5,unknown,False,1.0,0.47106459410385376,0.4669600044506032,0.6027824353917667,0.49009398790989706,0.5369235147478102,0.47852699618025013,0.045426011085510254,0.020668476819992065,0.49686530232429504,0.5955199897289276,885.6342479540098,224.93579782857253,,,,0.0,r01c06:u,0.14094239777948986,True,dwell_v1,0.0,,0.0,
cb61316aff22,1779968765572,ba43e845ddde0ab9,5,unknown,False,1.0,0.4570756866409487,0.46390080676616097,0.5935005725802843,0.48539696062694476,0.5252881296106165,0.4746488836965529,0.04535685479640961,0.020519286394119263,0.4961031377315521,0.5955747365951538,898.304514091604,216.2617571356247,,,,0.0,r01c07:i,0.15280625858926433,True,dwell_v1,0.0,,0.0,
cb61316aff22,1779968765709,ba43e845ddde0ab9,5,unknown,False,1.0,0.4306328984341266,0.4644383071558502,0.5646221639655741,0.48075918971537324,0.49762753119985037,0.4725987484356117,0.04536601901054382,0.020291894674301147,0.49456876516342163,0.5953833758831024,894.3173264934857,213.73967858507717,,,,0.0,r01c07:i,0.15057328012175006,True,dwell_v1,0.0,,0.0,
cb61316aff22,1779968765814,ba43e845ddde0ab9,5,unknown,False,1.0,0.43107930125027233,0.4623334239869459,0.5613048265581949,0.47728451644631453,0.49619206390423365,0.4698089702166302,0.04547567665576935,0.02029433846473694,0.49416105449199677,0.5952470898628235,868.2970701813213,217.49324135148643,,,,0.0,r01c06:u,0.17232733081786467,True,dwell_v1,0.0,,0.0,
cb61316aff22,1779968765946,ba43e845ddde0ab9,5,unknown,False,1.0,0.42952015644084346,0.46018843849278335,0.5572842291936384,0.4745465952697083,0.49340219281724096,0.46736751688124584,0.04540184140205383,0.020444363355636597,0.4939151704311371,0.595160722732544,847.3350601965556,220.62381011302486,,,,0.0,r01c06:u,0.18395075585252682,True,dwell_v1,0.0,,0.0,
cb61316aff22,1779968766055,ba43e845ddde0ab9,5,unknown,False,1.0,0.42795557827537767,0.45840468305476056,0.555856548569626,0.471476714702956,0.4919060634225018,0.46494069887885825,0.04541490972042084,0.02066400647163391,0.4938700795173645,0.5949961245059967,820.6810997884456,224.71344357282683,,,,0.0,r01c06:u,0.18175306151259615,True,dwell_v1,0.0,,0.0,
cb61316aff22,1779968766165,ba43e845ddde0ab9,5,unknown,False,1.0,0.5250335042098114,0.45841650280884355,0.6490533024075731,0.47987188090267424,0.5870434033086922,0.4691441918557589,0.04542532563209534,0.02125909924507141,0.49784158170223236,0.5948109924793243,795.2477835104934,227.59816785407472,,,,0.0,r01c06:u,0.16080229908514604,True,dwell_v1,0.0,,0.0,
cb61316aff22,1779968766270,ba43e845ddde0ab9,5,unknown,False,1.0,0.5834505564969251,0.49950394861428016,0.6809314001304841,0.5118328770205903,0.6321909783137046,0.5056684128174352,0.0455918163061142,0.023096352815628052,0.4997904896736145,0.5949451327323914,618.1557455108618,255.45153508094904,,,,0.0,r03c04:v,0.16805822679062277,True,dwell_v1,0.0,,0.0,
cb61316aff22,1779968766374,ba43e845ddde0ab9,5,unknown,False,1.0,0.5787588934053395,0.5148826427122574,0.689695532272638,0.5194500875583461,0.6342272128389888,0.5171663651353018,0.045833587646484375,0.023963630199432373,0.4999779015779495,0.5950472950935364,607.0366631235055,253.2656536897233,,,,0.0,r03c04:v,0.1589575028619927,True,dwell_v1,0.0,,0.0,
cb61316aff22,1779968766505,ba43e845ddde0ab9,5,unknown,False,1.0,0.6206010905558468,0.5292722064862206,0.7268210883359375,0.543170575021175,0.6737110894458922,0.5362213907536979,0.04626111686229706,0.024518102407455444,0.5018074661493301,0.5955781042575836,603.9950993776953,251.19356982987256,,,,0.0,r03c04:v,0.15426125326802664,True,dwell_v1,0.0,,0.0,
cb61316aff22,1779968766616,ba43e845ddde0ab9,5,unknown,False,1.0,0.6373372307025688,0.5350673505264463,0.7428575760978229,0.5514627822796955,0.6900974034001959,0.5432650664030709,0.04643930494785309,0.024437904357910156,0.5027372390031815,0.5963297784328461,606.1220440041388,250.17441374416813,,,,0.0,r03c04:v,0.15448536240073835,True,dwell_v1,0.0,,0.0,
cb61316aff22,1779968766726,ba43e845ddde0ab9,5,unknown,False,1.0,0.5711337475334689,0.5065649124600876,0.6868685767070752,0.5227395285064116,0.629001162120272,0.5146522204832495,0.04618135094642639,0.02266138792037964,0.5005046725273132,0.5969572365283966,602.512920103912,250.09670912370143,,,,0.0,r03c04:v,0.15182158741419294,True,dwell_v1,0.0,,0.0,
cb61316aff22,1779968766861,ba43e845ddde0ab9,5,unknown,False,1.0,0.4852388523930219,0.4903729073070492,0.6072576108228347,0.5059132449831687,0.5462482316079282,0.49814307614510894,0.045738041400909424,0.021744251251220703,0.4963721036911011,0.5974412560462952,614.0419032967367,257.84955122981506,,,,0.0,r03c04:v,0.16899374602122774,True,dwell_v1,0.0,,0.0,
cb61316aff22,1779968766996,ba43e845ddde0ab9,5,unknown,False,1.0,0.4861061672163328,0.49086292759447847,0.6136889041153543,0.5052071704798735,0.5498975356658435,0.498035049037176,0.0459870845079422,0.02174016833305359,0.49595604836940765,0.5975178480148315,626.1375930706294,263.11378383021133,,,,0.0,r03c04:v,0.180774591022613,True,dwell_v1,0.0,,0.0,
cb61316aff22,1779968767105,ba43e845ddde0ab9,5,unknown,False,1.0,0.4785605533449156,0.4901040836221181,0.6041898001874428,0.5025774605597089,0.5413751767661792,0.4963407720909135,0.045900747179985046,0.021677911281585693,0.495392382144928,0.5974970459938049,634.1073307233712,265.6850556455404,,,,0.0,r03c04:v,0.18562677782198386,True,dwell_v1,0.0,,0.0,
cb61316aff22,1779968767236,ba43e845ddde0ab9,5,unknown,False,1.0,0.466226647916974,0.48492414356897523,0.5918203543276968,0.4988476588854406,0.5290235011223354,0.4918859012272079,0.045869290828704834,0.021438241004943848,0.49490082263946533,0.5975652039051056,671.2938256643522,273.77775671192535,,,,0.0,r02c04:g,0.2254163564368768,True,dwell_v1,0.0,,0.0,
cb61316aff22,1779968767340,ba43e845ddde0ab9,5,unknown,False,1.0,0.46604303710836176,0.4824696214228886,0.5909685232539674,0.49665423012398674,0.5285057801811646,0.48956192577343766,0.04580464959144592,0.021319657564163208,0.49491529166698456,0.5976136028766632,707.2612478844576,278.762302529756,,,,0.0,r02c05:h,0.16266721749709637,True,dwell_v1,0.0,,0.0,
cb61316aff22,1779968767445,ba43e845ddde0ab9,5,unknown,False,1.0,0.4668157543478265,0.48648183305165765,0.5904690914346044,0.5019819651407421,0.5286424228912154,0.4942318990961999,0.045796871185302734,0.021359026432037354,0.49492326378822327,0.597926139831543,719.2082909880123,280.5764229068961,,,,0.0,r02c05:h,0.17560109391336046,True,dwell_v1,0.0,,0.0,
cb61316aff22,1779968767558,ba43e845ddde0ab9,5,unknown,False,1.0,0.46790717306098456,0.48530063609935814,0.5911204653503115,0.5002837401049025,0.529513819205648,0.4927921881021303,0.045813992619514465,0.021352767944335938,0.49490757286548615,0.5980435907840729,712.5121553743888,281.5056314289273,,,,0.0,r02c05:h,0.1669437905789301,True,dwell_v1,0.0,,0.0,
cb61316aff22,1779968767664,ba43e845ddde0ab9,5,unknown,False,1.0,0.4672358775591038,0.48417718780557456,0.591183090570324,0.4980696345218709,0.5292094840647139,0.4911234111637227,0.045854002237319946,0.02129453420639038,0.4948583394289017,0.5981729924678802,716.0956291132418,282.5112680825843,,,,0.0,r02c05:h,0.1703099661447217,True,dwell_v1,0.0,,0.0,
cb61316aff22,1779968767769,ba43e845ddde0ab9,5,unknown,False,1.0,0.467328888628892,0.47617167737922456,0.590949849098678,0.4919591189518314,0.529139368863785,0.48406539816552796,0.04582813382148743,0.021149009466171265,0.49485261738300323,0.5982564985752106,873.1296176302815,285.3962071812456,,,,0.0,r02c06:j,0.2078346246949647,True,dwell_v1,0.0,,0.0,
cb61316aff22,1779968767873,ba43e845ddde0ab9,5,unknown,False,1.0,0.467089223496386,0.4731191892399622,0.5915918917270123,0.4883893754865486,0.5293405576116992,0.4807542823632554,0.045806944370269775,0.02111130952835083,0.49484938383102417,0.5983636379241943,884.5724245111587,277.78183156860507,,,,0.0,r02c06:j,0.21144817227946638,True,dwell_v1,0.0,,0.0,
cb61316aff22,1779968767984,ba43e845ddde0ab9,5,unknown,False,1.0,0.4695119946683721,0.47308466028632185,0.5942925382433687,0.48653788034906037,0.5319022664558704,0.4798112703176911,0.04575285315513611,0.021050453186035156,0.49487969279289246,0.5984883904457092,885.227116007319,270.9540915149131,,,,0.0,r03c06:n,0.2709019947828697,True,dwell_v1,0.0,,0.0,
cb61316aff22,1779968768094,ba43e845ddde0ab9,5,unknown,False,1.0,0.4722292373052318,0.4702853920996319,0.5992605237437728,0.4804006224698388,0.5357448805245023,0.47534300728473533,0.04575777053833008,0.021071910858154297,0.4949857145547867,0.5985534489154816,873.4332318633509,255.91984008574383,,,,0.0,r03c06:n,0.19142263531884807,True,dwell_v1,0.0,,0.0,
cb61316aff22,1779968768197,ba43e845ddde0ab9,5,unknown,False,1.0,0.5018557241141459,0.465997194800942,0.6121469554989465,0.47872915317477177,0.5570013398065462,0.4723631739878569,0.04556699097156525,0.020994216203689575,0.4958856999874115,0.5986821353435516,858.3204112270726,242.51464074758294,,,,0.0,r03c06:n,0.1660807261801285,True,dwell_v1,0.0,,0.0,
cb61316aff22,1779968768306,ba43e845ddde0ab9,5,unknown,False,1.0,0.5234616610618598,0.4647320571019441,0.6340363491743428,0.48130548768413056,0.5787490051181012,0.47301877239303736,0.045340850949287415,0.02103245258331299,0.49689170718193054,0.5989963710308075,840.5993731547588,235.33459486623372,,,,0.0,r01c06:u,0.16064292512260997,True,dwell_v1,0.0,,0.0,
cb61316aff22,1779968768408,ba43e845ddde0ab9,5,unknown,False,1.0,0.5739926122284023,0.4718139368292586,0.6912553536529585,0.4889884523464729,0.6326239829406803,0.4804011945878658,0.04520493745803833,0.021074503660202026,0.499325767159462,0.5994969308376312,758.9189658645339,251.6091970796602,,,,0.0,r03c05:b,0.17806954379108383,True,dwell_v1,0.0,,0.0,
cb61316aff22,1779968768594,ba43e845ddde0ab9,5,unknown,False,1.0,0.591618850064498,0.4809114642465895,0.7200790914847056,0.4933712306108844,0.6558489707746018,0.48714134742873694,0.04529404640197754,0.02094060182571411,0.5004720985889435,0.5999962091445923,620.809799227123,279.4096501879577,,,,0.0,r02c04:g,0.17989140990600394,True,dwell_v1,0.0,,0.0,
cb61316aff22,1779968768702,ba43e845ddde0ab9,5,unknown,False,1.0,0.6084414742098798,0.4802706086206754,0.743855404238076,0.49376663702822793,0.6761484392239778,0.48701862282445163,0.04568342864513397,0.021039217710494995,0.5016695410013199,0.6000843346118927,560.5045065363726,285.1007409828678,,,,0.0,r02c03:f,0.17070592050699468,True,dwell_v1,0.0,,0.0,
cb61316aff22,1779968768810,ba43e845ddde0ab9,5,unknown,False,1.0,0.6130222068646293,0.4826096813067497,0.7552450806804044,0.49833545695298054,0.6841336437725168,0.49047256912986514,0.045881420373916626,0.02125409245491028,0.502148300409317,0.6002078950405121,536.2641893971013,283.95873861334724,,,,0.0,r02c03:f,0.1924472567864694,True,dwell_v1,0.0,,0.0,
cb61316aff22,1779968768945,ba43e845ddde0ab9,5,unknown,False,1.0,0.6151720803721623,0.48505380939430437,0.7551597513961081,0.5002696121469985,0.6851659158841352,0.49266171077065146,0.045929864048957825,0.02136942744255066,0.5021238625049591,0.6001904308795929,528.296309287707,278.84594696454764,,,,0.0,r02c03:f,0.20069354012687685,True,dwell_v1,0.0,,0.0,
cb61316aff22,1779968769055,ba43e845ddde0ab9,5,unknown,False,1.0,0.6161789880486632,0.48514944450749486,0.7580817253883406,0.5019814915919024,0.6871303567185019,0.49356546804969864,0.04597663879394531,0.021400779485702515,0.5022075027227402,0.6002326309680939,526.1990783224886,275.1622506238018,,,,0.0,r02c03:f,0.2576565052956682,True,dwell_v1,0.0,,0.0,
cb61316aff22,1779968769157,ba43e845ddde0ab9,5,unknown,False,1.0,0.6158454300577362,0.48447829343638166,0.759872884284751,0.5016888497827289,0.6878591571712436,0.4930835716095553,0.045993953943252563,0.021390408277511597,0.50228551030159,0.6003237068653107,523.778885932954,273.0506454622778,,,,0.0,r02c03:f,0.26033809464874824,True,dwell_v1,0.0,,0.0,
cb61316aff22,1779968769263,ba43e845ddde0ab9,5,unknown,False,1.0,0.616649455911717,0.4860148252046378,0.7607666597469185,0.5027116925952735,0.6887080578293178,0.49436325889995564,0.046003833413124084,0.02145308256149292,0.5023768544197083,0.6004223823547363,523.448051319701,271.13993319073,,,,0.0,r02c03:f,0.2622250093335449,True,dwell_v1,0.0,,0.0,
cb61316aff22,1779968769376,ba43e845ddde0ab9,5,unknown,False,1.0,0.616564708949405,0.4862229915035655,0.7598583360624442,0.5026260218987729,0.6882115225059247,0.4944245067011692,0.04605408012866974,0.021459251642227173,0.5024933516979218,0.6004831790924072,524.8086727331563,269.41539250715334,,,,0.0,r03c03:c,0.2591475081753614,True,dwell_v1,0.0,,0.0,
cb61316aff22,1779968769478,ba43e845ddde0ab9,5,unknown,False,1.0,0.6163056590286147,0.48601084350249674,0.7600378253392917,0.5039572132850797,0.6881717421839532,0.4949840283937882,0.0461137592792511,0.021487414836883545,0.5025748610496521,0.6005338132381439,524.6504934064479,268.1089115485538,,,,0.0,r03c03:c,0.2567606842699063,True,dwell_v1,0.0,,0.0,
cb61316aff22,1779968769579,ba43e845ddde0ab9,5,unknown,False,1.0,0.6138621555473067,0.4860442971596052,0.7577714473460929,0.5030921576810714,0.6858168014466999,0.4945682274203383,0.04615581035614014,0.021490663290023804,0.5026040971279144,0.6005532741546631,525.0513898433262,267.4505797904272,,,,0.0,r03c03:c,0.25545046332790705,True,dwell_v1,0.0,,0.0,
cb61316aff22,1779968769680,ba43e845ddde0ab9,5,unknown,False,1.0,0.5211134130115911,0.4427234238891286,0.6852499589333625,0.4673070170101262,0.6031816859724768,0.4550152204496274,0.04581369459629059,0.02067127823829651,0.4995672255754471,0.5990307331085205,662.2517990400299,250.80976279923237,,,,0.0,r03c04:v,0.1609935153397167,True,dwell_v1,0.0,,0.0,
cb61316aff22,1779968769783,ba43e845ddde0ab9,5,unknown,False,1.0,0.5622128381412647,0.4105251286144343,0.5290388071003377,0.2227149346933532,0.5456258226208012,0.31662003165389374,0.04465508460998535,0.0059871673583984375,0.504041463136673,0.5996425449848175,665.464602259859,247.92208627020324,,,,0.0,r03c04:v,0.15561753663507247,True,dwell_v1,0.0,,0.0,
cb61316aff22,1779968769885,ba43e845ddde0ab9,5,unknown,False,1.0,0.42648939939172564,0.4320817968701712,0.5589958505794166,0.4426620052950428,0.4927426249855711,0.437371901082607,0.03985939919948578,0.013359904289245605,0.5143715888261795,0.5772202610969543,666.0793597808536,246.40274246529611,,,,0.0,r03c04:v,0.15333557931069589,True,dwell_v1,0.0,,0.0,
cb61316aff22,1779968769986,ba43e845ddde0ab9,5,unknown,False,1.0,0.3947626849423236,0.4896205963878467,0.5177953932747807,0.5023074617636517,0.45627903910855216,0.4959640290757492,0.04004400968551636,0.01787295937538147,0.5250566154718399,0.5552597343921661,661.7941520606552,241.9490616417177,,,,0.0,r03c04:v,0.14975616690662588,True,dwell_v1,0.0,,0.0,
cb61316aff22,1779968770091,ba43e845ddde0ab9,5,unknown,False,1.0,0.5674019663899963,0.53324755889165,0.6761469486024726,0.5537862260487626,0.6217744574962345,0.5435168924702063,0.039123401045799255,0.018054574728012085,0.5411611795425415,0.5381290912628174,640.8192870362936,242.39422939668563,,,,0.0,r03c04:v,0.15560186560839512,True,dwell_v1,0.0,,0.0,
cb61316aff22,1779968770191,ba43e845ddde0ab9,5,unknown,False,1.0,0.5358536428295512,0.5515878345965652,0.6780028838918638,0.5631517524557634,0.6069282633607075,0.5573697935261643,0.037656500935554504,0.01769992709159851,0.5473800301551819,0.5233371257781982,630.0022353952066,244.01811738199382,,,,0.0,r03c04:v,0.15695173624732917,True,dwell_v1,0.0,,0.0,
cb61316aff22,1779968770292,ba43e845ddde0ab9,5,unknown,False,1.0,0.5459012765538909,0.5396725183242285,0.6808335812680014,0.5544563697733574,0.6133674289109461,0.547064444048793,0.03566533327102661,0.016146361827850342,0.5484654307365417,0.5111364424228668,624.3859980641168,244.69596653504178,,,,0.0,r03c04:v,0.1564604928624914,True,dwell_v1,0.0,,0.0,
cb61316aff22,1779968770396,ba43e845ddde0ab9,5,unknown,False,1.0,0.5182845849891368,0.5262917298386418,0.6662392635771974,0.5453447502829677,0.592261924283167,0.5358182400608047,0.03339420258998871,0.01374654471874237,0.5456028580665588,0.5061968266963959,621.7449226390318,244.89781779199245,,,,0.0,r03c04:v,0.15584741464482263,True,dwell_v1,0.0,,0.0,
cb61316aff22,1779968770500,ba43e845ddde0ab9,5,unknown,False,1.0,0.4938921072317033,0.545480233143238,0.566868895720543,0.5496160444096158,0.5303805014761231,0.5475481387764269,0.032780468463897705,0.013943850994110107,0.5408107042312622,0.5042218863964081,621.7763890426143,244.8964033437117,,,,0.0,r03c04:v,0.15585686643158628,True,dwell_v1,0.0,,0.0,
cb61316aff22,1779968770600,ba43e845ddde0ab9,5,unknown,False,1.0,0.4733712067938672,0.5344419346941415,0.5835687637116332,0.5434852020738069,0.5284699852527502,0.5389635683839742,0.032227665185928345,0.013906389474868774,0.5395398736000061,0.5035858154296875,621.742849717818,244.99581715218858,,,,0.0,r03c04:v,0.15597557032370032,True,dwell_v1,0.0,,0.0,
cb61316aff22,1779968770738,ba43e845ddde0ab9,5,unknown,False,1.0,0.4609628457184841,0.5368558156119689,0.5767417750635803,0.5254199599749338,0.5188523103910322,0.5311378877934514,0.03017275035381317,0.013406425714492798,0.5364598333835602,0.5051908195018768,622.4452325714818,245.00516523618404,,,,0.0,r03c04:v,0.1562358464272538,True,dwell_v1,0.0,,0.0,
cb61316aff22,1779968770838,ba43e845ddde0ab9,5,unknown,False,1.0,0.46110838551813066,0.5246472999298253,0.5883802060082999,0.5241232686249317,0.5247442957632152,0.5243852842773785,0.028990596532821655,0.012223809957504272,0.5328479409217834,0.5089002251625061,623.6830124820741,245.03616045984288,,,,0.0,r03c04:v,0.15668947382429615,True,dwell_v1,0.0,,0.0,
cb61316aff22,1779968770939,ba43e845ddde0ab9,5,unknown,False,1.0,0.459887020803252,0.5127794216839701,0.5959844638032588,0.5160734185011675,0.5279357423032554,0.5144264200925688,0.02841627597808838,0.01240473985671997,0.5305164456367493,0.5141601860523224,624.7366392859481,244.90610671594447,,,,0.0,r03c04:v,0.15684438072658105,True,dwell_v1,0.0,,0.0,
cb61316aff22,1779968771045,ba43e845ddde0ab9,5,unknown,False,1.0,0.4623739625452781,0.5147158887228013,0.5936931258294506,0.5132951330963952,0.5280335441873644,0.5140055109095982,0.02825017273426056,0.012457817792892456,0.5297768265008926,0.5178894698619843,626.247352068169,244.63083226167646,,,,0.0,r03c04:v,0.1569081608033181,True,dwell_v1,0.0,,0.0,
cb61316aff22,1779968771146,ba43e845ddde0ab9,5,unknown,False,1.0,0.4618523856846887,0.5116625890262434,0.6051245660111538,0.5096471166851101,0.5334884758479213,0.5106548528556767,0.028061717748641968,0.01239725947380066,0.5292873382568359,0.521373838186264,626.6060970785136,244.64270920012078,,,,0.0,r03c04:v,0.15701862649394838,True,dwell_v1,0.0,,0.0,
d9880deb275d,1779969362082,ba43e845ddde0ab9,5,unknown,False,1.0,0.5497925278718636,0.4704838189126544,0.6323926733089889,0.4950771737160732,0.5910926005904262,0.4827804963143638,0.048997730016708374,0.023708194494247437,0.5293013751506805,0.6313395500183105,624.2616484714749,243.2435367783014,,,,0.0,r03c04:v,0.15450106605367392,True,dwell_v1,0.0,,0.0,
d9880deb275d,1779969362199,ba43e845ddde0ab9,5,unknown,False,1.0,0.5504064288984034,0.4871960556947235,0.6352785342212471,0.5072869987155701,0.5928424815598252,0.4972415272051468,0.048991262912750244,0.023476362228393555,0.5294929593801498,0.6320866346359253,645.852941862104,244.40330005689472,,,,0.0,r03c04:v,0.15783663214039761,True,dwell_v1,0.0,,0.0,
d9880deb275d,1779969362305,ba43e845ddde0ab9,5,unknown,False,1.0,0.5497366468446087,0.4917772501817582,0.6439878798451703,0.5093383085375003,0.5968622633448895,0.5005577793596292,0.04923561215400696,0.023412078619003296,0.5297125577926636,0.6325266361236572,667.2725387777031,245.199291262264,,,,0.0,r03c04:v,0.15112500224961303,True,dwell_v1,0.0,,0.0,
d9880deb275d,1779969362407,ba43e845ddde0ab9,5,unknown,False,1.0,0.5443234641572159,0.48893280029807534,0.6444952629859523,0.5081552915982919,0.5944093635715841,0.4985440459481836,0.0494014173746109,0.023402035236358643,0.5296006500720978,0.6327187716960907,675.2690261184453,245.96654122788175,,,,0.0,r03c04:v,0.1469240072602056,True,dwell_v1,0.0,,0.0,
d9880deb275d,1779969362539,ba43e845ddde0ab9,5,unknown,False,1.0,0.525845373571359,0.4849296177024454,0.6289949447941068,0.5052596251965771,0.5774201591827328,0.4950946214495112,0.0493910014629364,0.02325958013534546,0.528807669878006,0.632725715637207,703.6368700248528,247.09662996742503,,,,0.0,r02c04:g,0.1561862191271017,True,dwell_v1,0.0,,0.0,
d9880deb275d,1779969362639,ba43e845ddde0ab9,5,unknown,False,1.0,0.523340258888351,0.48378264066914145,0.6261737212005416,0.504155063122207,0.5747569900444462,0.49396885189567424,0.049424365162849426,0.023247957229614258,0.5286664664745331,0.6327828168869019,724.259449116376,247.71804406519448,,,,0.0,r03c05:b,0.1574588775360738,True,dwell_v1,0.0,,0.0,
d9880deb275d,1779969362743,ba43e845ddde0ab9,5,unknown,False,1.0,0.6363805202245277,0.48480689036436264,0.7145690350232221,0.5091874014807108,0.675474777623875,0.49699714592253674,0.04986312985420227,0.02360236644744873,0.5330140143632889,0.6330747604370117,510.0032966728372,261.90226032449283,,,,0.0,r03c03:c,0.19308598038551933,True,dwell_v1,0.0,,0.0,
d9880deb275d,1779969362878,ba43e845ddde0ab9,5,unknown,False,1.0,0.648945097719237,0.48222763888394155,0.7528254804507527,0.5040758755639089,0.7008852890849948,0.49315175722392524,0.050304561853408813,0.023999661207199097,0.5342636853456497,0.6332186162471771,330.9813473835062,291.89350649763014,,,,0.0,r02c01:s,0.17401891122984192,True,dwell_v1,0.0,,0.0,
d9880deb275d,1779969362995,ba43e845ddde0ab9,5,unknown,False,1.0,0.6485180351442699,0.48274535228405463,0.7548599097392362,0.5057865593230014,0.701688972441753,0.49426595580352806,0.05036039650440216,0.0240342915058136,0.5342973917722702,0.633321613073349,319.65489333298586,292.6141123883765,,,,0.0,r02c01:s,0.18172517363351925,True,dwell_v1,0.0,,0.0,
d9880deb275d,1779969363117,ba43e845ddde0ab9,5,unknown,False,1.0,0.6468250536594083,0.4837798441237191,0.7554319107793287,0.505631576364452,0.7011284822193685,0.49470571024408555,0.050472766160964966,0.024077892303466797,0.5344365388154984,0.6333826780319214,329.13650709534966,287.1180291699719,,,,0.0,r02c01:s,0.1799019839975116,True,dwell_v1,0.0,,0.0,
d9880deb275d,1779969363247,ba43e845ddde0ab9,5,unknown,False,1.0,0.6448569333625562,0.48292983519423444,0.7542913452055261,0.5031952414120977,0.6995741392840411,0.49306253830316604,0.050361692905426025,0.02407476305961609,0.5345755368471146,0.6334162056446075,308.5472199921903,293.6337507857646,,,,0.0,r02c01:s,0.1858137672799745,True,dwell_v1,0.0,,0.0,
d9880deb275d,1779969363350,ba43e845ddde0ab9,5,unknown,False,1.0,0.6469440905019547,0.48282295680389375,0.7551720008987179,0.5024374240087561,0.7010580457003364,0.49263019040632494,0.050422608852386475,0.024071604013442993,0.5347364544868469,0.633464515209198,290.4510425853524,299.66591238365066,,,,0.0,r02c01:s,0.18020468400609088,True,dwell_v1,0.0,,0.0,
d9880deb275d,1779969363485,ba43e845ddde0ab9,5,unknown,False,1.0,0.6500332822423946,0.48877132384140637,0.7541093421885763,0.5068879462134189,0.7020713122154855,0.4978296350274126,0.05053979158401489,0.024491727352142334,0.5348980873823166,0.6333686113357544,355.39432026147045,277.16643141070773,,,,0.0,r02c02:d,0.17182651719661007,True,dwell_v1,0.0,,0.0,
d9880deb275d,1779969363587,ba43e845ddde0ab9,5,unknown,False,1.0,0.6521126783206541,0.4941467481527379,0.7516609520918179,0.511583730205476,0.7018868152062361,0.502865239179107,0.05068139731884003,0.024859577417373657,0.5350237786769867,0.6332708895206451,431.64903745051765,258.30544183790016,,,,0.0,r03c02:x,0.1867672167666816,True,dwell_v1,0.0,,0.0,
d9880deb275d,1779969363687,ba43e845ddde0ab9,5,unknown,False,1.0,0.6478141738638065,0.49434777209944414,0.7487727503646777,0.5126484008158398,0.698293462114242,0.5034980864576419,0.050720348954200745,0.02493610978126526,0.5350517183542252,0.6332899332046509,458.9955266619814,253.0014042547505,,,,0.0,r02c03:f,0.16302819337775976,True,dwell_v1,0.0,,0.0,
d9880deb275d,1779969363789,ba43e845ddde0ab9,5,unknown,False,1.0,0.6447276557211021,0.4946455557105858,0.7453648349753063,0.5124714433921578,0.6950462453482043,0.5035584995513718,0.05082598328590393,0.025021016597747803,0.535123884677887,0.6333950757980347,474.82810212411744,250.03924555444797,,,,0.0,r02c02:d,0.15987871079581525,True,dwell_v1,0.0,,0.0,
d9880deb275d,1779969363889,ba43e845ddde0ab9,5,unknown,False,1.0,0.6377370782842596,0.4927685287703638,0.7363217451197549,0.5106304902483484,0.6870294117020073,0.5016995095093562,0.05081169307231903,0.02508661150932312,0.5351133942604065,0.633627861738205,480.5320666776616,248.8239016617787,,,,0.0,r03c03:c,0.15403411747572082,True,dwell_v1,0.0,,0.0,
d9880deb275d,1779969363991,ba43e845ddde0ab9,5,unknown,False,1.0,0.6295167965484552,0.4913605651727782,0.7279260528687748,0.5093968664981586,0.678721424708615,0.5003787158354684,0.05059552192687988,0.024942725896835327,0.5349856913089752,0.6337743997573853,477.8821258640109,249.40423573212695,,,,0.0,r02c02:d,0.1545035434221728,True,dwell_v1,0.0,,0.0,
d9880deb275d,1779969364092,ba43e845ddde0ab9,5,unknown,False,1.0,0.6121489798209022,0.48809329826113274,0.7138260890154934,0.5071673466305802,0.6629875344181978,0.4976303224458565,0.050576865673065186,0.024701327085494995,0.5344228893518448,0.6339888572692871,459.5802524923246,253.92032740770023,,,,0.0,r02c03:f,0.16381436534092594,True,dwell_v1,0.0,,0.0,
d9880deb275d,1779969364194,ba43e845ddde0ab9,5,unknown,False,1.0,0.5889631595943361,0.4876208240877821,0.6963955136873797,0.5053492239561896,0.6426793366408579,0.4964850240219859,0.05048660933971405,0.024561971426010132,0.533643826842308,0.6341059505939484,460.7913104743524,256.44291561683883,,,,0.0,r02c03:f,0.1652351208697931,True,dwell_v1,0.0,,0.0,
d9880deb275d,1779969364295,ba43e845ddde0ab9,5,unknown,False,1.0,0.5690514932490456,0.4877891361754332,0.6785104471380141,0.5037558627516304,0.6237809701935298,0.4957724994635318,0.05037905275821686,0.024321526288986206,0.5328662097454071,0.63425412774086,473.41706793544813,258.8032228188163,,,,0.0,r03c03:c,0.16102637675974335,True,dwell_v1,0.0,,0.0,
d9880deb275d,1779969364395,ba43e845ddde0ab9,5,unknown,False,1.0,0.5572069604278693,0.4869038650566449,0.6627672945948069,0.5040989570700946,0.6099871275113381,0.49550141106336976,0.050277695059776306,0.024243146181106567,0.5322979092597961,0.6342869997024536,497.75047991856206,259.1442364847653,,,,0.0,r03c03:c,0.18324317219354824,True,dwell_v1,0.0,,0.0,
d9880deb275d,1779969364532,ba43e845ddde0ab9,5,unknown,False,1.0,0.5557919861141033,0.48431822383750833,0.660586982907312,0.5014475925842043,0.6081894845107076,0.49288290821085634,0.050082385540008545,0.024149030447006226,0.5323462188243866,0.6345806121826172,514.9480532178578,260.88282608041334,,,,0.0,r03c03:c,0.19243475539234237,True,dwell_v1,0.0,,0.0,
d9880deb275d,1779969364634,ba43e845ddde0ab9,5,unknown,False,1.0,0.5598642200293819,0.4820641689897545,0.6659078095855255,0.5006455074592167,0.6128860148074537,0.49135483822448556,0.0500604510307312,0.024012446403503418,0.5325551927089691,0.6348347365856171,508.89674807677864,264.15129311101833,,,,0.0,r03c03:c,0.19639178601150137,True,dwell_v1,0.0,,0.0,
d9880deb275d,1779969364768,ba43e845ddde0ab9,5,unknown,False,1.0,0.6139949206658027,0.48342450662918407,0.7034820120335706,0.5014988900712077,0.6587384663496867,0.49246169835019593,0.05030219256877899,0.02402365207672119,0.5345383286476135,0.6351803243160248,395.6911778883553,283.63441885750035,,,,0.0,r02c02:d,0.20473089490623086,True,dwell_v1,0.0,,0.0,
d9880deb275d,1779969364868,ba43e845ddde0ab9,5,unknown,False,1.0,0.6298794140177877,0.48215589112276064,0.7286644528283611,0.5004568724887659,0.6792719334230743,0.49130638180576325,0.05050884187221527,0.023963183164596558,0.5354698598384857,0.6352506279945374,363.4825806399782,289.56930103273146,,,,0.0,r02c02:d,0.17322595788516082,True,dwell_v1,0.0,,0.0,
d9880deb275d,1779969364969,ba43e845ddde0ab9,5,unknown,False,1.0,0.6322840149833785,0.48167540026420175,0.7385553416888682,0.4990555499066308,0.6854196783361233,0.4903654750854163,0.050697773694992065,0.024009227752685547,0.5358056277036667,0.6352972090244293,343.2500512125365,291.74571753710956,,,,0.0,r03c02:x,0.17861364724489123,True,dwell_v1,0.0,,0.0,
d9880deb275d,1779969365071,ba43e845ddde0ab9,5,unknown,False,1.0,0.6354533686890479,0.4831984504574147,0.7399806378802223,0.49938091072756924,0.6877170032846351,0.491289680592492,0.050761133432388306,0.02406349778175354,0.535886138677597,0.6353570520877838,333.89227500462096,291.79296878912356,,,,0.0,r02c01:s,0.17148074985563067,True,dwell_v1,0.0,,0.0,
d9880deb275d,1779969365171,ba43e845ddde0ab9,5,unknown,False,1.0,0.6360422491294616,0.4826660460571965,0.7398651958612448,0.49864735732741816,0.6879537224953531,0.49065670169230735,0.05071781575679779,0.02415919303894043,0.5359290987253189,0.635439544916153,330.9430638228615,290.68982508764043,,,,0.0,r02c01:s,0.17513978653649367,True,dwell_v1,0.0,,0.0,
d9880deb275d,1779969365273,ba43e845ddde0ab9,5,unknown,False,1.0,0.6365872920372238,0.4815814023852147,0.7403475614307573,0.4973965185526719,0.6884674267339905,0.4894889604689433,0.050757795572280884,0.024165600538253784,0.5360053330659866,0.6354553401470184,330.3335562257445,289.02867809328006,,,,0.0,r02c01:s,0.17716199365825663,True,dwell_v1,0.0,,0.0,
d9880deb275d,1779969365374,ba43e845ddde0ab9,5,unknown,False,1.0,0.6359513884241826,0.48118736605812906,0.7420703209564883,0.4972509821864198,0.6890108546903355,0.48921917412227445,0.05078497529029846,0.024143218994140625,0.5360942929983139,0.6354553401470184,330.4109151298155,287.5529284570661,,,,0.0,r02c01:s,0.1783972143151591,True,dwell_v1,0.0,,0.0,
d9880deb275d,1779969365478,ba43e845ddde0ab9,5,unknown,False,1.0,0.6366117759374118,0.4812957885861141,0.7424322145287877,0.49760196068278706,0.6895219952330998,0.4894488746344506,0.05079621076583862,0.024138808250427246,0.5361231416463852,0.6354331374168396,329.83927716707,287.2558643775674,,,,0.0,r02c01:s,0.17916546317164392,True,dwell_v1,0.0,,0.0,
d9880deb275d,1779969365609,ba43e845ddde0ab9,5,unknown,False,1.0,0.6339260380213751,0.4828008920149017,0.7369140760171997,0.49969071347745014,0.6854200570192874,0.4912458027461759,0.050676047801971436,0.024052172899246216,0.53590327501297,0.635424017906189,325.28552154828145,290.0077761598385,,,,0.0,r02c01:s,0.18040548326202263,True,dwell_v1,0.0,,0.0,
d9880deb275d,1779969365712,ba43e845ddde0ab9,5,unknown,False,1.0,0.627393616953923,0.4850318016694699,0.7331452870124673,0.5009531937532559,0.6802694519831951,0.4929924977113629,0.050686225295066833,0.024042189121246338,0.535694494843483,0.6354806125164032,333.40265372598327,289.6374406739587,,,,0.0,r02c01:s,0.17383110082268716,True,dwell_v1,0.0,,0.0,
d9880deb275d,1779969365814,ba43e845ddde0ab9,5,unknown,False,1.0,0.6237497181718015,0.4870327621190306,0.7278779447006871,0.503210808132777,0.6758138314362443,0.49512178512590377,0.05072586238384247,0.02405145764350891,0.5356253832578659,0.635576605796814,357.47210819356485,284.99591660499334,,,,0.0,r03c01:z,0.17144250328871716,True,dwell_v1,0.0,,0.0,
d9880deb275d,1779969365914,ba43e845ddde0ab9,5,unknown,False,1.0,0.6210222382158648,0.4870597574510364,0.7224999311545918,0.503488028223819,0.6717610846852282,0.49527389283742773,0.050762757658958435,0.02409738302230835,0.5356185287237167,0.6356031000614166,376.796367059334,281.069627966888,,,,0.0,r02c02:d,0.19411664388309854,True,dwell_v1,0.0,,0.0,
d9880deb275d,1779969366015,ba43e845ddde0ab9,5,unknown,False,1.0,0.619161744800372,0.4862664547230068,0.7191196671212093,0.503628881561152,0.6691407059607907,0.4949476681420794,0.050757452845573425,0.024177849292755127,0.5355776846408844,0.635526180267334,388.6328946892587,278.4773368517702,,,,0.0,r02c02:d,0.20528032926424392,True,dwell_v1,0.0,,0.0,
d9880deb275d,1779969366117,ba43e845ddde0ab9,5,unknown,False,1.0,0.6174051643415699,0.4854853049088569,0.7161282524070199,0.5041807285776618,0.666766708374295,0.49483301674325936,0.05075305700302124,0.024278640747070312,0.5355645418167114,0.6354485750198364,392.93532451032905,277.16723590774717,,,,0.0,r02c02:d,0.20864698092142328,True,dwell_v1,0.0,,0.0,
d9880deb275d,1779969366220,ba43e845ddde0ab9,5,unknown,False,1.0,0.613934067799922,0.4861081984654337,0.7135335157279928,0.5043277324974732,0.6637337917639574,0.49521796548145347,0.050784915685653687,0.024394184350967407,0.5355663746595383,0.6354011595249176,398.5432192663129,275.39384273828705,,,,0.0,r02c02:d,0.26670431551614865,True,dwell_v1,0.0,,0.0,
d9880deb275d,1779969366320,ba43e845ddde0ab9,5,unknown,False,1.0,0.6113944666052448,0.4854037662704231,0.7101724729799438,0.5031695297478166,0.6607834697925943,0.4942866480091198,0.0508425235748291,0.024434804916381836,0.5355719327926636,0.6353757381439209,399.75478610660275,274.65999540358666,,,,0.0,r02c02:d,0.26776076933242327,True,dwell_v1,0.0,,0.0,
d9880deb275d,1779969366421,ba43e845ddde0ab9,5,unknown,False,1.0,0.6097217257230386,0.483764047834952,0.7057984624741629,0.5010240691803587,0.6577600940986008,0.4923940585076554,0.05091014504432678,0.024572044610977173,0.535712480545044,0.6353879272937775,396.95880420052686,274.61941840379563,,,,0.0,r02c02:d,0.2667447773476192,True,dwell_v1,0.0,,0.0,
d9880deb275d,1779969366523,ba43e845ddde0ab9,5,unknown,False,1.0,0.6044943088008975,0.4832524051216249,0.7014030689270966,0.5014209712355996,0.652948688863997,0.4923366881786122,0.05107651650905609,0.024783343076705933,0.5356833785772324,0.635441392660141,397.49254618708176,273.3039592887178,,,,0.0,r02c02:d,0.2680890726480238,True,dwell_v1,0.0,,0.0,
d9880deb275d,1779969366625,ba43e845ddde0ab9,5,unknown,False,1.0,0.596920968071298,0.48421114031102297,0.6918763488136439,0.5023779554505458,0.644398658442471,0.49329454788078436,0.05094370245933533,0.02483081817626953,0.5354193300008774,0.635480135679245,406.6963267496911,271.1548300861766,,,,0.0,r02c02:d,0.2720570320168147,True,dwell_v1,0.0,,0.0,
d9880deb275d,1779969366725,ba43e845ddde0ab9,5,unknown,False,1.0,0.516744370958494,0.4825563240337076,0.6358008546530448,0.49745387870432767,0.5762726128057694,0.49000510136901765,0.050602152943611145,0.02436196804046631,0.5323845744132996,0.6356904208660126,509.86179492503413,262.60181382923196,,,,0.0,r03c03:c,0.19417462948792275,True,dwell_v1,0.0,,0.0,
d9880deb275d,1779969366850,ba43e845ddde0ab9,5,unknown,False,1.0,0.4677041531876454,0.4879326188151346,0.5743118346669138,0.49968683836211125,0.5210079939272796,0.49380972858862293,0.049959853291511536,0.02420714497566223,0.5294787883758545,0.6358453631401062,709.8759166915258,252.23901182538214,,,,0.0,r03c05:b,0.1497123480486051,True,dwell_v1,0.0,,0.0,
d9880deb275d,1779969366950,ba43e845ddde0ab9,5,unknown,False,1.0,0.46580946302218473,0.4899327334452339,0.5701160446101148,0.4998234783190147,0.5179627538161498,0.49487810588212433,0.04979889094829559,0.02409571409225464,0.5292877554893494,0.6359967589378357,744.4970722922609,250.96865064556638,,,,0.0,r03c05:b,0.17434528196791946,True,dwell_v1,0.0,,0.0,
d9880deb275d,1779969367073,ba43e845ddde0ab9,5,unknown,False,1.0,0.4675479765482322,0.49732274460020165,0.5704312201263839,0.5056565722413591,0.5189895983373081,0.5014896584207804,0.049730703234672546,0.02414688467979431,0.5292566865682602,0.636291891336441,766.8955113127021,248.4534967791588,,,,0.0,r03c05:b,0.17220561506424803,True,dwell_v1,0.0,,0.0,
d9880deb275d,1779969367187,ba43e845ddde0ab9,5,unknown,False,1.0,0.47176852393209684,0.4957183719821694,0.56958910371244,0.5039147747050458,0.5206788138222684,0.4998165733436076,0.04958873987197876,0.02414354681968689,0.5290647596120834,0.6363354027271271,774.6430216071419,247.24810642581917,,,,0.0,r03c05:b,0.16791317309270343,True,dwell_v1,0.0,,0.0,
d9880deb275d,1779969367299,ba43e845ddde0ab9,5,unknown,False,1.0,0.4768462904422225,0.49478478792637254,0.5728389010022376,0.5046512738820431,0.52484259572223,0.49971803090420785,0.049549683928489685,0.02422347664833069,0.5290538221597672,0.6365223526954651,777.8118611144362,246.7100461251027,,,,0.0,r03c05:b,0.16567387977614012,True,dwell_v1,0.0,,0.0,
d9880deb275d,1779969367416,ba43e845ddde0ab9,5,unknown,False,1.0,0.4833676211569396,0.4967114972932542,0.5773923883336507,0.5078232887347627,0.5303800047452951,0.5022673930140085,0.049592047929763794,0.024152129888534546,0.5290422439575195,0.6367341578006744,769.346923317609,246.1229963410945,,,,0.0,r03c05:b,0.16792983399022487,True,dwell_v1,0.0,,0.0,
d9880deb275d,1779969367521,ba43e845ddde0ab9,5,unknown,False,1.0,0.48752457239894587,0.4974476814992987,0.5811829970604048,0.5086146991462223,0.5343537847296753,0.5030311903227604,0.04963555932044983,0.024148881435394287,0.529110312461853,0.6368127167224884,760.84409383776,245.90465440664985,,,,0.0,r03c05:b,0.1689892278806858,True,dwell_v1,0.0,,0.0,
d9880deb275d,1779969367635,ba43e845ddde0ab9,5,unknown,False,1.0,0.47218881831213133,0.49474147052153616,0.5717861375606514,0.5061245697395662,0.5219874779363913,0.5004330201305511,0.04972085356712341,0.023837178945541382,0.5283402502536774,0.63693767786026,766.9520138087082,246.2220380502592,,,,0.0,r03c05:b,0.16866458432236167,True,dwell_v1,0.0,,0.0,
d9880deb275d,1779969367754,ba43e845ddde0ab9,5,unknown,False,1.0,0.4607929386172844,0.49550262440325654,0.5660869639750062,0.507318596280997,0.5134399512961453,0.5014106103421268,0.04994054138660431,0.02369198203086853,0.5276523381471634,0.6370204985141754,783.8470361383276,246.56312461329497,,,,0.0,r03c05:b,0.16214081591387086,True,dwell_v1,0.0,,0.0,
d9880deb275d,1779969367856,ba43e845ddde0ab9,5,unknown,False,1.0,0.4581306619525452,0.49546786358573564,0.5625525686109454,0.5064991235054135,0.5103416152817453,0.5009834935455746,0.04985645413398743,0.02360600233078003,0.5273301154375076,0.6369759440422058,793.7235856372315,246.62168488864273,,,,0.0,r03c05:b,0.15510097859461833,True,dwell_v1,0.0,,0.0,
d9880deb275d,1779969367958,ba43e845ddde0ab9,5,unknown,False,1.0,0.45788101701574546,0.49566935464494105,0.5593004950140683,0.5063664423238496,0.5085907560149069,0.5010178984843954,0.049898236989974976,0.02355247735977173,0.5270491689443588,0.6369286775588989,803.4503947381035,246.70238063152644,,,,0.0,r02c06:j,0.15934607005003595,True,dwell_v1,0.0,,0.0,
d9880deb275d,1779969368091,ba43e845ddde0ab9,5,unknown,False,1.0,0.45505322820064686,0.4972093320615835,0.5562801437666469,0.5079487849638524,0.505666685983647,0.502579058512718,0.04981870949268341,0.02354249358177185,0.5267482101917267,0.6367893815040588,811.5256090188689,246.50561771542058,,,,0.0,r02c06:j,0.22113416192341165,True,dwell_v1,0.0,,0.0,
d9880deb275d,1779969368191,ba43e845ddde0ab9,5,unknown,False,1.0,0.4514947320548132,0.49381090696467533,0.555239080150984,0.5022622847322086,0.5033669061028986,0.49803659584844195,0.0498243123292923,0.02347785234451294,0.5265114903450012,0.63652703166008,825.5028734452064,246.91775242860328,,,,0.0,r02c05:h,0.1548449262578535,True,dwell_v1,0.0,,0.0,
d9880deb275d,1779969368293,ba43e845ddde0ab9,5,unknown,False,1.0,0.4460465365198104,0.49428639917337036,0.549933322180203,0.5010083770958244,0.4979899293500067,0.49764738813459736,0.049795180559158325,0.023452013731002808,0.5262477993965149,0.6364172697067261,845.9175862484924,247.88294811368985,,,,0.0,r03c06:n,0.1690291974818801,True,dwell_v1,0.0,,0.0,
d9880deb275d,1779969368396,ba43e845ddde0ab9,5,unknown,False,1.0,0.4421774456135936,0.4946447424035631,0.5473544029933992,0.5009745503935951,0.4947659243034964,0.49780964639857905,0.04977133870124817,0.02344423532485962,0.5261324942111969,0.6363815069198608,859.5214624173832,248.44508926526555,,,,0.0,r03c06:n,0.17645228412607672,True,dwell_v1,0.0,,0.0,
d9880deb275d,1779969368496,ba43e845ddde0ab9,5,unknown,False,1.0,0.44073140167855873,0.4956550368945693,0.5446907970828385,0.501092605434743,0.4927110993806986,0.4983738211646561,0.049725890159606934,0.023458033800125122,0.5260872840881348,0.6363574266433716,864.9725150103147,248.2822930263912,,,,0.0,r03c06:n,0.17750296689945444,True,dwell_v1,0.0,,0.0,
d9880deb275d,1779969368599,ba43e845ddde0ab9,5,unknown,False,1.0,0.4388902482659013,0.49685903391915526,0.5419603267010076,0.501912278813084,0.49042528748345443,0.49938565636611965,0.04972966015338898,0.02345043420791626,0.5260753780603409,0.6363324522972107,865.9487099068764,247.91073139195194,,,,0.0,r03c06:n,0.1770227328061928,True,dwell_v1,0.0,,0.0,
d9880deb275d,1779969368701,ba43e845ddde0ab9,5,unknown,False,1.0,0.43849174587740186,0.4985140906991732,0.5405678270830753,0.5037865765754295,0.4895297864802386,0.5011503336373013,0.049751922488212585,0.023459643125534058,0.5260249376296997,0.6362643837928772,859.9010055291303,247.16891487231806,,,,0.0,r03c06:n,0.17439650100991233,True,dwell_v1,0.0,,0.0,
d9880deb275d,1779969368835,ba43e845ddde0ab9,5,unknown,False,1.0,0.46834685483901217,0.49790304139971475,0.5581486772263263,0.5055078136078731,0.5132477660326693,0.501705427503794,0.049662262201309204,0.02344486117362976,0.5271036773920059,0.6362718343734741,842.644739173475,246.58283109883197,,,,0.0,r03c06:n,0.16474324172602636,True,dwell_v1,0.0,,0.0,
d9880deb275d,1779969368936,ba43e845ddde0ab9,5,unknown,False,1.0,0.47812691577358113,0.4967221634277791,0.5681287223985618,0.5054426822571788,0.5231278190860715,0.501082422842479,0.04963324964046478,0.0234718918800354,0.527567520737648,0.6364267468452454,831.1555438845883,246.78202637493385,,,,0.0,r03c06:n,0.15569237780101347,True,dwell_v1,0.0,,0.0,
d9880deb275d,1779969369037,ba43e845ddde0ab9,5,unknown,False,1.0,0.4787438576765683,0.4945958792287503,0.5734743637937516,0.5024537865182682,0.52610911073516,0.49852483287350924,0.049666374921798706,0.023544341325759888,0.5277606546878815,0.6365057229995728,825.9188699796299,247.43908567651152,,,,0.0,r02c05:h,0.15403684056664363,True,dwell_v1,0.0,,0.0,
d9880deb275d,1779969369137,ba43e845ddde0ab9,5,unknown,False,1.0,0.45356865913037847,0.494383707536289,0.568150124321294,0.5018630697889919,0.5108593917258362,0.49812338866264044,0.049670666456222534,0.02345144748687744,0.5270764976739883,0.6365081965923309,835.4068744725636,248.4137693535962,,,,0.0,r03c06:n,0.16199425446471372,True,dwell_v1,0.0,,0.0,
d9880deb275d,1779969369238,ba43e845ddde0ab9,5,unknown,False,1.0,0.4450147973214972,0.4955808744360726,0.5589770012905433,0.502133934964709,0.5019958993060203,0.49885740470039086,0.049706026911735535,0.023449987173080444,0.5266318619251251,0.636527806520462,845.7872239314556,248.51132916107179,,,,0.0,r03c06:n,0.16997377384431933,True,dwell_v1,0.0,,0.0,
d9880deb275d,1779969369340,ba43e845ddde0ab9,5,unknown,False,1.0,0.44540374688139445,0.49584020445181654,0.5526143630294081,0.502055335070716,0.49900905495540127,0.49894776976126626,0.04970155656337738,0.02346581220626831,0.5263638645410538,0.6365115344524384,853.0762309275733,248.38668536510107,,,,0.0,r03c06:n,0.17382631338669724,True,dwell_v1,0.0,,0.0,
d9880deb275d,1779969369440,ba43e845ddde0ab9,5,unknown,False,1.0,0.43975125501625295,0.4963033144412236,0.5436019874948103,0.5022776624869413,0.4916766212555316,0.4992904884640824,0.049661651253700256,0.02350705862045288,0.5259885489940643,0.6364843845367432,859.2987776438912,248.09458378134846,,,,0.0,r03c06:n,0.17578504649484644,True,dwell_v1,0.0,,0.0,
d9880deb275d,1779969369543,ba43e845ddde0ab9,5,unknown,False,1.0,0.4389674855424883,0.4975431334455366,0.5403123069796171,0.504440459770439,0.4896398962610527,0.5009917966079878,0.049704015254974365,0.023585617542266846,0.525793731212616,0.6364904940128326,858.0561962197584,247.1891404769604,,,,0.0,r03c06:n,0.1738371783512781,True,dwell_v1,0.0,,0.0,
d9880deb275d,1779969369643,ba43e845ddde0ab9,5,unknown,False,1.0,0.4394928996144883,0.4982707561041274,0.5403591683558009,0.5053075522687354,0.48992603398514456,0.5017891541864314,0.04976567625999451,0.023610204458236694,0.5256916582584381,0.6365085244178772,851.0196648331508,246.3544547455947,,,,0.0,r03c06:n,0.169431141221021,True,dwell_v1,0.0,,0.0,
d9880deb275d,1779969369745,ba43e845ddde0ab9,5,unknown,False,1.0,0.453590530424255,0.4991396389273855,0.5443449575384895,0.506101450926194,0.4989677439813723,0.5026205449267898,0.049699559807777405,0.02351599931716919,0.5260274559259415,0.6365799903869629,843.0810817687047,245.94383739462444,,,,0.0,r03c06:n,0.16401945019727587,True,dwell_v1,0.0,,0.0,
d9880deb275d,1779969369847,ba43e845ddde0ab9,5,unknown,False,1.0,0.5325482759383257,0.49543267733959934,0.6022277722398512,0.5051465710965578,0.5673880240890885,0.5002896242180785,0.04948318004608154,0.023267120122909546,0.5292614251375198,0.6367577314376831,811.4097805494757,247.14430330934846,,,,0.0,r02c06:j,0.2207551084333124,True,dwell_v1,0.0,,0.0,
d9880deb275d,1779969369950,ba43e845ddde0ab9,5,unknown,False,1.0,0.6529010374335356,0.48925653821497206,0.726406547375551,0.4960678959491389,0.6896537924045433,0.4926622170820555,0.0498080849647522,0.023174017667770386,0.5350248068571091,0.6367848515510559,489.4602003852253,275.6516251955636,,,,0.0,r02c03:f,0.24351867124684268,True,dwell_v1,0.0,,0.0,
d9880deb275d,1779969370051,ba43e845ddde0ab9,5,unknown,False,1.0,0.6455831033665176,0.48971419725328597,0.7511660730045726,0.4916138449654671,0.6983745881855451,0.49066402110937657,0.05048096179962158,0.02354419231414795,0.5357369184494019,0.6368125677108765,463.7787102195737,275.56285181896556,,,,0.0,r03c03:c,0.19607110266849698,True,dwell_v1,0.0,,0.0,
d9880deb275d,1779969370153,ba43e845ddde0ab9,5,unknown,False,1.0,0.6496003320513026,0.49393436768669935,0.7504898666324429,0.49264431516771295,0.7000450993418728,0.49328934142720615,0.050743699073791504,0.023951798677444458,0.5359511971473694,0.6368729770183563,464.21793588654674,271.49448966328305,,,,0.0,r02c02:d,0.19635275018629275,True,dwell_v1,0.0,,0.0,
d9880deb275d,1779969370287,ba43e845ddde0ab9,5,unknown,False,1.0,0.6468625375319195,0.4930909984194144,0.7456819630602995,0.49478921630542855,0.6962722502961095,0.49394010736242144,0.05089715123176575,0.02422511577606201,0.5358818024396896,0.6369701325893402,456.74990872056395,268.95680012694805,,,,0.0,r03c02:x,0.22717494061557544,True,dwell_v1,0.0,,0.0,
d9880deb275d,1779969370389,ba43e845ddde0ab9,5,unknown,False,1.0,0.6455804374229658,0.4915455767650602,0.7470863745227586,0.49535451432528393,0.6963334059728622,0.4934500455451721,0.050913527607917786,0.02428615093231201,0.5358944088220596,0.6370134949684143,447.6266678629269,268.85403026208627,,,,0.0,r03c02:x,0.2403090662057345,True,dwell_v1,0.0,,0.0,
d9880deb275d,1779969370581,ba43e845ddde0ab9,5,unknown,False,1.0,0.6451512734920287,0.4916839089606876,0.7465712783666876,0.497840260034669,0.6958612759293581,0.49476208449767833,0.05101749300956726,0.024472981691360474,0.5359627902507782,0.6370188593864441,440.44948119804167,268.28358459447776,,,,0.0,r03c02:x,0.24805842878623666,True,dwell_v1,0.0,,0.0,
d9880deb275d,1779969370708,ba43e845ddde0ab9,5,unknown,False,1.0,0.6455919957294708,0.4940898744732157,0.7462996275368917,0.5041585450349534,0.6959458116331813,0.49912420975408456,0.051025643944740295,0.024724245071411133,0.5359534174203873,0.6369821727275848,446.00803094758703,265.24941075648263,,,,0.0,r03c02:x,0.18588641250823393,True,dwell_v1,0.0,,0.0,
d9880deb275d,1779969370830,ba43e845ddde0ab9,5,unknown,False,1.0,0.64759202311937,0.49117303490327724,0.7473817206262249,0.5053654352589575,0.6974868718727975,0.49826923508111737,0.05105173587799072,0.02484026551246643,0.5360340178012848,0.6367885768413544,449.8695186863057,263.4249728456808,,,,0.0,r03c02:x,0.17882127967169262,True,dwell_v1,0.0,,0.0,
d9880deb275d,1779969370946,ba43e845ddde0ab9,5,unknown,False,1.0,0.6555158923225528,0.49215203369641575,0.7538705756811075,0.5068071677862946,0.7046932340018301,0.4994796007413552,0.05111606419086456,0.02510121464729309,0.536391094326973,0.6364870369434357,445.64943797433415,261.4081909507735,,,,0.0,r03c02:x,0.18016482549232538,True,dwell_v1,0.0,,0.0,
d9880deb275d,1779969371077,ba43e845ddde0ab9,5,unknown,False,1.0,0.6537537995704579,0.4943616039181711,0.7555780129031916,0.5059019492970629,0.7046659062368248,0.500131776607617,0.05111762881278992,0.025179773569107056,0.5364187210798264,0.6363879442214966,443.6018097134739,259.62547085817937,,,,0.0,r03c02:x,0.17933857513330417,True,dwell_v1,0.0,,0.0,
d9880deb275d,1779969371179,ba43e845ddde0ab9,5,unknown,False,1.0,0.6429220083839217,0.4943835529804385,0.7489841820626357,0.5059151770178122,0.6959530952232786,0.5001493649991253,0.051181867718696594,0.02509760856628418,0.5360638499259949,0.6365114450454712,453.19543597822485,258.0531445679359,,,,0.0,r03c02:x,0.16690499879324217,True,dwell_v1,0.0,,0.0,
d9880deb275d,1779969371283,ba43e845ddde0ab9,5,unknown,False,1.0,0.6416821395981384,0.49439840382142614,0.7481141767959151,0.505261642496236,0.6948981581970267,0.49983002315883107,0.05108100175857544,0.02494710683822632,0.5362749099731445,0.6365163624286652,461.66039481267967,257.131286927279,,,,0.0,r02c03:f,0.1665084129875248,True,dwell_v1,0.0,,0.0,
d9880deb275d,1779969371418,ba43e845ddde0ab9,5,unknown,False,1.0,0.654895590929113,0.4961024130110594,0.7507801158075659,0.5081046401271185,0.7028378533683395,0.502103526569089,0.051213160157203674,0.02502080798149109,0.5370325446128845,0.6365713477134705,472.46981193974614,255.3927636914139,,,,0.0,r02c02:d,0.16285733777720338,True,dwell_v1,0.0,,0.0,
d9880deb275d,1779969371518,ba43e845ddde0ab9,5,unknown,False,1.0,0.658455599805828,0.4966549846684627,0.7505123528207581,0.507440627664567,0.7044839763132931,0.5020478061665148,0.051479727029800415,0.025141149759292603,0.5374037623405457,0.6366050839424133,479.5830947629295,254.00233576704986,,,,0.0,r03c03:c,0.16066768580863727,True,dwell_v1,0.0,,0.0,
d9880deb275d,1779969371618,ba43e845ddde0ab9,5,unknown,False,1.0,0.6617720108231254,0.49529356700816474,0.7561568363179132,0.5048343090249265,0.7089644235705193,0.5000639380165457,0.05151253938674927,0.02513796091079712,0.5377537906169891,0.6366642713546753,477.25511693236695,253.93480422314354,,,,0.0,r03c03:c,0.15822110091775363,True,dwell_v1,0.0,,0.0,
d9880deb275d,1779969371722,ba43e845ddde0ab9,5,unknown,False,1.0,0.6624123012987013,0.4957131258363672,0.7581773466613139,0.5062188786903732,0.7102948239800075,0.5009660022633702,0.051455676555633545,0.025148332118988037,0.5379987061023712,0.6367166936397552,474.3788175325732,254.11130478660104,,,,0.0,r02c02:d,0.15978260246469295,True,dwell_v1,0.0,,0.0,
d9880deb275d,1779969371858,ba43e845ddde0ab9,5,unknown,False,1.0,0.6616387803615373,0.49644351061163905,0.7552293043402888,0.5073381580251809,0.708434042350913,0.50189083431841,0.051461637020111084,0.02525198459625244,0.5380647033452988,0.6367418766021729,477.55790455377985,253.4536633881642,,,,0.0,r03c03:c,0.1578375397252678,True,dwell_v1,0.0,,0.0,
d9880deb275d,1779969371989,ba43e845ddde0ab9,5,unknown,False,1.0,0.6667075250395438,0.5083678856795059,0.7543209937487556,0.5188276292063032,0.7105142593941497,0.5135977574429045,0.05147214233875275,0.025798171758651733,0.538298711180687,0.6367431879043579,504.7711055465289,250.27258206927368,,,,0.0,r03c03:c,0.17269768527954157,True,dwell_v1,0.0,,0.0,
d9880deb275d,1779969372090,ba43e845ddde0ab9,5,unknown,False,1.0,0.6703090971611967,0.5177942259498466,0.7540230248587364,0.5273577227116405,0.7121660610099665,0.5225759743307435,0.051419422030448914,0.02625301480293274,0.5384624302387238,0.6366825699806213,542.5936284682191,247.18417695633954,,,,0.0,r03c03:c,0.16472824072429762,True,dwell_v1,0.0,,0.0,
d9880deb275d,1779969372193,ba43e845ddde0ab9,5,unknown,False,1.0,0.6730617004264392,0.523240337980649,0.7529000696967137,0.532276239637496,0.7129808850615764,0.5277582888090725,0.051361083984375,0.026578694581985474,0.5386661142110825,0.6366515457630157,571.0356914661252,245.33253738870917,,,,0.0,r02c04:g,0.1513120613700137,True,dwell_v1,0.0,,0.0,
d9880deb275d,1779969372294,ba43e845ddde0ab9,5,unknown,False,1.0,0.6716769845481864,0.5241633547204221,0.7509968773790011,0.5337278154665,0.7113369309635937,0.528945585093461,0.051343366503715515,0.026688873767852783,0.5386898070573807,0.63677778840065,587.4286567232292,244.30364857779009,,,,0.0,r02c03:f,0.1577554225306579,True,dwell_v1,0.0,,0.0,
d9880deb275d,1779969372394,ba43e845ddde0ab9,5,unknown,False,1.0,0.671090033213894,0.5256092069847749,0.7500275475186449,0.535107400404194,0.7105587903662695,0.5303583036944844,0.05142416059970856,0.02672770619392395,0.5387139022350311,0.6369047462940216,597.5628790902863,243.75587813438324,,,,0.0,r02c03:f,0.14037077818050078,True,dwell_v1,0.0,,0.0,
d9880deb275d,1779969372498,ba43e845ddde0ab9,5,unknown,False,1.0,0.5299300815232454,0.4952685605388469,0.6358526874092593,0.5138263592644714,0.5828913844662523,0.5045474599016592,0.05034688115119934,0.025021284818649292,0.5324139893054962,0.6369634866714478,606.1512026688956,243.98231761294585,,,,0.0,r03c04:v,0.14672965716255487,True,dwell_v1,0.0,,0.0,
d9880deb275d,1779969372599,ba43e845ddde0ab9,5,unknown,False,1.0,0.5075216018996923,0.4980779115477337,0.6083862383498243,0.5150127133486824,0.5579539201247583,0.506545312448208,0.04922276735305786,0.02387949824333191,0.5302388966083527,0.6366772949695587,642.9493580694556,244.62015892506355,,,,0.0,r03c04:v,0.15845362167641427,True,dwell_v1,0.0,,0.0,
d9880deb275d,1779969372700,ba43e845ddde0ab9,5,unknown,False,1.0,0.5047209087941678,0.4743405808411271,0.6147683074278556,0.48984923576332534,0.5597446081110117,0.48209490830222623,0.04932548105716705,0.02312016487121582,0.5298239886760712,0.6348772644996643,696.3126684183088,255.4085883410774,,,,0.0,r02c05:h,0.2067836370974825,True,dwell_v1,0.0,,0.0,
d9880deb275d,1779969372802,ba43e845ddde0ab9,5,unknown,False,1.0,0.4341947421207541,0.43872812681776746,0.5644361210963358,0.45144602114238563,0.49931543160854497,0.4450870739800765,0.049069106578826904,0.022077709436416626,0.5268229246139526,0.6315411925315857,675.3775452892546,260.2660786207549,,,,0.0,r03c04:v,0.1642536816950506,True,dwell_v1,0.0,,0.0,
d9880deb275d,1779969372903,ba43e845ddde0ab9,5,unknown,False,1.0,0.4230504602758779,0.4613023896713667,0.5391745839514627,0.47906988968008557,0.4811125221136703,0.47018613967572614,0.04873853921890259,0.02327638864517212,0.5266809910535812,0.6253476738929749,668.3614171225638,257.86299727333034,,,,0.0,r03c04:v,0.16637542354022086,True,dwell_v1,0.0,,0.0,
d9880deb275d,1779969373003,ba43e845ddde0ab9,5,unknown,False,1.0,0.5896098961801143,0.4736600902645429,0.7186021935483642,0.5007482100095807,0.6541060448642393,0.4872041501370618,0.048196688294410706,0.022865504026412964,0.5408668369054794,0.620631992816925,562.8907061627535,244.83243883931544,,,,0.0,r03c03:c,0.14636949848112538,True,dwell_v1,0.0,,0.0,
d9880deb275d,1779969373104,ba43e845ddde0ab9,5,unknown,False,1.0,0.5992853941342349,0.49347398895495337,0.735708723145226,0.514830689438376,0.6674970586397304,0.5041523391966647,0.048759639263153076,0.02395036816596985,0.5449420660734177,0.6182239651679993,540.2028389201873,238.45554685557414,,,,0.0,r03c03:c,0.15297717165699848,True,dwell_v1,0.0,,0.0,
d9880deb275d,1779969373208,ba43e845ddde0ab9,5,unknown,False,1.0,0.5972353229521203,0.49861308128582665,0.7344042069911223,0.5195677331161044,0.6658197649716213,0.5090904072009655,0.04880872368812561,0.02396377921104431,0.5484511703252792,0.6175976097583771,547.23598082515,236.82907161311948,,,,0.0,r03c03:c,0.14706806047180826,True,dwell_v1,0.0,,0.0,
d9880deb275d,1779969373341,ba43e845ddde0ab9,5,unknown,False,1.0,0.47509977824338917,0.49310203664307406,0.6077899119421598,0.5176804712721463,0.5414448450927745,0.5053912539576102,0.04857391119003296,0.022297710180282593,0.5442093312740326,0.6167767941951752,573.7876485181196,236.54435578681182,,,,0.0,r02c04:g,0.15775310002740817,True,dwell_v1,0.0,,0.0,
d9880deb275d,1779969373444,ba43e845ddde0ab9,5,unknown,False,1.0,0.39706746440650637,0.47058301210519976,0.5393873609412065,0.4847937921289825,0.4682274126738565,0.4776884021170911,0.04806333780288696,0.021622776985168457,0.5388421267271042,0.6151941418647766,634.7428235296825,236.5149467714827,,,,0.0,r03c04:v,0.14755329909861215,True,dwell_v1,0.0,,0.0,
d9880deb275d,1779969373545,ba43e845ddde0ab9,5,unknown,False,1.0,0.43251138724559113,0.47401392765513545,0.5663089593569068,0.48353278730108623,0.499410173301249,0.47877335747811084,0.04711511731147766,0.021899789571762085,0.5342718064785004,0.6142083406448364,651.8155610686889,237.8097700750451,,,,0.0,r03c04:v,0.14785243747220703,True,dwell_v1,0.0,,0.0,
d9880deb275d,1779969373646,ba43e845ddde0ab9,5,unknown,False,1.0,0.4280601065854796,0.4683145208620525,0.5520324859185487,0.47211925161741564,0.4900462962520141,0.47021688623973407,0.04671245813369751,0.022604912519454956,0.5286996960639954,0.6123203933238983,658.0953609677235,240.8267767520673,,,,0.0,r03c04:v,0.14984405994840133,True,dwell_v1,0.0,,0.0,
d9880deb275d,1779969373747,ba43e845ddde0ab9,5,unknown,False,1.0,0.4254073259956083,0.4700437455435432,0.5580976304753986,0.4749280255023226,0.4917524782355035,0.4724858855229329,0.046805307269096375,0.02283385396003723,0.5267319679260254,0.6112467050552368,664.0214430450205,240.6717146658259,,,,0.0,r03c04:v,0.14703687069919122,True,dwell_v1,0.0,,0.0,
d9880deb275d,1779969373849,ba43e845ddde0ab9,5,unknown,False,1.0,0.4249491640090153,0.4745188665237702,0.5567771501759831,0.4861459008030448,0.49086315709249917,0.48033238366340747,0.046807050704956055,0.023066937923431396,0.5247875601053238,0.6099446415901184,677.7905037172366,235.39952903098344,,,,0.0,r01c05:y,0.1468119832353694,True,dwell_v1,0.0,,0.0,
d9880deb275d,1779969373950,ba43e845ddde0ab9,5,unknown,False,1.0,0.42233568224006046,0.4736100785962925,0.5475152591094341,0.4929014792053479,0.4849254706747473,0.48325577890082017,0.04629546403884888,0.02279910445213318,0.5232683420181274,0.6078083217144012,687.5774419382395,232.15648118949227,,,,0.0,r01c05:y,0.15837295734302187,True,dwell_v1,0.0,,0.0,
d9880deb275d,1779969374052,ba43e845ddde0ab9,5,unknown,False,1.0,0.41663012542550854,0.4803711509259465,0.5448001560131992,0.5051015916218401,0.48071514071935384,0.4927363712738933,0.046026065945625305,0.022762417793273926,0.5225814580917358,0.6055009961128235,707.342786223723,228.82986045848398,,,,0.0,r01c05:y,0.1681378440516203,True,dwell_v1,0.0,,0.0,
d9880deb275d,1779969374153,ba43e845ddde0ab9,5,unknown,False,1.0,0.41497585074846105,0.4869935843935755,0.543689834498675,0.5129418833416987,0.479332842623568,0.49996773386763704,0.04608161747455597,0.022312939167022705,0.5224945694208145,0.6038429737091064,716.9514943256873,227.92653567444378,,,,0.0,r01c05:y,0.1672512987858615,True,dwell_v1,0.0,,0.0,
ff95232a1317,1779970080639,ba43e845ddde0ab9,5,unknown,False,1.0,0.5379739204485586,0.4521775876722141,0.6258658106788656,0.47163484048947774,0.5819198655637121,0.4619062140808459,0.04896974563598633,0.023838967084884644,0.4908006638288498,0.6241509318351746,610.9160581086454,293.42561421320005,,,,0.0,r02c04:g,0.1599578743911448,True,dwell_v1,0.0,,0.0,
ff95232a1317,1779970080768,ba43e845ddde0ab9,5,unknown,False,1.0,0.5365441893104739,0.45901462425980266,0.639058630635217,0.47796415894894506,0.5878014099728455,0.46848939160437386,0.04967404901981354,0.02421131730079651,0.4915012717247009,0.6250605285167694,614.6342908063148,305.80294295812706,,,,0.0,r04c02: ,0.18606768248759636,True,dwell_v1,0.0,,0.0,
ff95232a1317,1779970080870,ba43e845ddde0ab9,5,unknown,False,1.0,0.5347581463478124,0.45859402776985486,0.6436492105073421,0.4779215790511631,0.5892036784275773,0.468257803410509,0.05008654296398163,0.024280130863189697,0.49155788123607635,0.6253868639469147,622.9760744887517,328.41598009862406,,,,0.0,r04c02: ,0.25091801054611523,True,dwell_v1,0.0,,0.0,
ff95232a1317,1779970080979,ba43e845ddde0ab9,5,unknown,False,1.0,0.5311578280453898,0.45630302502287867,0.6425980357162117,0.4741721239433185,0.5868779318808007,0.46523757448309855,0.050168976187705994,0.02411523461341858,0.4914105534553528,0.6255038380622864,621.04770872177,323.47765482548243,,,,0.0,r04c02: ,0.23603455195126594,True,dwell_v1,0.0,,0.0,
ff95232a1317,1779970081092,ba43e845ddde0ab9,5,unknown,False,1.0,0.5270897615855853,0.4510970846359974,0.6417837897204485,0.46730464381849524,0.5844367756530169,0.4592008642272463,0.050136640667915344,0.023699849843978882,0.4912600517272949,0.6257711052894592,614.4173317996251,305.35175128182857,,,,0.0,r04c02: ,0.18483280986155864,True,dwell_v1,0.0,,0.0,
ff95232a1317,1779970081211,ba43e845ddde0ab9,5,unknown,False,1.0,0.6107709826669917,0.45334490831128216,0.714287248911737,0.4672417829525729,0.6625291157893644,0.46029334563192753,0.05027627944946289,0.02374178171157837,0.4945470988750458,0.6259580552577972,598.8149311775093,294.24528688356503,,,,0.0,r02c04:g,0.1513266837119818,True,dwell_v1,0.0,,0.0,
ff95232a1317,1779970081346,ba43e845ddde0ab9,5,unknown,False,1.0,0.6274931892885012,0.4545155136619209,0.7327293229683152,0.46607596818136565,0.6801112561284082,0.46029574092164327,0.05042611062526703,0.024024993181228638,0.4952559769153595,0.6260122656822205,578.6687018645837,283.3204201150605,,,,0.0,r03c04:v,0.20703299447515158,True,dwell_v1,0.0,,0.0,
ff95232a1317,1779970081448,ba43e845ddde0ab9,5,unknown,False,1.0,0.6306144744621356,0.4558043242554642,0.7363083857678625,0.46470750099366553,0.683461430114999,0.4602559126245649,0.050596579909324646,0.02421852946281433,0.49539659917354584,0.6260350346565247,570.3374980359657,278.7032468342607,,,,0.0,r02c03:f,0.16454915064620051,True,dwell_v1,0.0,,0.0,
ff95232a1317,1779970081569,ba43e845ddde0ab9,5,unknown,False,1.0,0.631762204565949,0.4592372423786293,0.7387595427147025,0.4679050799895874,0.6852608736403257,0.46357116118410835,0.05060531198978424,0.024372488260269165,0.4954158663749695,0.6259989142417908,560.8502498030608,276.5745196358982,,,,0.0,r02c03:f,0.17793233096824154,True,dwell_v1,0.0,,0.0,
ff95232a1317,1779970081701,ba43e845ddde0ab9,5,unknown,False,1.0,0.5266617601804713,0.4596531950241211,0.6474438855763778,0.4703052952074149,0.5870528228784245,0.464979245115768,0.05061262845993042,0.024222612380981445,0.49094244837760925,0.6259647607803345,582.8807929519651,289.56991534447775,,,,0.0,r03c03:c,0.214855522691642,True,dwell_v1,0.0,,0.0,
ff95232a1317,1779970081801,ba43e845ddde0ab9,5,unknown,False,1.0,0.5324625911503869,0.4594404444835902,0.6473318596651274,0.47125344177691714,0.5898972254077571,0.4653469431302537,0.050583451986312866,0.024242877960205078,0.491058349609375,0.6259652376174927,597.3140566684095,298.4343966767774,,,,0.0,r04c02: ,0.15648927743743438,True,dwell_v1,0.0,,0.0,
ff95232a1317,1779970081901,ba43e845ddde0ab9,5,unknown,False,1.0,0.559316746009308,0.4596637359247262,0.672615831305363,0.4737158874714064,0.6159662886573355,0.46668981169806634,0.05060787498950958,0.024365216493606567,0.4922392815351486,0.6259489357471466,602.3872448032672,303.7333677979566,,,,0.0,r04c02: ,0.1726774462116029,True,dwell_v1,0.0,,0.0,
ff95232a1317,1779970082003,ba43e845ddde0ab9,5,unknown,False,1.0,0.5742359194265075,0.4628349670870265,0.6858224237795606,0.47519812141443635,0.6300291716030341,0.4690165442507314,0.05069345235824585,0.02456456422805786,0.4929421991109848,0.6259553134441376,601.3205048135239,307.0366260514919,,,,0.0,r04c02: ,0.17963369073989227,True,dwell_v1,0.0,,0.0,
ff95232a1317,1779970082109,ba43e845ddde0ab9,5,unknown,False,1.0,0.5745514092544413,0.4643478431796515,0.6850900216000516,0.47743669116018406,0.6298207154272464,0.4708922671699178,0.05072014033794403,0.024680763483047485,0.4929874837398529,0.6259747445583344,601.0086287632288,310.6911840353088,,,,0.0,r04c02: ,0.18822655695818552,True,dwell_v1,0.0,,0.0,
ff95232a1317,1779970082240,ba43e845ddde0ab9,5,unknown,False,1.0,0.5697390421229617,0.4660601834145877,0.6783954229770494,0.47953488340744005,0.6240672325500055,0.4727975334110139,0.050751298666000366,0.024800807237625122,0.49286670982837677,0.626037061214447,602.242282336157,313.6125778868705,,,,0.0,r04c02: ,0.19656489365906787,True,dwell_v1,0.0,,0.0,
ff95232a1317,1779970082344,ba43e845ddde0ab9,5,unknown,False,1.0,0.5525012570638989,0.46418466261340097,0.6656521019921072,0.47977241761529116,0.609076679528003,0.47197854011434603,0.05075967311859131,0.024817705154418945,0.49222448468208313,0.6260044276714325,609.2738613292502,322.71665454315297,,,,0.0,r04c02: ,0.22623900280929904,True,dwell_v1,0.0,,0.0,
ff95232a1317,1779970082477,ba43e845ddde0ab9,5,unknown,False,1.0,0.5390744882785744,0.4596309245247451,0.6534698715011502,0.4769112639312895,0.5962721798898623,0.46827109422801727,0.05071447789669037,0.02478697896003723,0.49170468747615814,0.6258792877197266,618.06296051922,332.1358313873814,,,,0.0,r04c02: ,0.2588748731059389,True,dwell_v1,0.0,,0.0,
ff95232a1317,1779970082578,ba43e845ddde0ab9,5,unknown,False,1.0,0.5343551744201158,0.45960221459656064,0.6498076040825517,0.4774509698449754,0.5920813892513337,0.46852659222076803,0.05070143938064575,0.024839937686920166,0.49154385924339294,0.6258749663829803,620.8299149275041,333.0916860547528,,,,0.0,r04c02: ,0.26328121321041903,True,dwell_v1,0.0,,0.0,
ff95232a1317,1779970082680,ba43e845ddde0ab9,5,unknown,False,1.0,0.5322225493238986,0.4625000130260754,0.6469304390218001,0.48090072596232314,0.5895764941728494,0.47170036949419925,0.050746411085128784,0.025012671947479248,0.49145427346229553,0.6258608996868134,627.1776344736717,345.6565698938112,,,,0.0,r03c04:v,0.22156069251944274,True,dwell_v1,0.0,,0.0,
ff95232a1317,1779970082781,ba43e845ddde0ab9,5,unknown,False,1.0,0.5323032536689348,0.46354562135620603,0.6450892777843661,0.4833101008041621,0.5886962657266505,0.4734278610801841,0.05074584484100342,0.0251237154006958,0.4914369583129883,0.6258553564548492,632.4099991998842,357.27865554508844,,,,0.0,r03c04:v,0.21706677370207902,True,dwell_v1,0.0,,0.0,
ff95232a1317,1779970082887,ba43e845ddde0ab9,5,unknown,False,1.0,0.5318682624041058,0.4644007765885417,0.6443511217617343,0.4847235812982467,0.5881096920829201,0.4745621789433942,0.050750985741615295,0.025204956531524658,0.49141961336135864,0.6258392333984375,633.4941310208227,355.57099851804696,,,,0.0,r03c04:v,0.21808476403133933,True,dwell_v1,0.0,,0.0,
ff95232a1317,1779970083020,ba43e845ddde0ab9,5,unknown,False,1.0,0.5315935345320811,0.4651693847974969,0.6431388953474795,0.48505718237174,0.5873662149397803,0.47511328358461846,0.05075734853744507,0.025287479162216187,0.49138645827770233,0.6257764399051666,632.2088226144125,342.9862186053847,,,,0.0,r03c04:v,0.2796518479856262,True,dwell_v1,0.0,,0.0,
ff95232a1317,1779970083121,ba43e845ddde0ab9,5,unknown,False,1.0,0.6250410211237197,0.4665393882755149,0.7059307554108966,0.485082950618478,0.6654858882673081,0.4758111694469964,0.05080235004425049,0.02532118558883667,0.4949377477169037,0.625825434923172,555.004120646511,292.7990738980473,,,,0.0,r02c03:f,0.1690071167147338,True,dwell_v1,0.0,,0.0,
ff95232a1317,1779970083222,ba43e845ddde0ab9,5,unknown,False,1.0,0.6571873789739096,0.47213507706869956,0.7521768473115641,0.4924574747614438,0.7046821131427368,0.4822962759150717,0.050906211137771606,0.025588124990463257,0.4967617988586426,0.6261971294879913,292.2046220642481,255.46509081362947,,,,0.0,r03c01:z,0.186886870431638,True,dwell_v1,0.0,,0.0,
ff95232a1317,1779970083355,ba43e845ddde0ab9,5,unknown,False,1.0,0.6610102739683444,0.4738109648074403,0.7634760788146784,0.49302567893503646,0.7122431763915114,0.48341832187123834,0.051047906279563904,0.025664955377578735,0.49706384539604187,0.6262258589267731,246.8274273977986,253.33170740327589,,,,0.0,r03c01:z,0.15894823765817348,True,dwell_v1,0.0,,0.0,
ff95232a1317,1779970083457,ba43e845ddde0ab9,5,unknown,False,1.0,0.6623410234945925,0.4758414006318538,0.7678443891934852,0.4934054281774511,0.7150927063440389,0.48462341440465245,0.05104944109916687,0.025684058666229248,0.49717286229133606,0.6262198984622955,218.428414000538,251.86410331899026,,,,0.0,r02c01:s,0.14901271821183218,True,dwell_v1,0.0,,0.0,
ff95232a1317,1779970083558,ba43e845ddde0ab9,5,unknown,False,1.0,0.6647619279762703,0.47699704117057634,0.7701188951206547,0.4942618351170309,0.7174404115484625,0.48562943814380366,0.05108128488063812,0.025752216577529907,0.4972742646932602,0.6262480914592743,197.45057055730283,249.19426961477038,,,,0.0,r03c00:SHIFT,0.1426861321157093,True,dwell_v1,0.0,,0.0,
ff95232a1317,1779970083659,ba43e845ddde0ab9,5,unknown,False,1.0,0.6646606137951345,0.47851604663784253,0.7708459653473062,0.49509076300845667,0.7177532895712204,0.4868034048231496,0.051078617572784424,0.02579212188720703,0.4972757548093796,0.6263019442558289,174.548208832308,237.72712226341858,,,,0.0,r03c00:SHIFT,0.16690505450183912,True,dwell_v1,0.0,,0.0,
ff95232a1317,1779970083760,ba43e845ddde0ab9,5,unknown,False,1.0,0.6642610138557334,0.4833951013200727,0.771322168014812,0.4979763454085208,0.7177915909352728,0.4906857233642967,0.051043495535850525,0.02579033374786377,0.49730920791625977,0.6265361905097961,164.58251789491322,231.18061880925814,,,,0.0,r03c00:SHIFT,0.17208564378209287,True,dwell_v1,0.0,,0.0,
ff95232a1317,1779970083862,ba43e845ddde0ab9,5,unknown,False,1.0,0.6642675427032189,0.4859085493680096,0.7713398287356478,0.49943513823053237,0.7178036857194333,0.492671843799271,0.05110764503479004,0.025890499353408813,0.497398242354393,0.6267473697662354,187.3714575603191,233.96406604226777,,,,0.0,r01c01:w,0.16997526555887155,True,dwell_v1,0.0,,0.0,
ff95232a1317,1779970083963,ba43e845ddde0ab9,5,unknown,False,1.0,0.6640106699133019,0.4836701968151858,0.7709002532704113,0.49671995138595276,0.7174554615918567,0.4901950741005693,0.05112448334693909,0.02582988142967224,0.4974415898323059,0.6268927454948425,176.81271162142042,232.0554645811385,,,,0.0,r01c01:w,0.17175112366114967,True,dwell_v1,0.0,,0.0,
ff95232a1317,1779970084063,ba43e845ddde0ab9,5,unknown,False,1.0,0.6636450853113162,0.4818660407013206,0.771641295562706,0.4951265567150207,0.7176431904370111,0.4884962987081707,0.05110688507556915,0.025794923305511475,0.4975585490465164,0.6270442306995392,161.84906769865486,224.98018532900488,,,,0.0,r01c01:w,0.17883232763777165,True,dwell_v1,0.0,,0.0,
ff95232a1317,1779970084168,ba43e845ddde0ab9,5,unknown,False,1.0,0.6639207964878836,0.48220401945712565,0.7710669111756778,0.4939211923727955,0.7174938538317808,0.4880626059149606,0.05106276273727417,0.025742024183273315,0.49758289754390717,0.6271662414073944,154.10260251438302,220.76069495047457,,,,0.0,r01c01:w,0.18157310497828427,True,dwell_v1,0.0,,0.0,
ff95232a1317,1779970084299,ba43e845ddde0ab9,5,unknown,False,1.0,0.6600873877816233,0.485282689483546,0.7657547413809742,0.495647787415768,0.7129210645812988,0.490465238449657,0.05105140805244446,0.02562713623046875,0.4973880350589752,0.6274696886539459,152.21383086598016,222.15348030027383,,,,0.0,r01c01:w,0.17753909127369938,True,dwell_v1,0.0,,0.0,
ff95232a1317,1779970084402,ba43e845ddde0ab9,5,unknown,False,1.0,0.49780751518105154,0.4716718855067838,0.5968257005497791,0.49546486051974575,0.5473166078654154,0.4835683730132648,0.050079673528671265,0.025056928396224976,0.48894084990024567,0.6276057660579681,440.60002977574294,214.3875790625477,,,,0.0,r01c03:r,0.19978589370413044,True,dwell_v1,0.0,,0.0,
ff95232a1317,1779970084513,ba43e845ddde0ab9,5,unknown,False,1.0,0.46424614178695384,0.46429781575582935,0.5606541666961431,0.49474576271186443,0.5124501542415485,0.4795217892338469,0.04987674951553345,0.02462172508239746,0.48656749725341797,0.6276707053184509,651.9214917037434,235.90232300881496,,,,0.0,r03c04:v,0.14528742411665296,True,dwell_v1,0.0,,0.0,
ff95232a1317,1779970084627,ba43e845ddde0ab9,5,unknown,False,1.0,0.4641074314474952,0.4614886047665002,0.5626075892265284,0.49271670197429424,0.5133575103370118,0.47710265337039726,0.05004653334617615,0.024470239877700806,0.4863792061805725,0.6276684403419495,671.4005476319236,244.5429081309999,,,,0.0,r03c04:v,0.14778010962450558,True,dwell_v1,0.0,,0.0,
ff95232a1317,1779970084728,ba43e845ddde0ab9,5,unknown,False,1.0,0.45740221726687674,0.4625839411137353,0.5560734190159188,0.4937336600109567,0.5067378181413977,0.478158800562346,0.0500798225402832,0.024360984563827515,0.48570697009563446,0.6276102066040039,678.630285881822,249.6657168856424,,,,0.0,r03c04:v,0.1489202137273726,True,dwell_v1,0.0,,0.0,
ff95232a1317,1779970084829,ba43e845ddde0ab9,5,unknown,False,1.0,0.4513701129177258,0.46575146791790484,0.5490900922690554,0.49633978401101686,0.5002301025933906,0.4810456259644609,0.0499478280544281,0.02419719099998474,0.48509150743484497,0.6275705099105835,704.8419234012383,250.7285142923469,,,,0.0,r02c04:g,0.15308822347129472,True,dwell_v1,0.0,,0.0,
ff95232a1317,1779970084933,ba43e845ddde0ab9,5,unknown,False,1.0,0.44971552995006403,0.47120789356625825,0.5479366924279047,0.5020068848982516,0.49882611118898434,0.48660738923225494,0.05002516508102417,0.024102389812469482,0.48482878506183624,0.6274402439594269,977.4751957883359,320.20147222035814,,,,0.0,r02c07:k,0.1773302278844548,True,dwell_v1,0.0,,0.0,
ff95232a1317,1779970085033,ba43e845ddde0ab9,5,unknown,False,1.0,0.45102289038834914,0.4772134518294126,0.5495702868568606,0.5061426794349025,0.5002965886226048,0.49167806563215755,0.05007776618003845,0.02413114905357361,0.4847034513950348,0.6273234784603119,1061.7428717145308,341.17705762898436,,,,0.0,r03c08:BACKSPACE,0.2231927527053663,True,dwell_v1,0.0,,0.0,
ff95232a1317,1779970085135,ba43e845ddde0ab9,5,unknown,False,1.0,0.4506390623755201,0.47632657389420013,0.5518239386172754,0.503706660346842,0.5012315004963978,0.490016617120521,0.05016504228115082,0.024091660976409912,0.4845980852842331,0.6272778213024139,1081.4901991107688,348.1312479366528,,,,0.0,r03c08:BACKSPACE,0.21457793426601582,True,dwell_v1,0.0,,0.0,
ff95232a1317,1779970085236,ba43e845ddde0ab9,5,unknown,False,1.0,0.4504031830452368,0.475650429048811,0.5517488379416864,0.5028795524733088,0.5010760104934616,0.4892649907610599,0.05019363760948181,0.024079591035842896,0.4845624566078186,0.6272716820240021,1106.8929260024665,359.118413236504,,,,0.0,r03c08:BACKSPACE,0.2540487140313639,True,dwell_v1,0.0,,0.0,
ff95232a1317,1779970085337,ba43e845ddde0ab9,5,unknown,False,1.0,0.4509731309720039,0.4750765394582738,0.5515962635279112,0.501825554992327,0.5012846972499576,0.4884510472253004,0.050219953060150146,0.024036794900894165,0.4845685064792633,0.6272318661212921,1122.8038614015372,366.0343301623642,,,,0.0,r03c08:BACKSPACE,0.2720420885667064,True,dwell_v1,0.0,,0.0,
ff95232a1317,1779970085437,ba43e845ddde0ab9,5,unknown,False,1.0,0.45144811431751425,0.47727298257565737,0.5520305823596088,0.5023745939793168,0.5017393483385615,0.48982378827748707,0.05022323131561279,0.024013638496398926,0.4845913052558899,0.6271975040435791,1127.731015137619,368.108954856175,,,,0.0,r03c08:BACKSPACE,0.2767417099119927,True,dwell_v1,0.0,,0.0,
ff95232a1317,1779970085540,ba43e845ddde0ab9,5,unknown,False,1.0,0.45248657831790534,0.47948265547974767,0.5527146309285578,0.5031048398507247,0.5026006046232315,0.4912937476652362,0.050195977091789246,0.024144023656845093,0.48459428548812866,0.6269486844539642,1106.881666143096,356.7960096966235,,,,0.0,r03c08:BACKSPACE,0.2559246230830144,True,dwell_v1,0.0,,0.0,
ff95232a1317,1779970085640,ba43e845ddde0ab9,5,unknown,False,1.0,0.4524438237631013,0.48062149331031506,0.5532267656219902,0.49992138090966176,0.5028352946925458,0.49027143710998844,0.05020362138748169,0.024625390768051147,0.4845729023218155,0.6262400448322296,1109.683341081023,358.61146458824163,,,,0.0,r03c08:BACKSPACE,0.2590628457503225,True,dwell_v1,0.0,,0.0,
ff95232a1317,1779970085744,ba43e845ddde0ab9,5,unknown,False,1.0,0.45481496282588535,0.48332173290924774,0.5537604718534034,0.500530827277995,0.5042877173396444,0.4919262800936214,0.05027306079864502,0.02506721019744873,0.48452576994895935,0.6258427202701569,1075.2368666782525,336.46183353693937,,,,0.0,r03c08:BACKSPACE,0.2574342670950111,True,dwell_v1,0.0,,0.0,
ff95232a1317,1779970085877,ba43e845ddde0ab9,5,unknown,False,1.0,0.4568045932153334,0.4849812650712877,0.5550990269742293,0.502592065546773,0.5059518100947813,0.49378666530903037,0.05035717785358429,0.025290608406066895,0.4845164567232132,0.6257895231246948,1041.4196346930219,300.5295895476913,,,,0.0,r02c07:k,0.15251064278396748,True,dwell_v1,0.0,,0.0,
ff95232a1317,1779970085984,ba43e845ddde0ab9,5,unknown,False,1.0,0.45766257013229344,0.4876992423384176,0.5554570505029467,0.505035240604012,0.5065598103176201,0.4963672414712148,0.05036333203315735,0.025355666875839233,0.48449960350990295,0.6258750259876251,1040.8557217500784,232.37279041120675,,,,0.0,r02c08:l,0.18194317697173773,True,dwell_v1,0.0,,0.0,
ff95232a1317,1779970086116,ba43e845ddde0ab9,5,unknown,False,1.0,0.45977547469326835,0.4893639954167522,0.556476132276844,0.5068958001124253,0.5081258034850562,0.4981298977645887,0.05040062963962555,0.025392144918441772,0.48444972932338715,0.6259467899799347,1088.588837894172,171.46050115450828,,,,0.0,r02c08:l,0.21098188760529546,True,dwell_v1,0.0,,0.0,
ff95232a1317,1779970086248,ba43e845ddde0ab9,5,unknown,False,1.0,0.46038330245888287,0.49019140470800227,0.5570874038981577,0.5078185372359552,0.5087353531785203,0.4990049709719787,0.050398871302604675,0.025437980890274048,0.48438385128974915,0.6260241866111755,1108.8485941936715,152.97236729607968,,,,0.0,r02c08:l,0.19963685544765558,True,dwell_v1,0.0,,0.0,
ff95232a1317,1779970086385,ba43e845ddde0ab9,5,unknown,False,1.0,0.45812302609838124,0.49100563621211457,0.5573888631350653,0.5087176995083914,0.5077559446167232,0.499861667860253,0.05046169459819794,0.025460809469223022,0.48422595858573914,0.6260539293289185,1119.8583492120265,145.35660978065607,,,,0.0,r01c09:p,0.19454605935822236,True,dwell_v1,0.0,,0.0,
ff95232a1317,1779970086518,ba43e845ddde0ab9,5,unknown,False,1.0,0.4619333182177361,0.490467204803549,0.5587847066123542,0.508758960902479,0.5103590124150452,0.499613082853014,0.05045334994792938,0.025490254163742065,0.48416970670223236,0.6260940432548523,1123.5046833655579,143.21035568646738,,,,0.0,r01c09:p,0.20832096753397278,True,dwell_v1,0.0,,0.0,
ff95232a1317,1779970086620,ba43e845ddde0ab9,5,unknown,False,1.0,0.46383957944333304,0.4898911953478281,0.5625144741279077,0.5073616263027065,0.5131770267856204,0.4986264108252673,0.05045697093009949,0.025501638650894165,0.4842171370983124,0.6261416971683502,1121.536789994523,144.53382785620326,,,,0.0,r01c09:p,0.20067144395763561,True,dwell_v1,0.0,,0.0,
ff95232a1317,1779970086722,ba43e845ddde0ab9,5,unknown,False,1.0,0.5416653921821523,0.481501061471224,0.6348160302893896,0.5031838113421312,0.5882407112357709,0.49234243640667763,0.050576671957969666,0.025292634963989258,0.48798564076423645,0.6259476244449615,757.2644418848217,230.46377090300905,,,,0.0,r03c05:b,0.1452724130842472,True,dwell_v1,0.0,,0.0,
ff95232a1317,1779970086822,ba43e845ddde0ab9,5,unknown,False,1.0,0.5470877195087533,0.4799046123422323,0.639494830402104,0.5018992208030663,0.5932912749554287,0.49090191657264926,0.050593212246894836,0.02528241276741028,0.48840054869651794,0.6259097754955292,673.7952280868105,238.7268643111355,,,,0.0,r03c04:v,0.13891505542398583,True,dwell_v1,0.0,,0.0,
ff95232a1317,1779970086924,ba43e845ddde0ab9,5,unknown,False,1.0,0.5454789996500059,0.47899785440041337,0.6394507440497386,0.5013037453076796,0.5924648718498722,0.4901507998540465,0.05073375999927521,0.025324970483779907,0.4885660409927368,0.6258966028690338,654.1466860005027,239.7672959466016,,,,0.0,r03c04:v,0.14980255071888438,True,dwell_v1,0.0,,0.0,
ff95232a1317,1779970087026,ba43e845ddde0ab9,5,unknown,False,1.0,0.5435793322901266,0.4773986769132576,0.6383343663946837,0.5000330147572696,0.5909568493424051,0.4887158458352636,0.05079078674316406,0.02536502480506897,0.4885873943567276,0.6258769035339355,642.5226363545286,238.54054250562066,,,,0.0,r03c04:v,0.15033984834528663,True,dwell_v1,0.0,,0.0,
ff95232a1317,1779970087129,ba43e845ddde0ab9,5,unknown,False,1.0,0.5416591528967527,0.4763138202958614,0.6381942775925957,0.4994295461846055,0.5899267152446742,0.48787168324023344,0.05089622735977173,0.025494396686553955,0.48861436545848846,0.6259399056434631,637.0172128236602,235.86539349455177,,,,0.0,r03c04:v,0.14682448148754984,True,dwell_v1,0.0,,0.0,
ff95232a1317,1779970087230,ba43e845ddde0ab9,5,unknown,False,1.0,0.5520838993642341,0.47324696672441735,0.6506475393504683,0.49494805535761166,0.6013657193573512,0.4840975110410145,0.05095262825489044,0.025528162717819214,0.4892363101243973,0.6261172890663147,632.8427240010269,230.38024236373514,,,,0.0,r03c04:v,0.13914073703923313,True,dwell_v1,0.0,,0.0,
ff95232a1317,1779970087364,ba43e845ddde0ab9,5,unknown,False,1.0,0.5550379031929361,0.4727450896446087,0.6521365575238702,0.4943669420376244,0.6035872303584031,0.4835560158411165,0.05099023878574371,0.025700628757476807,0.48937949538230896,0.6262454986572266,623.9355042169295,223.05386139538993,,,,0.0,r01c04:t,0.14614204406478515,True,dwell_v1,0.0,,0.0,
ff95232a1317,1779970087465,ba43e845ddde0ab9,5,unknown,False,1.0,0.5502777775711011,0.4729777622075663,0.6482487328742741,0.4950357837389769,0.5992632552226875,0.4840067729732716,0.05098448693752289,0.025751769542694092,0.4891769140958786,0.6262900829315186,624.533037777198,220.32919538272031,,,,0.0,r01c04:t,0.1498699542343123,True,dwell_v1,0.0,,0.0,
ff95232a1317,1779970087597,ba43e845ddde0ab9,5,unknown,False,1.0,0.5479222741651727,0.4732640882357235,0.6455386438891916,0.49648657054128,0.5967304590271821,0.48487532938850175,0.05091498792171478,0.02576395869255066,0.48905277252197266,0.6263303160667419,625.1622277667968,222.63287127451923,,,,0.0,r01c04:t,0.14541598355330712,True,dwell_v1,0.0,,0.0,
ff95232a1317,1779970087703,ba43e845ddde0ab9,5,unknown,False,1.0,0.5465804253938644,0.47329761449251057,0.6421129235520687,0.4962310351295241,0.5943466744729666,0.48476432481101733,0.05090735852718353,0.025750845670700073,0.48895587027072906,0.6263035833835602,628.2438104014059,224.0524525291969,,,,0.0,r01c04:t,0.13959526023429522,True,dwell_v1,0.0,,0.0,
ff95232a1317,1779970087835,ba43e845ddde0ab9,5,unknown,False,1.0,0.5454120759218246,0.4749052324683453,0.6403606293149355,0.49665199948108485,0.5928863526183801,0.48577861597471506,0.050876811146736145,0.02579590678215027,0.48890402913093567,0.6262885928153992,629.0958168732592,225.33822085129594,,,,0.0,r01c04:t,0.13661597072652937,True,dwell_v1,0.0,,0.0,
ff95232a1317,1779970087936,ba43e845ddde0ab9,5,unknown,False,1.0,0.5448520548508023,0.4760450146087405,0.6390317319472372,0.4975589773139072,0.5919418933990197,0.48680199596132384,0.05085524916648865,0.02582615613937378,0.48884648084640503,0.6262857019901276,628.4219401941065,226.3303943501012,,,,0.0,r01c04:t,0.13586445608211717,True,dwell_v1,0.0,,0.0,
ff95232a1317,1779970088039,ba43e845ddde0ab9,5,unknown,False,1.0,0.5445747243070113,0.4770527757069661,0.6386657714337818,0.4978078676530807,0.5916202478703965,0.4874303216800234,0.0508536696434021,0.025843173265457153,0.4888096898794174,0.626270979642868,627.6633078387874,227.7901230101838,,,,0.0,r03c04:v,0.13484689422348947,True,dwell_v1,0.0,,0.0,
ff95232a1317,1779970088139,ba43e845ddde0ab9,5,unknown,False,1.0,0.5441969449780127,0.48035656935587034,0.6392855746754824,0.49940660106160145,0.5917412598267475,0.4898815852087359,0.05084526538848877,0.025882691144943237,0.4887688010931015,0.6262513995170593,628.6390446992028,232.23239710867486,,,,0.0,r03c04:v,0.14094624834376096,True,dwell_v1,0.0,,0.0,
ff95232a1317,1779970088240,ba43e845ddde0ab9,5,unknown,False,1.0,0.5447527536557027,0.47971781305114636,0.6389963358670002,0.49915295995045605,0.5918745447613515,0.4894353865008012,0.050770506262779236,0.025850534439086914,0.4887230843305588,0.6261656582355499,629.1711669169229,235.52938025496803,,,,0.0,r03c04:v,0.14545134783685992,True,dwell_v1,0.0,,0.0,
ff95232a1317,1779970088343,ba43e845ddde0ab9,5,unknown,False,1.0,0.5593157979024861,0.4778933284680411,0.6579811436284476,0.49745183159947337,0.6086484707654669,0.48767258003375724,0.05082473158836365,0.025849610567092896,0.4894026219844818,0.626092940568924,616.8659086645384,235.0097237074177,,,,0.0,r03c04:v,0.14094214342839545,True,dwell_v1,0.0,,0.0,
ff95232a1317,1779970088443,ba43e845ddde0ab9,5,unknown,False,1.0,0.6009254054870578,0.47832191491161297,0.7108293885802406,0.49303497065390667,0.6558773970336491,0.48567844278275984,0.0510016530752182,0.02580934762954712,0.49158479273319244,0.6261799931526184,348.4476552738136,250.17732932620717,,,,0.0,r02c02:d,0.21985713336666893,True,dwell_v1,0.0,,0.0,
ff95232a1317,1779970088572,ba43e845ddde0ab9,5,unknown,False,1.0,0.608883094329763,0.4802048463065412,0.7155745999150321,0.4923808458625593,0.6622288471223976,0.48629284608455026,0.05129483342170715,0.02600952982902527,0.49212484061717987,0.6263601779937744,282.8851628722761,256.4543380704342,,,,0.0,r03c01:z,0.18726668125925613,True,dwell_v1,0.0,,0.0,
ff95232a1317,1779970088701,ba43e845ddde0ab9,5,unknown,False,1.0,0.6137809620441409,0.4799458837060055,0.720335690909257,0.49163139462432587,0.6670583264766989,0.4857886391651657,0.05152614414691925,0.026238441467285156,0.4925927519798279,0.6264676451683044,255.6457542207956,259.8771128641003,,,,0.0,r03c01:z,0.17613799196754526,True,dwell_v1,0.0,,0.0,
ff95232a1317,1779970088804,ba43e845ddde0ab9,5,unknown,False,1.0,0.6134871882706299,0.47995768624952806,0.7200046052392559,0.49161784696869887,0.6667458967549429,0.4857877666091135,0.05162705481052399,0.02632516622543335,0.49271875619888306,0.6264883875846863,244.8031835724458,261.29550177901825,,,,0.0,r03c01:z,0.1668710390890482,True,dwell_v1,0.0,,0.0,
ff95232a1317,1779970088929,ba43e845ddde0ab9,5,unknown,False,1.0,0.6409542072823491,0.4810148131618359,0.7384881137292869,0.4944496843938185,0.689721160505818,0.48773224877782717,0.05171900987625122,0.026568442583084106,0.4940420985221863,0.6265783905982971,175.98196204316247,289.2867956374901,,,,0.0,r02c00:a,0.1909608086073494,True,dwell_v1,0.0,,0.0,
ff95232a1317,1779970089030,ba43e845ddde0ab9,5,unknown,False,1.0,0.6470899882215909,0.4858073988858303,0.7412614827136818,0.4987918781346748,0.6941757354676363,0.49229963851025255,0.05178558826446533,0.026766449213027954,0.49448539316654205,0.6266263425350189,176.54568442542708,269.34013127566163,,,,0.0,r03c00:SHIFT,0.2614731216746801,True,dwell_v1,0.0,,0.0,
ff95232a1317,1779970089133,ba43e845ddde0ab9,5,unknown,False,1.0,0.6466261562380888,0.492448588547227,0.7412541097058462,0.5046575518611661,0.6939401329719674,0.4985530702041966,0.05191275477409363,0.027009695768356323,0.49463826417922974,0.6267628371715546,343.01164215519174,243.23896150870536,,,,0.0,r02c02:d,0.16455534909604805,True,dwell_v1,0.0,,0.0,
ff95232a1317,1779970089265,ba43e845ddde0ab9,5,unknown,False,1.0,0.6434482829912562,0.4942224978807158,0.73760381735258,0.5072183718513557,0.6905260501719181,0.5007204348660357,0.05189378559589386,0.027224868535995483,0.4945346415042877,0.626863569021225,422.2095604416278,240.41385137024614,,,,0.0,r03c02:x,0.16163083946826703,True,dwell_v1,0.0,,0.0,
ff95232a1317,1779970089367,ba43e845ddde0ab9,5,unknown,False,1.0,0.642753581998122,0.4939070209975628,0.7370051583309782,0.5073807947860887,0.6898793701645501,0.5006439078918257,0.0519227534532547,0.027323663234710693,0.49455273151397705,0.6268840134143829,435.8002645656234,239.9693247008223,,,,0.0,r03c02:x,0.15431745278372602,True,dwell_v1,0.0,,0.0,
ff95232a1317,1779970089470,ba43e845ddde0ab9,5,unknown,False,1.0,0.6450163388056398,0.49529063270482643,0.7371591748786306,0.507792677730649,0.6910877568421352,0.5015416552177376,0.05188748240470886,0.027360230684280396,0.4946093112230301,0.6268909573554993,450.04046076037196,239.5986923124326,,,,0.0,r01c03:r,0.15519742421966096,True,dwell_v1,0.0,,0.0,
ff95232a1317,1779970089603,ba43e845ddde0ab9,5,unknown,False,1.0,0.6468774467789056,0.4964053672517248,0.738513367552359,0.5071647612301629,0.6926954071656323,0.5017850642409438,0.05183024704456329,0.02739846706390381,0.49467651546001434,0.6268338561058044,464.0734063332094,239.26574526462844,,,,0.0,r02c03:f,0.2212792228006179,True,dwell_v1,0.0,,0.0,
ff95232a1317,1779970089726,ba43e845ddde0ab9,5,unknown,False,1.0,0.6237248955103872,0.4963331210453441,0.7279201402953305,0.5056957669291744,0.6758225179028589,0.5010144439872593,0.051771894097328186,0.02733674645423889,0.49390922486782074,0.6267747581005096,476.012568767621,239.01829315354598,,,,0.0,r02c02:d,0.15934359337805262,True,dwell_v1,0.0,,0.0,
ff95232a1317,1779970089840,ba43e845ddde0ab9,5,unknown,False,1.0,0.6067575032117248,0.49626501367156745,0.7133354053066966,0.506672423423819,0.6600464542592107,0.5014687185476933,0.051743730902671814,0.027247190475463867,0.49322356283664703,0.6267480850219727,503.3329007296881,238.39771481869192,,,,0.0,r03c03:c,0.15361803932843085,True,dwell_v1,0.0,,0.0,
ff95232a1317,1779970089955,ba43e845ddde0ab9,5,unknown,False,1.0,0.6011430691555694,0.49419499476987616,0.7062157373933289,0.5071623612104089,0.6536794032744491,0.5006786779901425,0.051659345626831055,0.027136534452438354,0.4929468482732773,0.6267594397068024,533.3431859812814,237.6932546328709,,,,0.0,r03c03:c,0.15431467338633267,True,dwell_v1,0.0,,0.0,
ff95232a1317,1779970090064,ba43e845ddde0ab9,5,unknown,False,1.0,0.5914711059297598,0.4912088036464119,0.6989842529699731,0.5060933967687005,0.6452276794498665,0.4986511002075562,0.05162438750267029,0.026949286460876465,0.492643266916275,0.626860648393631,538.4775038856988,237.7334239702654,,,,0.0,r03c03:c,0.1526279688837568,True,dwell_v1,0.0,,0.0,
ff95232a1317,1779970090176,ba43e845ddde0ab9,5,unknown,False,1.0,0.5859383330226108,0.486583535275246,0.6952461839058055,0.5037679018363966,0.6405922584642081,0.4951757185558213,0.05171942710876465,0.026747792959213257,0.49253250658512115,0.6269926130771637,516.9948139126243,238.87223533627326,,,,0.0,r03c03:c,0.1577356479046296,True,dwell_v1,0.0,,0.0,
ff95232a1317,1779970090293,ba43e845ddde0ab9,5,unknown,False,1.0,0.6360412696287807,0.4926709370215645,0.7140775408708008,0.5044617871782927,0.6750594052497907,0.4985663620999286,0.051754698157310486,0.026992380619049072,0.49412083625793457,0.627012699842453,448.76367543605204,240.78877757455115,,,,0.0,r01c03:r,0.1530926404906882,True,dwell_v1,0.0,,0.0,
ff95232a1317,1779970090393,ba43e845ddde0ab9,5,unknown,False,1.0,0.6460346909629199,0.49409981706243605,0.7262764682116529,0.5051225394197821,0.6861555795872865,0.4996111782411091,0.051807060837745667,0.0271759033203125,0.4946882873773575,0.6270458698272705,445.20640240647504,240.3089611856107,,,,0.0,r01c03:r,0.15356512295878866,True,dwell_v1,0.0,,0.0,
ff95232a1317,1779970090512,ba43e845ddde0ab9,5,unknown,False,1.0,0.6496196852354291,0.4978912376519652,0.7326568434217465,0.5090901737515086,0.6911382643285878,0.5034907057017368,0.051782235503196716,0.027354836463928223,0.49494439363479614,0.6272892355918884,474.25084057373806,239.41376898273376,,,,0.0,r02c02:d,0.16248826935080238,True,dwell_v1,0.0,,0.0,
ff95232a1317,1779970090629,ba43e845ddde0ab9,5,unknown,False,1.0,0.6505479453171691,0.5000401784237137,0.7350477200687895,0.5105535355857407,0.6927978326929793,0.5052968570047272,0.05178874731063843,0.027437597513198853,0.4950356185436249,0.6273774802684784,511.1280582661043,238.47163911438753,,,,0.0,r03c03:c,0.1561855619539607,True,dwell_v1,0.0,,0.0,
ff95232a1317,1779970090731,ba43e845ddde0ab9,5,unknown,False,1.0,0.6295620697055576,0.5011064278017537,0.7319625615260347,0.5115660623339084,0.6807623156157961,0.506336245067831,0.05176118016242981,0.026967376470565796,0.49442991614341736,0.6271377801895142,541.8470398030199,237.71903945311553,,,,0.0,r03c03:c,0.15115170916121048,True,dwell_v1,0.0,,0.0,
ff95232a1317,1779970090833,ba43e845ddde0ab9,5,unknown,False,1.0,0.5988136066118703,0.5127676186723928,0.6949298020888645,0.5270032832900048,0.6468717043503673,0.5198854509811988,0.05053773522377014,0.027086347341537476,0.4921319782733917,0.6239476799964905,685.3150517798962,234.43937556507927,,,,0.0,r01c05:y,0.15304306541974638,True,dwell_v1,0.0,,0.0,
ff95232a1317,1779970090936,ba43e845ddde0ab9,5,unknown,False,1.0,0.5271935582951404,0.46649881404757076,0.6483462750596903,0.48412629633861165,0.5877699166774153,0.47531255519309124,0.048695385456085205,0.023651480674743652,0.48801709711551666,0.6151017546653748,662.9854324921816,284.77427636244704,,,,0.0,r02c04:g,0.17142731446744439,True,dwell_v1,0.0,,0.0,
ff95232a1317,1779970091036,ba43e845ddde0ab9,5,unknown,False,1.0,0.43378151910856444,0.4561049831352837,0.5533159041173353,0.487346657251244,0.4935487116129499,0.4717258201932638,0.04776574671268463,0.023490190505981445,0.48281726241111755,0.6070138812065125,653.9806519374324,281.66694427957884,,,,0.0,r02c04:g,0.1785955482191573,True,dwell_v1,0.0,,0.0,
ff95232a1317,1779970091136,ba43e845ddde0ab9,5,unknown,False,1.0,0.43753200841292966,0.48083967638994685,0.5622788565514723,0.5143335197936726,0.499905432482201,0.4975865980918097,0.04735812544822693,0.02369442582130432,0.48376020789146423,0.6009115278720856,934.3706539481897,198.59012608837605,,,,0.0,r02c07:k,0.17874646970715058,True,dwell_v1,0.0,,0.0,
ff95232a1317,1779970091239,ba43e845ddde0ab9,5,unknown,False,1.0,0.5633529202305956,0.5123275191535756,0.5304967030213402,0.48690600377054105,0.546924811625968,0.4996167614620583,0.04550471901893616,0.008777737617492676,0.4883573353290558,0.602011650800705,910.2755233495047,236.1175465159838,,,,0.0,r02c07:k,0.14618048121057037,True,dwell_v1,0.0,,0.0,
ff95232a1317,1779970091342,ba43e845ddde0ab9,5,unknown,False,1.0,0.5021646080493349,0.4420738125234913,0.552278365731872,0.44138121126594765,0.5272214868906034,0.4417275118947195,0.04362325370311737,0.012625724077224731,0.4882315546274185,0.5889512002468109,651.3996587674106,256.12023246393096,,,,0.0,r03c04:v,0.17205368167649399,True,dwell_v1,0.0,,0.0,
ff95232a1317,1779970091443,ba43e845ddde0ab9,5,unknown,False,1.0,0.4438237808095885,0.45436160785293916,0.5506217255590413,0.4822269498164536,0.4972227531843149,0.4682942788346964,0.043959394097328186,0.01819533109664917,0.48725426197052,0.5788781642913818,642.8395759566046,263.22805030615336,,,,0.0,r03c04:v,0.1826798362889996,True,dwell_v1,0.0,,0.0,
ff95232a1317,1779970091576,ba43e845ddde0ab9,5,unknown,False,1.0,0.4337919306155954,0.4427359970963133,0.5675621990149509,0.46990124962692864,0.5006770648152732,0.456318623361621,0.04437680542469025,0.019672423601150513,0.4874134212732315,0.5717172622680664,643.5586457635711,270.39868423841665,,,,0.0,r03c04:v,0.24213276647057536,True,dwell_v1,0.0,,0.0,
ff95232a1317,1779970091680,ba43e845ddde0ab9,5,unknown,False,1.0,0.6222600273938655,0.5099444763099893,0.7736939258649063,0.5303955667238023,0.697976976629386,0.5201700215168958,0.04478178918361664,0.020980924367904663,0.4969604015350342,0.5687049925327301,609.5568054655632,243.24107997950648,,,,0.0,r03c04:v,0.14789670061080515,True,dwell_v1,0.0,,0.0,
ff95232a1317,1779970091812,ba43e845ddde0ab9,5,unknown,False,1.0,0.623612068679422,0.5095546960839263,0.7678341071354262,0.5262829271330866,0.6957230879074241,0.5179188116085065,0.04568873345851898,0.021472901105880737,0.4980257749557495,0.5671400725841522,637.7574037881532,239.3503005424421,,,,0.0,r03c04:v,0.15153177041680227,True,dwell_v1,0.0,,0.0,
ff95232a1317,1779970091914,ba43e845ddde0ab9,5,unknown,False,1.0,0.622083874812801,0.5119673283837494,0.7637372071364277,0.5297655038972746,0.6929105409746144,0.520866416140512,0.045785486698150635,0.02138504385948181,0.4979070723056793,0.5680981278419495,654.4251318144178,237.8835567496174,,,,0.0,r03c04:v,0.14722143775175994,True,dwell_v1,0.0,,0.0,
ff95232a1317,1779970092015,ba43e845ddde0ab9,5,unknown,False,1.0,0.6196869608953626,0.5087060569306503,0.7609745006625882,0.5292387501797096,0.6903307307789754,0.5189724035551799,0.045808449387550354,0.02244630455970764,0.4977722764015198,0.5708695948123932,656.9267795343598,236.9545723443323,,,,0.0,r03c04:v,0.14517392945486504,True,dwell_v1,0.0,,0.0,
ff95232a1317,1779970092127,ba43e845ddde0ab9,5,unknown,False,1.0,0.6278854853902649,0.4981274671361857,0.7615194931323128,0.5184090219381112,0.6947024892612889,0.5082682445371485,0.04593014717102051,0.02229037880897522,0.49769988656044006,0.5753431916236877,642.2815266844341,236.60488651554903,,,,0.0,r03c04:v,0.14775665233489388,True,dwell_v1,0.0,,0.0,
ff95232a1317,1779970092254,ba43e845ddde0ab9,5,unknown,False,1.0,0.440748742470533,0.4744616896104048,0.5885274702271929,0.5012999026806465,0.514638106348863,0.48788079614552565,0.04554438591003418,0.02063041925430298,0.4887344241142273,0.5809465050697327,840.5598532952317,323.3042916526002,,,,0.0,r03c05:b,0.1688499268206444,True,dwell_v1,0.0,,0.0,
ff95232a1317,1779970092387,ba43e845ddde0ab9,5,unknown,False,1.0,0.429546676332927,0.47815518050167205,0.5718869175555467,0.49499564572115445,0.5007167969442368,0.4865754131114133,0.045841604471206665,0.021680861711502075,0.48578810691833496,0.5834668278694153,1054.7409539275297,320.5203735443127,,,,0.0,r03c07:m,0.20812381208511013,True,dwell_v1,0.0,,0.0,
ff95232a1317,1779970092489,ba43e845ddde0ab9,5,unknown,False,1.0,0.4255938973342044,0.47974106872152683,0.5669767971467506,0.4954145509981154,0.4962853472404775,0.48757780985982113,0.04617072641849518,0.022162258625030518,0.48432396352291107,0.5849691033363342,1061.708520077105,333.22958944002323,,,,0.0,r04c03:ENTER,0.23971456899392854,True,dwell_v1,0.0,,0.0,
ff95232a1317,1779970092589,ba43e845ddde0ab9,5,unknown,False,1.0,0.41807738079886225,0.4767678638970583,0.5602381682062957,0.4916125561916471,0.48915777450257897,0.4841902100443527,0.04644930362701416,0.02266600728034973,0.4824802726507187,0.5862179398536682,896.9981943125794,291.30140198620836,,,,0.0,r02c06:j,0.1942255194410254,True,dwell_v1,0.0,,0.0,
ff95232a1317,1779970092690,ba43e845ddde0ab9,5,unknown,False,1.0,0.4220252106874153,0.47039718830792443,0.5582776160465786,0.4879220570957301,0.4901514133669969,0.47915962270182727,0.04632560908794403,0.022813886404037476,0.4815770834684372,0.586738258600235,763.9500939385114,263.13682975440685,,,,0.0,r03c05:b,0.19619098406835744,True,dwell_v1,0.0,,0.0,
ff95232a1317,1779970092792,ba43e845ddde0ab9,5,unknown,False,1.0,0.4203170482988783,0.46703124153987763,0.5579367523579666,0.48598959426984906,0.48912690032842243,0.47651041790486337,0.04609069228172302,0.022687077522277832,0.48122096061706543,0.5870180428028107,734.871335605834,263.0785842523104,,,,0.0,r03c05:b,0.18739967502255428,True,dwell_v1,0.0,,0.0,
ff95232a1317,1779970092892,ba43e845ddde0ab9,5,unknown,False,1.0,0.41348866203235135,0.46715608122304203,0.5547377739024386,0.4865051379186843,0.484113217967395,0.4768306095708632,0.04612372815608978,0.0227205753326416,0.480948269367218,0.5870833992958069,720.3567797798636,263.190452703985,,,,0.0,r03c05:b,0.17490089648370402,True,dwell_v1,0.0,,0.0,
e9dac76cff37,1779983320068,ba43e845ddde0ab9,6,pca4_decoupled_split,False,1.0,0.41112508484743027,0.025508456934556722,0.5766397686167084,0.0,0.49388242673206934,0.012754228467278361,0.0359935462474823,0.017689675092697144,0.5440564751625061,0.5455354452133179,763.0767833356563,19.959493703273807,,,,,,0.0,r01c06:u,0.3861215695679082,True,dwell_v1,0.0,,0.0,
e9dac76cff37,1779983320258,ba43e845ddde0ab9,6,pca4_decoupled_split,False,1.0,0.41529171749901117,0.0,0.5770581836121275,0.0,0.4961749505555693,0.0,0.035980165004730225,0.017268210649490356,0.5438032448291779,0.5447742640972137,752.0180342947267,3.8966032655805622,,,,,,0.0,r01c06:u,0.3494146961574006,True,dwell_v1,0.0,,0.0,
e9dac76cff37,1779983320385,ba43e845ddde0ab9,6,pca4_decoupled_split,False,1.0,0.41951645348833494,0.0,0.5673315391726219,0.0,0.4934239963304784,0.0,0.035491883754730225,0.017283350229263306,0.5434665381908417,0.5448513031005859,765.6030771358169,0.9713665786758097,,,,,,0.0,r01c05:y,0.4065546585879525,True,dwell_v1,0.0,,0.0,
e9dac76cff37,1779983320485,ba43e845ddde0ab9,6,pca4_decoupled_split,False,1.0,0.4399058415948292,0.0,0.5812799618388769,0.0,0.510592901716853,0.0,0.03548899292945862,0.01736217737197876,0.5441345572471619,0.5449275374412537,704.4044884707013,0.2939160993757265,,,,,,0.0,r01c06:u,0.1653569923539867,True,dwell_v1,0.0,,0.0,
e9dac76cff37,1779983320592,ba43e845ddde0ab9,6,pca4_decoupled_split,False,1.0,0.4829127819573446,0.0,0.6258148593232218,0.0,0.5543638206402832,0.0,0.035527631640434265,0.01742205023765564,0.5458099842071533,0.5450480282306671,456.94802640853766,0.026783104555613068,,,,,,0.0,r01c04:t,0.18425087132662898,True,dwell_v1,0.0,,0.0,
e9dac76cff37,1779983320697,ba43e845ddde0ab9,6,pca4_decoupled_split,False,1.0,0.494260714466573,0.0,0.6400474245042518,0.0,0.5671540694854124,0.0,0.03557196259498596,0.017529547214508057,0.5462289750576019,0.5452679395675659,331.9562165685149,0.004447334511459549,,,,,,0.0,r01c03:r,0.16438230075735,True,dwell_v1,0.0,,0.0,
e9dac76cff37,1779983320808,ba43e845ddde0ab9,6,pca4_decoupled_split,False,1.0,0.4712420661053383,0.0,0.6144286614693666,0.0,0.5428353637873524,0.0,0.03547807037830353,0.01730981469154358,0.5452638566493988,0.5453851222991943,399.46104519796813,3.6270563427714144,,,,,,0.0,r01c02:e,0.34406533328278904,True,dwell_v1,0.0,,0.0,
e9dac76cff37,1779983320920,ba43e845ddde0ab9,6,pca4_decoupled_split,False,1.0,0.457593703010597,0.0,0.5993261654677117,0.0,0.5284599342391543,0.0,0.03544999659061432,0.017278432846069336,0.5446969568729401,0.5453739166259766,475.03202810732046,7.592086165260077,,,,,,0.0,r01c04:t,0.24901188528042312,True,dwell_v1,0.0,,0.0,
e9dac76cff37,1779983321036,ba43e845ddde0ab9,6,pca4_decoupled_split,False,1.0,0.4518871573087074,0.0,0.5950775271179201,0.0,0.5234823422133137,0.0,0.035453587770462036,0.0172843337059021,0.544500082731247,0.5453695356845856,514.4690430715232,10.892175585249865,,,,,,0.0,r01c03:r,0.39324489265819096,True,dwell_v1,0.0,,0.0,
e9dac76cff37,1779983321168,ba43e845ddde0ab9,6,pca4_decoupled_split,False,1.0,0.45135151155536785,0.0,0.5979982203139257,0.0,0.5246748659346467,0.0,0.035435751080513,0.017259329557418823,0.5444702208042145,0.5454152822494507,543.5926593691458,16.57109103189049,,,,,,0.0,r01c03:r,0.27038201895416203,True,dwell_v1,0.0,,0.0,
e9dac76cff37,1779983321280,ba43e845ddde0ab9,6,pca4_decoupled_split,False,1.0,0.4513622675554791,0.004060960852932227,0.6000162046283923,0.0,0.5256892360919357,0.0020304804264661136,0.03547967970371246,0.01734098792076111,0.5444639325141907,0.5454994440078735,548.4814163341557,27.627765745541737,,,,,,0.0,r01c03:r,0.24638888886088894,True,dwell_v1,0.0,,0.0,
e9dac76cff37,1779983321385,ba43e845ddde0ab9,6,pca4_decoupled_split,False,1.0,0.45239645476827234,0.01142139075511689,0.5995651727332882,0.0,0.5259808137507803,0.005710695377558445,0.03551071882247925,0.017400234937667847,0.5444733202457428,0.5455980002880096,550.5026806185376,41.910229578582765,,,,,,0.0,r01c03:r,0.23226633980309247,True,dwell_v1,0.0,,0.0,
e9dac76cff37,1779983321487,ba43e845ddde0ab9,6,pca4_decoupled_split,False,1.0,0.45026760777491026,0.018703323062057686,0.5945813932661748,0.0,0.5224245005205426,0.009351661531028843,0.03550274670124054,0.01734846830368042,0.5443270802497864,0.5456568896770477,557.9925534019269,55.83679825046175,,,,,,0.0,r01c03:r,0.19905881077795937,True,dwell_v1,0.0,,0.0,
e9dac76cff37,1779983321600,ba43e845ddde0ab9,6,pca4_decoupled_split,False,1.0,0.4416256736899403,0.027537126068911844,0.590620016286082,0.0,0.5161228449880111,0.013768563034455922,0.03549689054489136,0.017367392778396606,0.5440824925899506,0.5457132756710052,581.4391215906073,74.39060999365226,,,,,,0.0,r01c05:y,0.15397288949254387,True,dwell_v1,0.0,,0.0,
e9dac76cff37,1779983321700,ba43e845ddde0ab9,6,pca4_decoupled_split,False,1.0,0.4394759889383544,0.028062084041765967,0.5862257953048757,0.0,0.512850892121615,0.014031042020882983,0.03543922305107117,0.01736167073249817,0.5439046621322632,0.5457247495651245,606.4084836553052,87.14418612255814,,,,,,0.0,r01c05:y,0.2257190290158319,True,dwell_v1,0.0,,0.0,
e9dac76cff37,1779983321809,ba43e845ddde0ab9,6,pca4_decoupled_split,False,1.0,0.43641351863842054,0.02749489104533981,0.5839529289825338,0.0,0.5101832238104772,0.013747445522669904,0.035495832562446594,0.017329156398773193,0.543736070394516,0.5457235872745514,626.2587982168322,92.95221269179115,,,,,,0.0,r01c05:y,0.2888055268259568,True,dwell_v1,0.0,,0.0,
e9dac76cff37,1779983321913,ba43e845ddde0ab9,6,pca4_decoupled_split,False,1.0,0.43577430397889805,0.03489662501322216,0.5822697140042867,0.0,0.5090220089915924,0.01744831250661108,0.03548040986061096,0.017358392477035522,0.5436733961105347,0.5457928478717804,641.8114545285645,99.57803720680579,,,,,,0.0,r01c04:t,0.3148921707148045,True,dwell_v1,0.0,,0.0,
e9dac76cff37,1779983322022,ba43e845ddde0ab9,6,pca4_decoupled_split,False,1.0,0.4539154752359223,0.038117588856743156,0.59151109497422,0.0,0.5227132851050712,0.019058794428371578,0.03546932339668274,0.017437785863876343,0.5441867411136627,0.5458652377128601,633.3324765247598,107.8564683197954,,,,,,0.0,r01c05:y,0.29603366049977803,True,dwell_v1,0.0,,0.0,
e9dac76cff37,1779983322133,ba43e845ddde0ab9,6,pca4_decoupled_split,False,1.0,0.4867675631360928,0.053048005329682235,0.6223420016812201,0.0,0.5545547824086565,0.026524002664841118,0.03556501865386963,0.017650574445724487,0.5454285144805908,0.5462064146995544,413.74865390413936,151.566091713933,,,,,,0.0,r02c02:d,0.18155303979134496,True,dwell_v1,0.0,,0.0,
e9dac76cff37,1779983322238,ba43e845ddde0ab9,6,pca4_decoupled_split,False,1.0,0.49494007891969816,0.06810360624816986,0.6350420295070107,0.0328828889327083,0.5649910542133545,0.05049324759043908,0.03567051887512207,0.0177287757396698,0.5458641648292542,0.5464217662811279,350.2387256689153,186.18267878844384,,,,,,0.0,r02c02:d,0.1634442446677455,True,dwell_v1,0.0,,0.0,
e9dac76cff37,1779983322345,ba43e845ddde0ab9,6,pca4_decoupled_split,False,1.0,0.4973271142132455,0.07293501755089682,0.6405744155126971,0.05059889713980914,0.5689507648629712,0.06176695734535298,0.035704076290130615,0.017713695764541626,0.5460334718227386,0.5465031862258911,315.979343349308,201.96282184767688,,,,,,0.0,r02c01:s,0.2665067768275407,True,dwell_v1,0.0,,0.0,
e9dac76cff37,1779983322453,ba43e845ddde0ab9,6,pca4_decoupled_split,False,1.0,0.5010955335848859,0.07760479428998518,0.6420363094963555,0.06031165538015143,0.5715659215406207,0.0689582248350683,0.035744696855545044,0.01775956153869629,0.5461461842060089,0.5465444028377533,291.3883199305647,215.01254521515256,,,,,,0.0,r01c02:e,0.1852057936467517,True,dwell_v1,0.0,,0.0,
e9dac76cff37,1779983322556,ba43e845ddde0ab9,6,pca4_decoupled_split,False,1.0,0.5031306112887679,0.07670757873016754,0.6425775800859534,0.056657843604207225,0.5728540956873607,0.06668271116718738,0.03577500581741333,0.01774457097053528,0.5462042093276978,0.5465584993362427,272.1402765983338,221.34068759058636,,,,,,0.0,r01c02:e,0.1549785262306901,True,dwell_v1,0.0,,0.0,
e9dac76cff37,1779983322660,ba43e845ddde0ab9,6,pca4_decoupled_split,False,1.0,0.5048517638847768,0.07727265195050825,0.6442654545256966,0.06072469435140038,0.5745586092052367,0.06899867315095431,0.035787418484687805,0.017727941274642944,0.546271026134491,0.5465900897979736,256.75094326180266,224.81255793672122,,,,,,0.0,r02c00:a,0.1387623831316051,True,dwell_v1,0.0,,0.0,
e9dac76cff37,1779983322783,ba43e845ddde0ab9,6,pca4_decoupled_split,False,1.0,0.5042007868977539,0.08825976482300901,0.6437299848132231,0.07609938077599632,0.5739653858554885,0.08217957279950266,0.03576171398162842,0.0177232027053833,0.5462555885314941,0.5467211306095123,245.52767967461085,236.87482736170492,,,,,,0.0,r02c00:a,0.15877952603458909,True,dwell_v1,0.0,,0.0,
e9dac76cff37,1779983322890,ba43e845ddde0ab9,6,pca4_decoupled_split,False,1.0,0.5041553614620607,0.09329468127902668,0.6427891263166795,0.07732497773249392,0.5734722438893701,0.0853098295057603,0.035758525133132935,0.017705053091049194,0.5462430119514465,0.5467827320098877,243.16865550017715,247.7753030853922,,,,,,0.0,r02c00:a,0.1605053918778394,True,dwell_v1,0.0,,0.0,
e9dac76cff37,1779983323025,ba43e845ddde0ab9,6,pca4_decoupled_split,False,1.0,0.5049481395293594,0.09759386616327398,0.6429692173330537,0.08057949368685935,0.5739586784312065,0.08908667992506666,0.03574782609939575,0.017708033323287964,0.5462750792503357,0.5468223094940186,242.05606112443144,259.29776677868637,,,,,,0.0,r03c01:z,0.1612956546736066,True,dwell_v1,0.0,,0.0,
e9dac76cff37,1779983323132,ba43e845ddde0ab9,6,pca4_decoupled_split,False,1.0,0.5060451730219934,0.0961242615839033,0.6442558850519866,0.07778983367737846,0.57515052903699,0.08695704763064088,0.03576289117336273,0.01772722601890564,0.5463065803050995,0.5468178689479828,238.32672874657356,263.0589894131464,,,,,,0.0,r02c00:a,0.2072761015099197,True,dwell_v1,0.0,,0.0,
e9dac76cff37,1779983323260,ba43e845ddde0ab9,6,pca4_decoupled_split,False,1.0,0.5060159732518255,0.09371921158449908,0.6472566271043942,0.07795828619168571,0.5766363001781099,0.0858387488880924,0.035815298557281494,0.017670810222625732,0.5463069379329681,0.5468226075172424,231.8642164939084,263.1910005118999,,,,,,0.0,r02c01:s,0.21180547684584267,True,dwell_v1,0.0,,0.0,
e9dac76cff37,1779983323365,ba43e845ddde0ab9,6,pca4_decoupled_split,False,1.0,0.5078917481969196,0.09404640648329438,0.6482522184000294,0.07813288046966121,0.5780719832984745,0.0860896434764778,0.03580433130264282,0.017648756504058838,0.5463347733020782,0.5468231737613678,224.20738625894975,261.5825872101493,,,,,,0.0,r02c01:s,0.1543462767239964,True,dwell_v1,0.0,,0.0,
e9dac76cff37,1779983323466,ba43e845ddde0ab9,6,pca4_decoupled_split,False,1.0,0.5092519350204984,0.09336571597801963,0.6484482947590047,0.0732457347701812,0.5788501148897516,0.08330572537410041,0.0357721745967865,0.01768532395362854,0.5463471114635468,0.5468226671218872,217.1416671348435,259.43111232782127,,,,,,0.0,r02c01:s,0.14357131416683003,True,dwell_v1,0.0,,0.0,
e9dac76cff37,1779983323574,ba43e845ddde0ab9,6,pca4_decoupled_split,False,1.0,0.5104358879258278,0.09351593074532366,0.6479144681048223,0.06998789092099511,0.5791751780153251,0.08175191083315939,0.03574541211128235,0.017703860998153687,0.546358197927475,0.5468283891677856,210.94148789988566,255.9593282808863,,,,,,0.0,r02c01:s,0.13460975275271275,True,dwell_v1,0.0,,0.0,
e9dac76cff37,1779983323677,ba43e845ddde0ab9,6,pca4_decoupled_split,False,1.0,0.5109780550761763,0.0946694111810899,0.6474219270774849,0.06909071094905977,0.5791999910768306,0.08188006106507484,0.035737887024879456,0.017702966928482056,0.546364039182663,0.546837568283081,208.3556291727279,255.3136054379794,,,,,,0.0,r02c01:s,0.13049651669193735,True,dwell_v1,0.0,,0.0,
e9dac76cff37,1779983323781,ba43e845ddde0ab9,6,pca4_decoupled_split,False,1.0,0.5084265624991339,0.09391385942724706,0.6454941187920082,0.05925749602530661,0.576960340645571,0.07658567772627684,0.03572598099708557,0.01765894889831543,0.5463331639766693,0.546849250793457,211.4519843813584,253.8566771631568,,,,,,0.0,r02c01:s,0.13630601254366786,True,dwell_v1,0.0,,0.0,
e9dac76cff37,1779983323883,ba43e845ddde0ab9,6,pca4_decoupled_split,False,1.0,0.5072185019178027,0.09921808734623444,0.6447384531531908,0.06565363726989798,0.5759784775354968,0.08243586230806621,0.03575319051742554,0.017723143100738525,0.5462979078292847,0.546883761882782,216.99899298800958,256.0085013644843,,,,,,0.0,r02c01:s,0.1448832374358405,True,dwell_v1,0.0,,0.0,
e9dac76cff37,1779983323987,ba43e845ddde0ab9,6,pca4_decoupled_split,False,1.0,0.5056886103649942,0.10234921810395248,0.6439008257214701,0.06714153625408525,0.5747947180432322,0.08474537717901887,0.03575989603996277,0.01770147681236267,0.5462665557861328,0.5468870401382446,223.4126398710369,261.51737377486273,,,,,,0.0,r02c01:s,0.15305626173037648,True,dwell_v1,0.0,,0.0,
e9dac76cff37,1779983324119,ba43e845ddde0ab9,6,pca4_decoupled_split,False,1.0,0.5050616866537633,0.10356043841244705,0.6432903262984319,0.06617773764101492,0.5741760064760976,0.08486908802673099,0.035766541957855225,0.0176771879196167,0.5462696254253387,0.5469059944152832,229.62034954498162,267.5588421645164,,,,,,0.0,r02c01:s,0.15419263303042696,True,dwell_v1,0.0,,0.0,
e9dac76cff37,1779983324224,ba43e845ddde0ab9,6,pca4_decoupled_split,False,1.0,0.5045664765211232,0.09934183957551113,0.6439339417311233,0.06281618492954089,0.5742502091261232,0.081079012252526,0.035749226808547974,0.01759853959083557,0.5462903678417206,0.5468874573707581,232.93971795777225,266.3479664980294,,,,,,0.0,r02c01:s,0.21153466393273332,True,dwell_v1,0.0,,0.0,
e9dac76cff37,1779983324331,ba43e845ddde0ab9,6,pca4_decoupled_split,False,1.0,0.502650510710108,0.09831753135403376,0.644304069031266,0.05656254052163873,0.573477289870687,0.07744003593783624,0.03576734662055969,0.01754966378211975,0.5463102757930756,0.5468802750110626,236.25499082354702,264.094886134598,,,,,,0.0,r02c00:a,0.21075471425919567,True,dwell_v1,0.0,,0.0,
e9dac76cff37,1779983324440,ba43e845ddde0ab9,6,pca4_decoupled_split,False,1.0,0.5052627331200865,0.09389254785364798,0.6459623205462647,0.056804284236509905,0.5756125268331755,0.07534841604507894,0.03577493131160736,0.01757270097732544,0.5463926196098328,0.5468751192092896,235.77720106921782,259.1219812062149,,,,,,0.0,r02c00:a,0.21509549510943113,True,dwell_v1,0.0,,0.0,
e9dac76cff37,1779983324566,ba43e845ddde0ab9,6,pca4_decoupled_split,False,1.0,0.5092151372183616,0.09374794196069375,0.6479731436834524,0.06487370248624996,0.578594140450907,0.07931082222347186,0.035809069871902466,0.017659276723861694,0.5465458631515503,0.5468789041042328,223.6432375435715,254.18874839505258,,,,,,0.0,r02c01:s,0.1569777961826992,True,dwell_v1,0.0,,0.0,
e9dac76cff37,1779983324670,ba43e845ddde0ab9,6,pca4_decoupled_split,False,1.0,0.5086992269930775,0.09594696327102825,0.6474911462016009,0.06489309716433111,0.5780951865973392,0.08042003021767968,0.03576461970806122,0.017627596855163574,0.5465502142906189,0.5468972623348236,217.9819910033532,254.643592481518,,,,,,0.0,r02c01:s,0.14713855137391724,True,dwell_v1,0.0,,0.0,
e9dac76cff37,1779983324773,ba43e845ddde0ab9,6,pca4_decoupled_split,False,1.0,0.503852204282024,0.09424808293185127,0.6456662196529307,0.061385022867353756,0.5747592119674774,0.07781655289960251,0.035748958587646484,0.01762974262237549,0.5464183986186981,0.5468928217887878,220.6044282343529,254.54495342451852,,,,,,0.0,r02c01:s,0.15165506027311812,True,dwell_v1,0.0,,0.0,
e9dac76cff37,1779983324883,ba43e845ddde0ab9,6,pca4_decoupled_split,False,1.0,0.4951743809908245,0.0896852116044608,0.6380801700027545,0.04177384533992412,0.5666272754967895,0.06572952847219246,0.035729870200157166,0.017621129751205444,0.546088695526123,0.546867161989212,243.0218241070461,252.17611540488292,,,,,,0.0,r02c00:a,0.15922464092133415,True,dwell_v1,0.0,,0.0,
e9dac76cff37,1779983324989,ba43e845ddde0ab9,6,pca4_decoupled_split,False,1.0,0.42940580173471365,0.0821411316156202,0.5836659490146512,0.0,0.5065358753746825,0.0410705658078101,0.03559388220310211,0.017076432704925537,0.543722003698349,0.5467321276664734,568.4919990689782,238.0038764368678,,,,,,0.0,r01c04:t,0.15070594558982678,True,dwell_v1,0.0,,0.0,
e9dac76cff37,1779983325091,ba43e845ddde0ab9,6,pca4_decoupled_split,False,1.0,0.39741416816516995,0.06816638877864178,0.5541359229007422,0.0,0.4757750455329561,0.03408319438932089,0.03568904101848602,0.01690402626991272,0.5421073734760284,0.5465059280395508,835.3952628310446,197.61849748880786,,,,,,0.0,r02c06:j,0.19820773626598437,True,dwell_v1,0.0,,0.0,
e9dac76cff37,1779983325223,ba43e845ddde0ab9,6,pca4_decoupled_split,False,1.0,0.3901663343114071,0.05850703198734053,0.5428060891396252,0.0,0.4664862117255162,0.029253515993670265,0.035593852400779724,0.016886532306671143,0.5414871871471405,0.5464081764221191,885.0507703572346,176.04190649176192,,,,,,0.0,r02c06:j,0.20431173285081933,True,dwell_v1,0.0,,0.0,
e9dac76cff37,1779983325330,ba43e845ddde0ab9,6,pca4_decoupled_split,False,1.0,0.39035535293743684,0.05483906512577824,0.5422710661685582,0.0,0.46631320955299754,0.02741953256288912,0.035581767559051514,0.016909658908843994,0.5414176881313324,0.5463790893554688,912.0253563375642,162.36524989400453,,,,,,0.0,r01c06:u,0.17433714228533168,True,dwell_v1,0.0,,0.0,
e9dac76cff37,1779983325430,ba43e845ddde0ab9,6,pca4_decoupled_split,False,1.0,0.3933329163409478,0.05225788161891681,0.5405525616313108,0.0,0.4669427389861293,0.026128940809458406,0.035508424043655396,0.016939222812652588,0.5413626432418823,0.5463760197162628,925.6988755286817,150.58198286813754,,,,,,0.0,r01c06:u,0.1523553583686971,True,dwell_v1,0.0,,0.0,
e9dac76cff37,1779983325536,ba43e845ddde0ab9,6,pca4_decoupled_split,False,1.0,0.3939953795450073,0.051635064008592135,0.5413388362734073,0.0,0.4676671079092073,0.025817532004296068,0.03548707067966461,0.01693376898765564,0.5413632094860077,0.5463812947273254,929.4505555116361,145.04198854956343,,,,,,0.0,r01c06:u,0.1476001333649833,True,dwell_v1,0.0,,0.0,
e9dac76cff37,1779983325670,ba43e845ddde0ab9,6,pca4_decoupled_split,False,1.0,0.3960513604622866,0.05177183339778085,0.542140799351482,0.0,0.4690960799068843,0.025885916698890427,0.035548850893974304,0.016941606998443604,0.5413343906402588,0.5464171469211578,929.0108744266468,141.01095297022854,,,,,,0.0,r01c06:u,0.15152462080501305,True,dwell_v1,0.0,,0.0,
e9dac76cff37,1779983325801,ba43e845ddde0ab9,6,pca4_decoupled_split,False,1.0,0.39518643473444565,0.05096677057382837,0.5420021708529282,0.0,0.46859430279368697,0.025483385286914184,0.03556418418884277,0.01693090796470642,0.5413007736206055,0.5464284420013428,928.4505852938701,137.0166985931956,,,,,,0.0,r01c06:u,0.15571388230706526,True,dwell_v1,0.0,,0.0,
e9dac76cff37,1779983325918,ba43e845ddde0ab9,6,pca4_decoupled_split,False,1.0,0.3951168883108995,0.05194393127045388,0.5421388569762889,0.0,0.4686278726435942,0.02597196563522694,0.03557872772216797,0.016965895891189575,0.5412940084934235,0.5464787483215332,929.0300621414782,138.46268273703794,,,,,,0.0,r01c06:u,0.15326937453086686,True,dwell_v1,0.0,,0.0,
e9dac76cff37,1779983326024,ba43e845ddde0ab9,6,pca4_decoupled_split,False,1.0,0.3951633680354122,0.055008814139066387,0.5437423431261891,0.0,0.46945285558080063,0.027504407069533193,0.03564421832561493,0.01699995994567871,0.5412617027759552,0.5465177595615387,927.8153518786818,143.17847524657586,,,,,,0.0,r01c06:u,0.1528693332259717,True,dwell_v1,0.0,,0.0,
e9dac76cff37,1779983326126,ba43e845ddde0ab9,6,pca4_decoupled_split,False,1.0,0.39628809089624717,0.05389279345595416,0.5428836819250806,0.0,0.4695858864106639,0.02694639672797708,0.035664528608322144,0.017023146152496338,0.5412015318870544,0.5465308427810669,925.1089212884425,148.4518211101029,,,,,,0.0,r01c06:u,0.1554241507143989,True,dwell_v1,0.0,,0.0,
e9dac76cff37,1779983326227,ba43e845ddde0ab9,6,pca4_decoupled_split,False,1.0,0.39605683137203634,0.05262164231632466,0.5431115164051956,0.0,0.46958417388861595,0.02631082115816233,0.03563074767589569,0.017013102769851685,0.5411919951438904,0.5465381443500519,924.1402020609536,149.46373290788372,,,,,,0.0,r01c06:u,0.1569552452697153,True,dwell_v1,0.0,,0.0,
e9dac76cff37,1779983326336,ba43e845ddde0ab9,6,pca4_decoupled_split,False,1.0,0.39541863287382584,0.050305752786541535,0.5423546580331794,0.0,0.4688866454535026,0.025152876393270768,0.035605669021606445,0.017006725072860718,0.5411713123321533,0.546519547700882,925.1304482801563,146.90551684027872,,,,,,0.0,r01c06:u,0.15657465861468092,True,dwell_v1,0.0,,0.0,
e9dac76cff37,1779983326444,ba43e845ddde0ab9,6,pca4_decoupled_split,False,1.0,0.3953295659253178,0.05492081351257011,0.5422047166262742,0.0,0.468767141275796,0.027460406756285055,0.03562009334564209,0.017013072967529297,0.5411598980426788,0.5465619564056396,926.8020416030427,150.26707763220543,,,,,,0.0,r01c06:u,0.14999467278490197,True,dwell_v1,0.0,,0.0,
e9dac76cff37,1779983326546,ba43e845ddde0ab9,6,pca4_decoupled_split,False,1.0,0.3959072755387143,0.055722886601430266,0.5436453897528554,0.0,0.46977633264578483,0.027861443300715133,0.03558856248855591,0.017004460096359253,0.5411531031131744,0.5465714633464813,926.483625009424,152.5054474248918,,,,,,0.0,r01c06:u,0.14901594372268392,True,dwell_v1,0.0,,0.0,
e9dac76cff37,1779983326657,ba43e845ddde0ab9,6,pca4_decoupled_split,False,1.0,0.3956617970996397,0.05116433940788617,0.5440746855432776,0.0,0.46986824132145866,0.025582169703943086,0.03559154272079468,0.01698395609855652,0.5411155819892883,0.5465707778930664,923.6009827883611,150.96489314197257,,,,,,0.0,r01c06:u,0.15704484479613,True,dwell_v1,0.0,,0.0,
e9dac76cff37,1779983326762,ba43e845ddde0ab9,6,pca4_decoupled_split,False,1.0,0.3949339449463967,0.04950135656057153,0.5442702822771069,0.0,0.46960211361175186,0.024750678280285765,0.0355861634016037,0.016994446516036987,0.5411015450954437,0.5465719699859619,923.3774658314238,147.83358930404927,,,,,,0.0,r01c06:u,0.16010270233345947,True,dwell_v1,0.0,,0.0,
e9dac76cff37,1779983326867,ba43e845ddde0ab9,6,pca4_decoupled_split,False,1.0,0.3950742550312936,0.05308070169955581,0.5453303293026661,0.0,0.47020229216697984,0.026540350849777905,0.035625994205474854,0.016956210136413574,0.5410630404949188,0.5466049313545227,922.1362283698043,148.7165381524429,,,,,,0.0,r01c06:u,0.16241602910661346,True,dwell_v1,0.0,,0.0,
e9dac76cff37,1779983327002,ba43e845ddde0ab9,6,pca4_decoupled_split,False,1.0,0.3961341917836087,0.052516528800234274,0.5454411899956245,0.0,0.4707876908896166,0.026258264400117137,0.035603851079940796,0.01695147156715393,0.5410507917404175,0.5466216802597046,918.9311909368205,148.031848091221,,,,,,0.0,r01c06:u,0.17090161490298442,True,dwell_v1,0.0,,0.0,
e9dac76cff37,1779983327108,ba43e845ddde0ab9,6,pca4_decoupled_split,False,1.0,0.39641746932113275,0.049490733236353945,0.5435901972233458,0.0,0.47000383327223927,0.024745366618176973,0.03557540476322174,0.016936451196670532,0.5410214364528656,0.546600729227066,919.1175652740941,144.31101613610508,,,,,,0.0,r01c06:u,0.17359820269295584,True,dwell_v1,0.0,,0.0,
e9dac76cff37,1779983327218,ba43e845ddde0ab9,6,pca4_decoupled_split,False,1.0,0.3993254066154285,0.043279895208120533,0.5518307530295778,0.0,0.47557807982250316,0.021639947604060267,0.035588234663009644,0.016909301280975342,0.5412337779998779,0.546622633934021,910.0380598825653,135.5897231405734,,,,,,0.0,r01c06:u,0.20533189033897922,True,dwell_v1,0.0,,0.0,
e9dac76cff37,1779983327353,ba43e845ddde0ab9,6,pca4_decoupled_split,False,1.0,0.4156480946435281,0.04546329495888296,0.5668315164419463,0.0,0.49123980554273716,0.02273164747944148,0.035618722438812256,0.016978353261947632,0.5418873429298401,0.5466844141483307,831.6210197455251,136.30351574183015,,,,,,0.0,r02c06:j,0.14608888718138302,True,dwell_v1,0.0,,0.0,
e9dac76cff37,1779983327459,ba43e845ddde0ab9,6,pca4_decoupled_split,False,1.0,0.42410395279179347,0.0500387784063272,0.5710889157616381,0.0,0.4975964342767158,0.0250193892031636,0.03561028838157654,0.016980886459350586,0.542157381772995,0.5467053651809692,794.0957628067077,136.46105536596124,,,,,,0.0,r01c05:y,0.17432335266325574,True,dwell_v1,0.0,,0.0,
e9dac76cff37,1779983327564,ba43e845ddde0ab9,6,pca4_decoupled_split,False,1.0,0.4285839187167496,0.05715729241664791,0.5730315252449261,0.0,0.5008077219808378,0.028578646208323955,0.03556704521179199,0.016972631216049194,0.5423008501529694,0.546812891960144,762.3186987110491,143.67782358323376,,,,,,0.0,r01c06:u,0.2929424464885491,True,dwell_v1,0.0,,0.0,
e9dac76cff37,1779983327671,ba43e845ddde0ab9,6,pca4_decoupled_split,False,1.0,0.42957504300776245,0.05618089655721814,0.5747967813130904,0.0,0.5021859121604264,0.02809044827860907,0.035561174154281616,0.01695379614830017,0.5423592031002045,0.5468206405639648,740.2375249812567,149.39387369086003,,,,,,0.0,r02c05:h,0.17638440101971592,True,dwell_v1,0.0,,0.0,
e9dac76cff37,1779983327779,ba43e845ddde0ab9,6,pca4_decoupled_split,False,1.0,0.5000130452707546,0.21442075963317475,0.49539324078346336,0.2586649420325774,0.497703143027109,0.23654285083287607,0.0346079021692276,0.006146371364593506,0.5431005954742432,0.5522347688674927,736.3830436592957,415.82751943626886,,,,,,0.0,r03c05:b,0.27606105560007366,True,dwell_v1,0.0,,0.0,
e9dac76cff37,1779983327879,ba43e845ddde0ab9,6,pca4_decoupled_split,False,1.0,0.504144270605991,0.3551068305095565,0.5245175182027118,0.7186942571047347,0.5143308944043514,0.5369005438071456,0.033866554498672485,0.005955994129180908,0.5438645780086517,0.5530266761779785,671.6131631051144,691.3734077086301,,,,,,0.0,r03c04:v,0.018095909676966893,True,dwell_v1,0.0,,0.0,
e9dac76cff37,1779983327984,ba43e845ddde0ab9,6,pca4_decoupled_split,False,1.0,0.4767882378285366,0.22296925782453697,0.568268554158853,0.14915920356299095,0.5225283959936948,0.18606423069376396,0.033695489168167114,0.011049449443817139,0.5439320504665375,0.5517712533473969,611.6656819251552,620.7991331573426,,,,,,0.0,r03c04:v,0.03755594336435941,True,dwell_v1,0.0,,0.0,
e9dac76cff37,1779983328086,ba43e845ddde0ab9,6,pca4_decoupled_split,False,1.0,0.4622408249384987,0.07451511150026724,0.5880628492476316,0.0,0.5251518370930652,0.03725755575013362,0.034067124128341675,0.0142592191696167,0.5439663231372833,0.5496416687965393,561.1891437570149,282.2799016660191,,,,,,0.0,r02c03:f,0.1725289081483046,True,dwell_v1,0.0,,0.0,
e9dac76cff37,1779983328219,ba43e845ddde0ab9,6,pca4_decoupled_split,False,1.0,0.4457489121005562,0.04676202532360124,0.5929518936498209,0.0,0.5193504028751885,0.02338101266180062,0.03451120853424072,0.015304923057556152,0.5436266660690308,0.5486132204532623,570.6648183248258,217.8206433172728,,,,,,0.0,r01c04:t,0.18905306469184952,True,dwell_v1,0.0,,0.0,
e9dac76cff37,1779983328324,ba43e845ddde0ab9,6,pca4_decoupled_split,False,1.0,0.4362289901631754,0.04012045597429903,0.5878553534352576,0.0,0.5120421717992165,0.020060227987149515,0.03468570113182068,0.015494823455810547,0.5432678461074829,0.5482898950576782,600.5084831637838,190.47486750121755,,,,,,0.0,r02c04:g,0.18683152418733132,True,dwell_v1,0.0,,0.0,
e9dac76cff37,1779983328432,ba43e845ddde0ab9,6,pca4_decoupled_split,False,1.0,0.4407034718781635,0.05136486598676132,0.5873938128004669,0.0,0.5140486423393151,0.02568243299338066,0.03482586145401001,0.01582208275794983,0.5432696044445038,0.548067569732666,623.0360450228344,174.87446316770829,,,,,,0.0,r02c04:g,0.19701216057336352,True,dwell_v1,0.0,,0.0,
e9dac76cff37,1779983328533,ba43e845ddde0ab9,6,pca4_decoupled_split,False,1.0,0.4610293560216135,0.03846198883650509,0.6057963532317858,0.0,0.5334128546266996,0.019230994418252545,0.03488445281982422,0.016545385122299194,0.5439735651016235,0.5475203692913055,552.3973145553531,143.60693527606048,,,,,,0.0,r02c03:f,0.1614781178019499,True,dwell_v1,0.0,,0.0,
e9dac76cff37,1779983328669,ba43e845ddde0ab9,6,pca4_decoupled_split,False,1.0,0.48399539576467643,0.03940485776178687,0.6357529935704744,0.0,0.5598741946675754,0.019702428880893436,0.035087913274765015,0.01744621992111206,0.5449402034282684,0.5469420850276947,395.0432778861769,134.97588048968785,,,,,,0.0,r01c02:e,0.2276046949124494,True,dwell_v1,0.0,,0.0,
e9dac76cff37,1779983328771,ba43e845ddde0ab9,6,pca4_decoupled_split,False,1.0,0.4979062713632414,0.04627001421230964,0.6446870524236397,0.0,0.5712966618934405,0.02313500710615482,0.0352327823638916,0.017533302307128906,0.5453949570655823,0.5468133389949799,314.80005481083685,132.0170161225829,,,,,,0.0,r02c01:s,0.15305677120096398,True,dwell_v1,0.0,,0.0,
e9dac76cff37,1779983328879,ba43e845ddde0ab9,6,pca4_decoupled_split,False,1.0,0.5005070655919994,0.052658332203191605,0.6489782032769493,0.0,0.5747426344344744,0.026329166101595802,0.0353357195854187,0.01765972375869751,0.5455417633056641,0.5467395782470703,280.81739852849836,141.88473102419582,,,,,,0.0,r01c01:w,0.18652861535891466,True,dwell_v1,0.0,,0.0,
e9dac76cff37,1779983328986,ba43e845ddde0ab9,6,pca4_decoupled_split,False,1.0,0.5070775936946018,0.06183933159095151,0.6541097203890023,0.03091319002847054,0.580593657041802,0.04637626080971102,0.03552529215812683,0.017949014902114868,0.5458387434482574,0.546695739030838,246.5690475770038,157.60140481188915,,,,,,0.0,r01c02:e,0.1953898961070433,True,dwell_v1,0.0,,0.0,
e9dac76cff37,1779983329090,ba43e845ddde0ab9,6,pca4_decoupled_split,False,1.0,0.5114390933670687,0.07161718489657237,0.6551918974092589,0.04981353450808024,0.5833154953881639,0.060715359702326305,0.03561621904373169,0.01807337999343872,0.5459791123867035,0.5466669797897339,218.27067721208329,177.19107800999532,,,,,,0.0,r02c00:a,0.17985985382332623,True,dwell_v1,0.0,,0.0,
e9dac76cff37,1779983329195,ba43e845ddde0ab9,6,pca4_decoupled_split,False,1.0,0.5165378098902833,0.07546550970475963,0.6573048453252958,0.06056337972554243,0.5869213276077896,0.06801444471515103,0.0357089638710022,0.018117904663085938,0.546130895614624,0.5466737747192383,192.90880559237675,191.29786870300313,,,,,,0.0,r02c00:a,0.21771914078303356,True,dwell_v1,0.0,,0.0,
e9dac76cff37,1779983329297,ba43e845ddde0ab9,6,pca4_decoupled_split,False,1.0,0.519113134446746,0.0785394508481263,0.6573534927909543,0.06581660091382635,0.5882333136188502,0.07217802588097633,0.035757362842559814,0.01820904016494751,0.5461951494216919,0.5466744005680084,172.48416445895268,201.81810013104035,,,,,,0.0,r01c01:w,0.2869103990280239,True,dwell_v1,0.0,,0.0,
e9dac76cff37,1779983329401,ba43e845ddde0ab9,6,pca4_decoupled_split,False,1.0,0.5194242368438869,0.07855129966511587,0.6569101480371887,0.07416265078923806,0.5881671924405378,0.07635697522717697,0.03582368791103363,0.018290281295776367,0.5462797582149506,0.5467086434364319,159.9000364747684,210.284514567284,,,,,,0.0,r01c01:w,0.20557726369300977,True,dwell_v1,0.0,,0.0,
e9dac76cff37,1779983329503,ba43e845ddde0ab9,6,pca4_decoupled_split,False,1.0,0.518532198827577,0.07904235136929305,0.6555043242382659,0.07250185118018143,0.5870182615329214,0.07577210127473724,0.03585715591907501,0.018312543630599976,0.5463458895683289,0.5467071235179901,157.1488038441925,215.77897619098505,,,,,,0.0,r01c01:w,0.1931977213249806,True,dwell_v1,0.0,,0.0,
e9dac76cff37,1779983329609,ba43e845ddde0ab9,6,pca4_decoupled_split,False,1.0,0.5211260943996711,0.0759946861421188,0.6574352725687226,0.07359736805876121,0.5892806834841968,0.07479602710044,0.035822510719299316,0.018294334411621094,0.5464447140693665,0.5466885566711426,151.28543929131712,216.64746471236577,,,,,,0.0,r01c01:w,0.18695537393408523,True,dwell_v1,0.0,,0.0,
e9dac76cff37,1779983329710,ba43e845ddde0ab9,6,pca4_decoupled_split,False,1.0,0.5234416684261348,0.07725147290106038,0.6601054871614624,0.08091859265217749,0.5917735777937987,0.07908503277661894,0.03584222495555878,0.018313050270080566,0.5465139150619507,0.5466704070568085,139.3099570618268,216.62015773372872,,,,,,0.0,r03c00:SHIFT,0.17814957360030995,True,dwell_v1,0.0,,0.0,
e9dac76cff37,1779983329817,ba43e845ddde0ab9,6,pca4_decoupled_split,False,1.0,0.5154495536472078,0.0822359145775286,0.6577315393828757,0.08091209273629141,0.5865905465150417,0.08157400365691,0.035863980650901794,0.018243908882141113,0.5462669134140015,0.5466634929180145,136.39395882558563,221.6548750434548,,,,,,0.0,r03c00:SHIFT,0.19182943057738708,True,dwell_v1,0.0,,0.0,
e9dac76cff37,1779983329929,ba43e845ddde0ab9,6,pca4_decoupled_split,False,1.0,0.46567879592997613,0.07475635068238184,0.5701372012625143,0.0,0.5179079985962453,0.03737817534119092,0.03528715670108795,0.01747754216194153,0.5433141887187958,0.5465263426303864,504.2555908535202,202.08014919193724,,,,,,0.0,r01c03:r,0.22311434128572913,True,dwell_v1,0.0,,0.0,
e9dac76cff37,1779983330033,ba43e845ddde0ab9,6,pca4_decoupled_split,False,1.0,0.3880976939131887,0.07465756761902914,0.5402239208609553,0.0,0.464160807387072,0.03732878380951457,0.03564462065696716,0.017223209142684937,0.5408332049846649,0.5464473962783813,877.8683560398549,204.09366093836246,,,,,,0.0,r01c06:u,0.2321786756692919,True,dwell_v1,0.0,,0.0,
e9dac76cff37,1779983330133,ba43e845ddde0ab9,6,pca4_decoupled_split,False,1.0,0.3790981003619578,0.06491258083777451,0.5296824329135544,0.0,0.4543902666377561,0.03245629041888726,0.0356597900390625,0.017128080129623413,0.5402534008026123,0.5464478433132172,987.0513741071018,190.87786397710687,,,,,,0.0,r02c07:k,0.2201145757285724,True,dwell_v1,0.0,,0.0,
e9dac76cff37,1779983330233,ba43e845ddde0ab9,6,pca4_decoupled_split,False,1.0,0.37936284305296175,0.06538616459641194,0.5296643157393666,0.0,0.45451357939616416,0.03269308229820597,0.035665661096572876,0.017153829336166382,0.5402041673660278,0.5464761555194855,1002.9244799706782,185.5862478185445,,,,,,0.0,r02c07:k,0.2145679131622729,True,dwell_v1,0.0,,0.0,
e9dac76cff37,1779983330366,ba43e845ddde0ab9,6,pca4_decoupled_split,False,1.0,0.3816418036492668,0.06362058120857111,0.5321357677172188,0.0,0.4568887856832428,0.03181029060428556,0.03566746413707733,0.017164915800094604,0.5402697026729584,0.5464778542518616,1006.5538069219932,181.79839391960746,,,,,,0.0,r02c07:k,0.21006519772683946,True,dwell_v1,0.0,,0.0,
e9dac76cff37,1779983330466,ba43e845ddde0ab9,6,pca4_decoupled_split,False,1.0,0.3790352328755895,0.05556883249452543,0.5314865534920147,0.0,0.4552608931838021,0.027784416247262717,0.03570243716239929,0.017140448093414307,0.5402320623397827,0.5464465022087097,1009.3222524478915,176.33191119526165,,,,,,0.0,r02c07:k,0.20409131905650227,True,dwell_v1,0.0,,0.0,
e9dac76cff37,1779983330569,ba43e845ddde0ab9,6,pca4_decoupled_split,False,1.0,0.3769193322775625,0.055159091789784176,0.5303417179984664,0.0,0.4536305251380145,0.027579545894892088,0.035705938935279846,0.017116665840148926,0.5401664972305298,0.5464189648628235,1016.071038112416,171.5750755709367,,,,,,0.0,r01c08:o,0.2593661518977848,True,dwell_v1,0.0,,0.0,
e9dac76cff37,1779983330673,ba43e845ddde0ab9,6,pca4_decoupled_split,False,1.0,0.37676345646282433,0.05553049177404357,0.5287927201295233,0.0,0.45277808829617383,0.027765245887021783,0.035668402910232544,0.017100125551223755,0.540107250213623,0.5464117228984833,1022.6460360636304,170.1061305469519,,,,,,0.0,r01c07:i,0.2629517199059851,True,dwell_v1,0.0,,0.0,
e9dac76cff37,1779983330773,ba43e845ddde0ab9,6,pca4_decoupled_split,False,1.0,0.3761146869760491,0.05502536232492744,0.526818810936183,0.0,0.45146674895611605,0.02751268116246372,0.035670578479766846,0.017091691493988037,0.5400422811508179,0.5463792085647583,1030.3285312873697,168.8318908874286,,,,,,0.0,r01c07:i,0.19311384223439948,True,dwell_v1,0.0,,0.0,
e9dac76cff37,1779983330879,ba43e845ddde0ab9,6,pca4_decoupled_split,False,1.0,0.3754262761854117,0.04870877778069904,0.5269629175684671,0.0,0.4511945968769394,0.02435438889034952,0.03563779592514038,0.016955643892288208,0.5400358736515045,0.5463852286338806,1036.3631294737604,164.2625297445824,,,,,,0.0,r01c07:i,0.18406374963681488,True,dwell_v1,0.0,,0.0,
e9dac76cff37,1779983330984,ba43e845ddde0ab9,6,pca4_decoupled_split,False,1.0,0.3768023435642935,0.06518337784100836,0.525271415471748,0.0,0.45103687951802074,0.03259168892050418,0.03556005656719208,0.016740530729293823,0.5400365591049194,0.546700119972229,1040.6731570956429,175.07481094954935,,,,,,0.0,r02c07:k,0.16968631515958657,True,dwell_v1,0.0,,0.0,
e9dac76cff37,1779983331090,ba43e845ddde0ab9,6,pca4_decoupled_split,False,1.0,0.381373407771775,0.10732887173591044,0.5249040287005496,0.0,0.4531387182361623,0.05366443586795522,0.0355076789855957,0.016485929489135742,0.5401016771793365,0.5471946001052856,1034.7091005031662,245.21681818654793,,,,,,0.0,r02c08:l,0.1691670942623608,True,dwell_v1,0.0,,0.0,
e9dac76cff37,1779983331199,ba43e845ddde0ab9,6,pca4_decoupled_split,False,1.0,0.3850940489446735,0.1518562850505023,0.5242104093381692,0.0,0.45465222914142134,0.07592814252525115,0.03551143407821655,0.01644110679626465,0.5401728451251984,0.5478336215019226,1024.581341904517,357.47071536179874,,,,,,0.0,r04c03:ENTER,0.2788538860147883,True,dwell_v1,0.0,,0.0,
e9dac76cff37,1779983331306,ba43e845ddde0ab9,6,pca4_decoupled_split,False,1.0,0.38682356017218467,0.16868895397185274,0.5233182687126932,0.0,0.4550709144424389,0.08434447698592637,0.03554452955722809,0.0163080096244812,0.5402129590511322,0.5482320487499237,1023.0955821729001,392.0553193318554,,,,,,0.0,r03c07:m,0.294727042959922,True,dwell_v1,0.0,,0.0,
e9dac76cff37,1779983331409,ba43e845ddde0ab9,6,pca4_decoupled_split,False,1.0,0.3889964288620342,0.16789318574956136,0.5242318652645013,0.0,0.45661414706326775,0.08394659287478068,0.03553631901741028,0.016064852476119995,0.5402520000934601,0.5483550131320953,1017.3089107133403,414.3466840393821,,,,,,0.0,r03c07:m,0.33412778641965596,True,dwell_v1,0.0,,0.0,
e9dac76cff37,1779983331510,ba43e845ddde0ab9,6,pca4_decoupled_split,False,1.0,0.3887362501951586,0.14072761611554752,0.5273101763890502,0.0,0.4580232132921044,0.07036380805777376,0.03555917739868164,0.016081124544143677,0.5402792394161224,0.5480780899524689,1011.2046321354283,408.8152153649286,,,,,,0.0,r03c07:m,0.3215109907545954,True,dwell_v1,0.0,,0.0,
e9dac76cff37,1779983331612,ba43e845ddde0ab9,6,pca4_decoupled_split,False,1.0,0.3895299089612828,0.044694182772953006,0.5381532320128869,0.0,0.46384157048708485,0.022347091386476503,0.03553140163421631,0.016184687614440918,0.54041588306427,0.5471978485584259,971.573612198809,187.94850112368158,,,,,,0.0,r02c07:k,0.21177757134442443,True,dwell_v1,0.0,,0.0,
e9dac76cff37,1779983331718,ba43e845ddde0ab9,6,pca4_decoupled_split,False,1.0,0.4170740300176546,0.0,0.5671860753831364,0.0,0.49213005270039545,0.0,0.03539368510246277,0.016294658184051514,0.541498601436615,0.5464213788509369,831.9519019217814,18.46010705244137,,,,,,0.0,r01c07:i,0.1632999531353731,True,dwell_v1,0.0,,0.0,
e9dac76cff37,1779983331853,ba43e845ddde0ab9,6,pca4_decoupled_split,False,1.0,0.45904041066863804,0.0,0.6071363683072235,0.0,0.5330883894879308,0.0,0.03556479513645172,0.01712009310722351,0.5432935357093811,0.5461857914924622,549.9000889995284,0.7569797648191735,,,,,,0.0,r01c03:r,0.25113171877034235,True,dwell_v1,0.0,,0.0,
e9dac76cff37,1779983331959,ba43e845ddde0ab9,6,pca4_decoupled_split,False,1.0,0.46293572795462457,0.0,0.610041963411855,0.0,0.5364888456832397,0.0,0.035676464438438416,0.017390310764312744,0.5437344014644623,0.5461485385894775,521.6601841555648,0.41737441896881816,,,,,,0.0,r01c03:r,0.36916968353701723,True,dwell_v1,0.0,,0.0,
e9dac76cff37,1779983332064,ba43e845ddde0ab9,6,pca4_decoupled_split,False,1.0,0.4567934430986014,0.0,0.5970489547774022,0.0,0.5269211989380018,0.0,0.03555828332901001,0.017490863800048828,0.5439378023147583,0.54621222615242,522.4998530577873,0.2301268986379994,,,,,,0.0,r01c03:r,0.3657228767794662,True,dwell_v1,0.0,,0.0,
e9dac76cff37,1779983332185,ba43e845ddde0ab9,6,pca4_decoupled_split,False,1.0,0.46475862144591,0.005038461703543329,0.6062636647938645,0.0,0.5355111431198872,0.0025192308517716644,0.03541967272758484,0.017543673515319824,0.5451369285583496,0.5466026365756989,524.5781447668758,12.370037580732655,,,,,,0.0,r01c03:r,0.35085586792821954,True,dwell_v1,0.0,,0.0,
e9dac76cff37,1779983332295,ba43e845ddde0ab9,6,pca4_decoupled_split,False,1.0,0.4945916708513202,0.02941499237649131,0.6372897907566477,0.0,0.565940730803984,0.014707496188245656,0.03554932773113251,0.017718583345413208,0.5469953119754791,0.5472370386123657,341.4500381960029,98.36707033443349,,,,,,0.0,r01c03:r,0.17882420551372372,True,dwell_v1,0.0,,0.0,
e9dac76cff37,1779983332409,ba43e845ddde0ab9,6,pca4_decoupled_split,False,1.0,0.4978417231020357,0.05881044500486271,0.6407357314402252,0.008522964542379774,0.5692887272711304,0.03366670477362124,0.03558087348937988,0.017534464597702026,0.547385960817337,0.5478329360485077,291.94603611249,149.06716476774633,,,,,,0.0,r02c01:s,0.17801040558484496,True,dwell_v1,0.0,,0.0,
e9dac76cff37,1779983332513,ba43e845ddde0ab9,6,pca4_decoupled_split,False,1.0,0.49550968649626825,0.10841280634515438,0.6357790957370856,0.06957122272894856,0.5656443911166769,0.08899201453705147,0.03553652763366699,0.017021507024765015,0.5476506948471069,0.548841267824173,287.9178575757904,255.44689679268515,,,,,,0.0,r03c01:z,0.1866100283618933,True,dwell_v1,0.0,,0.0,
e9dac76cff37,1779983332615,ba43e845ddde0ab9,6,pca4_decoupled_split,False,1.0,0.4918340230196325,0.11425314718665486,0.6306407835596601,0.0664843635845061,0.5612374032896463,0.09036875538558048,0.035560816526412964,0.01694890856742859,0.5478043258190155,0.5491938591003418,299.3095432086079,279.57230688109206,,,,,,0.0,r02c01:s,0.2025086427048259,True,dwell_v1,0.0,,0.0,
e9dac76cff37,1779983332721,ba43e845ddde0ab9,6,pca4_decoupled_split,False,1.0,0.491899739258179,0.1137910009818821,0.6296877542625755,0.060398692110685215,0.5607937467603772,0.08709484654628366,0.03550785779953003,0.016914695501327515,0.54788938164711,0.5492333471775055,309.49502310074445,289.1444269242538,,,,,,0.0,r02c01:s,0.1902250083562118,True,dwell_v1,0.0,,0.0,
e9dac76cff37,1779983332825,ba43e845ddde0ab9,6,pca4_decoupled_split,False,1.0,0.48801026255209623,0.11444145068830675,0.627126966006643,0.051947100824185466,0.5575686142793697,0.0831942757562461,0.035484910011291504,0.01687800884246826,0.5478167533874512,0.5491574704647064,320.097221882434,294.5919839732351,,,,,,0.0,r02c01:s,0.1794715165906038,True,dwell_v1,0.0,,0.0,
e9dac76cff37,1779983332930,ba43e845ddde0ab9,6,pca4_decoupled_split,False,1.0,0.45722942093404295,0.12129605970457452,0.6011210092315057,0.0,0.5291752150827743,0.06064802985228726,0.03530248999595642,0.016597211360931396,0.5466740429401398,0.5489214956760406,484.0204414599651,312.12157949885835,,,,,,0.0,r03c02:x,0.17583577646813509,True,dwell_v1,0.0,,0.0,
e9dac76cff37,1779983333036,ba43e845ddde0ab9,6,pca4_decoupled_split,False,1.0,0.4516260222992881,0.10300028843056508,0.5937928143454632,0.0,0.5227094183223756,0.05150014421528254,0.035017117857933044,0.01648920774459839,0.5460915565490723,0.5484870076179504,553.0250228832086,292.1977272379715,,,,,,0.0,r02c03:f,0.17152500185387293,True,dwell_v1,0.0,,0.0,
e9dac76cff37,1779983333142,ba43e845ddde0ab9,6,pca4_decoupled_split,False,1.0,0.48173467129421993,0.072096158692047,0.6204975672429421,0.0,0.5511161192685811,0.0360480793460235,0.0350533127784729,0.016484230756759644,0.5472518503665924,0.5474057495594025,448.40768346847443,224.8552375177527,,,,,,0.0,r01c03:r,0.18157989936718075,True,dwell_v1,0.0,,0.0,
e9dac76cff37,1779983333246,ba43e845ddde0ab9,6,pca4_decoupled_split,False,1.0,0.5008879043896063,0.050862923370588786,0.643072438112132,0.0,0.5719801712508692,0.025431461685294393,0.03559058904647827,0.01730993390083313,0.5489265322685242,0.5464727878570557,307.1467501972098,167.74420647919388,,,,,,0.0,r02c01:s,0.19234739402672743,True,dwell_v1,0.0,,0.0,
e9dac76cff37,1779983333349,ba43e845ddde0ab9,6,pca4_decoupled_split,False,1.0,0.5073199451329728,0.04157179523773569,0.6426240532672164,0.0,0.5749719992000946,0.020785897618867843,0.035771727561950684,0.017845839262008667,0.5496039390563965,0.5461086928844452,243.57582452095903,137.10322973579935,,,,,,0.0,r01c02:e,0.20323437305739275,True,dwell_v1,0.0,,0.0,
e9dac76cff37,1779983333449,ba43e845ddde0ab9,6,pca4_decoupled_split,False,1.0,0.5060526456897119,0.04185291514813094,0.6416645827495038,0.0,0.5738586142196078,0.02092645757406547,0.035798728466033936,0.018062084913253784,0.5497519671916962,0.5458723604679108,240.2904176426791,133.56811339016687,,,,,,0.0,r01c02:e,0.19610170401376725,True,dwell_v1,0.0,,0.0,
e9dac76cff37,1779983333551,ba43e845ddde0ab9,6,pca4_decoupled_split,False,1.0,0.5065259593806277,0.05350734084849573,0.6406362246523579,0.0,0.5735810920164928,0.026753670424247866,0.035799771547317505,0.01831299066543579,0.5497882664203644,0.545784205198288,241.46222718227705,140.27683421535806,,,,,,0.0,r01c02:e,0.1954708111683712,True,dwell_v1,0.0,,0.0,
e9dac76cff37,1779983333651,ba43e845ddde0ab9,6,pca4_decoupled_split,False,1.0,0.5038779082216398,0.060375037462811476,0.6411663842827987,0.0005465426592313749,0.5725221462522192,0.030460790061021426,0.03583291172981262,0.01844969391822815,0.5498318374156952,0.5456943809986115,243.19975637780777,152.55075325333473,,,,,,0.0,r01c02:e,0.19125054903466274,True,dwell_v1,0.0,,0.0,
e9dac76cff37,1779983333763,ba43e845ddde0ab9,6,pca4_decoupled_split,False,1.0,0.5043363025327354,0.07096471285066219,0.6408412294128772,0.0026694975571987523,0.5725887659728064,0.03681710520393047,0.03580620884895325,0.018440186977386475,0.5498456954956055,0.5456733703613281,244.57857794288046,168.2598673724299,,,,,,0.0,r01c02:e,0.18063897057428568,True,dwell_v1,0.0,,0.0,
e9dac76cff37,1779983333884,ba43e845ddde0ab9,6,pca4_decoupled_split,False,1.0,0.5033263011065889,0.07384222750819219,0.6413722180367112,0.009985277098129963,0.5723492595716501,0.04191375230316108,0.0357116162776947,0.018460243940353394,0.5492171049118042,0.5456492900848389,244.93652295455533,180.43255921398628,,,,,,0.0,r02c01:s,0.17789333098187826,True,dwell_v1,0.0,,0.0,
e9dac76cff37,1779983333989,ba43e845ddde0ab9,6,pca4_decoupled_split,False,1.0,0.5059030640935744,0.07740765988689297,0.6453079494410459,0.01974695555465017,0.5756055067673101,0.04857730772077157,0.03589795529842377,0.01840311288833618,0.5486831665039062,0.5455524325370789,240.1622518753494,190.84391841712096,,,,,,0.0,r02c01:s,0.17836955589292697,True,dwell_v1,0.0,,0.0,
e9dac76cff37,1779983334093,ba43e845ddde0ab9,6,pca4_decoupled_split,False,1.0,0.507522873744008,0.0832347878495533,0.6448318128695125,0.028266837347891982,0.5761773433067603,0.05575081259872264,0.03582720458507538,0.01837599277496338,0.5484000444412231,0.5455285906791687,234.10028851795855,201.35744361375927,,,,,,0.0,r02c01:s,0.21040457528757298,True,dwell_v1,0.0,,0.0,
e9dac76cff37,1779983334196,ba43e845ddde0ab9,6,pca4_decoupled_split,False,1.0,0.5073466138950476,0.07668946994816866,0.6465184137650707,0.023304926250034608,0.5769325138300592,0.049997198099101636,0.03579464554786682,0.018348246812820435,0.5483107268810272,0.5454892218112946,226.31376454772095,204.8087016379239,,,,,,0.0,r02c00:a,0.23842574639904698,True,dwell_v1,0.0,,0.0,
e9dac76cff37,1779983334327,ba43e845ddde0ab9,6,pca4_decoupled_split,False,1.0,0.5075668355133236,0.0731120586685926,0.6437714138759637,0.018393568401207316,0.5756691246946437,0.04575281353489996,0.035760700702667236,0.018324553966522217,0.5481745004653931,0.5454665720462799,222.80285088321244,203.1857986740223,,,,,,0.0,r02c00:a,0.2435883312015693,True,dwell_v1,0.0,,0.0,
7c8890821b7f,1779983700372,ba43e845ddde0ab9,6,poly12_ridge,False,1.0,0.4414983969288063,0.18023379129641964,0.585643248007627,0.0,0.5135708224682167,0.09011689564820982,0.034087374806404114,0.013646155595779419,0.5510703921318054,0.52645343542099,696.5568697713885,717.4690019058531,,,,,,0.0,r03c04:v,0.01365795316991629,True,dwell_v1,0.0,,0.0,
7c8890821b7f,1779983700512,ba43e845ddde0ab9,6,poly12_ridge,False,1.0,0.4366112582927972,0.027640259259895994,0.6016663953309926,0.0,0.5191388268118949,0.013820129629947997,0.034004926681518555,0.013872087001800537,0.5510038435459137,0.5254412293434143,592.5393277657718,416.82184794721917,,,,,,0.0,r03c04:v,0.18688482472141998,True,dwell_v1,0.0,,0.0,
7c8890821b7f,1779983700616,ba43e845ddde0ab9,6,poly12_ridge,False,1.0,0.44114156964104984,0.0010147684835200566,0.5931463685027075,0.0,0.5171439690718787,0.0005073842417600283,0.03435364365577698,0.015301734209060669,0.5507203340530396,0.5244163572788239,564.1147273661002,142.12422529879373,,,,,,0.0,r02c03:f,0.14967244049379233,True,dwell_v1,0.0,,0.0,
7c8890821b7f,1779983700733,ba43e845ddde0ab9,6,poly12_ridge,False,1.0,0.4555723487472801,0.0,0.6095253632739546,0.0,0.5325488560106173,0.0,0.03446266055107117,0.015410423278808594,0.5513351559638977,0.5242549479007721,465.62458266434726,70.20307357887849,,,,,,0.0,r01c04:t,0.18804439965413083,True,dwell_v1,0.0,,0.0,
7c8890821b7f,1779983700850,ba43e845ddde0ab9,6,poly12_ridge,False,1.0,0.48047449910146933,0.006543324057833588,0.63272794883381,0.0,0.5566012239676397,0.003271662028916794,0.03451332449913025,0.015607655048370361,0.5523275434970856,0.5242307186126709,257.2053196204485,56.496261128626784,,,,,,0.0,r01c02:e,0.27063580676641114,True,dwell_v1,0.0,,0.0,
7c8890821b7f,1779983700969,ba43e845ddde0ab9,6,poly12_ridge,False,1.0,0.5204363650732843,0.37797980798299186,0.5222761203958484,1.0,0.5213562427345664,0.688989903991496,0.03410598635673523,0.00619015097618103,0.5514744818210602,0.5294540226459503,921.6319557733791,189.08859517224363,,,,,,0.0,r02c06:j,0.17672696507484548,True,dwell_v1,0.0,,0.0,
7c8890821b7f,1779983701077,ba43e845ddde0ab9,6,poly12_ridge,False,1.0,0.502303996136318,0.2592031331330541,0.553174302999935,0.053614221415193064,0.5277391495681265,0.15640867727412358,0.03326484560966492,0.007441580295562744,0.5515303313732147,0.5284105837345123,727.987391443504,670.7118232350707,,,,,,0.0,r03c05:b,0.03742206937097591,True,dwell_v1,0.0,,0.0,
7c8890821b7f,1779983701209,ba43e845ddde0ab9,6,poly12_ridge,False,1.0,0.46552877218199623,0.033794633938834806,0.6078269807260904,0.0,0.5366778764540433,0.016897316969417403,0.03380398452281952,0.015124857425689697,0.551626980304718,0.5251560211181641,399.9256114226225,258.2568926595667,,,,,,0.0,r03c02:x,0.19344844515140389,True,dwell_v1,0.0,,0.0,
7c8890821b7f,1779983701319,ba43e845ddde0ab9,6,poly12_ridge,False,1.0,0.4535029426943428,0.07067108328727861,0.6062627006294796,0.0,0.5298828216619113,0.03533554164363931,0.03469182550907135,0.01676085591316223,0.5511317551136017,0.5242974758148193,450.3279423390187,306.79202227294303,,,,,,0.0,r03c03:c,0.17981942336606918,True,dwell_v1,0.0,,0.0,
7c8890821b7f,1779983701431,ba43e845ddde0ab9,6,poly12_ridge,False,1.0,0.45131913454574224,0.077528604305102,0.6052915405627879,0.0,0.528305337554265,0.038764302152551,0.03501032292842865,0.0167405903339386,0.551092118024826,0.5241188406944275,471.3614545625443,329.23972263590633,,,,,,0.0,r03c02:x,0.22184381787890067,True,dwell_v1,0.0,,0.0,
7c8890821b7f,1779983701552,ba43e845ddde0ab9,6,poly12_ridge,False,1.0,0.46044045800946554,0.08104693951733677,0.6107012792010451,0.0,0.5355708686052554,0.040523469758668385,0.03500828146934509,0.016603529453277588,0.5513995885848999,0.5241631269454956,465.12070057175583,347.24189055166096,,,,,,0.0,r03c03:c,0.26972190773833693,True,dwell_v1,0.0,,0.0,
7c8890821b7f,1779983701661,ba43e845ddde0ab9,6,poly12_ridge,False,1.0,0.4685241899676936,0.08814955838996219,0.6138944235485679,0.0,0.5412093067581307,0.044074779194981095,0.03505969047546387,0.016582131385803223,0.5516520142555237,0.5242311656475067,443.557217900792,361.69760172260936,,,,,,0.0,r03c03:c,0.22919767647199132,True,dwell_v1,0.0,,0.0,
7c8890821b7f,1779983701793,ba43e845ddde0ab9,6,poly12_ridge,False,1.0,0.4821907360411261,0.10297037831419797,0.6221090782758008,0.035399077718546834,0.5521499071584635,0.0691847280163724,0.03501817584037781,0.016663670539855957,0.5522042512893677,0.5244769752025604,378.2875072744739,393.3305378884313,,,,,,0.0,r03c01:z,0.2196375093930108,True,dwell_v1,0.0,,0.0,
7c8890821b7f,1779983701907,ba43e845ddde0ab9,6,poly12_ridge,False,1.0,0.4833464022593536,0.10099344767337104,0.6248076349164483,0.03517210270772947,0.5540770185879009,0.06808277519055025,0.03494073450565338,0.01662030816078186,0.5523531138896942,0.5245330035686493,361.3390465640323,402.217585970812,,,,,,0.0,r03c01:z,0.25795347024926313,True,dwell_v1,0.0,,0.0,
7c8890821b7f,1779983702020,ba43e845ddde0ab9,6,poly12_ridge,False,1.0,0.48581148304894517,0.09880732839415857,0.6276013014809139,0.0358219932602723,0.5567063922649296,0.06731466082721543,0.034920454025268555,0.016598820686340332,0.5524736642837524,0.5245499908924103,343.1513323688794,402.3459191656297,,,,,,0.0,r04c01:ALT,0.2567786718922946,True,dwell_v1,0.0,,0.0,
7c8890821b7f,1779983702135,ba43e845ddde0ab9,6,poly12_ridge,False,1.0,0.48615688813373414,0.10898888584687821,0.6286359404500046,0.041150804327735935,0.5573964142918694,0.07506984508730707,0.03491412103176117,0.016570597887039185,0.552520215511322,0.524691641330719,332.2035202908213,413.79542256906467,,,,,,0.0,r03c01:z,0.287569849439946,True,dwell_v1,0.0,,0.0,
7c8890821b7f,1779983702239,ba43e845ddde0ab9,6,poly12_ridge,False,1.0,0.4871045789626392,0.11353409846655221,0.6279405896784238,0.0407566435138732,0.5575225843205315,0.07714537099021271,0.034896448254585266,0.01657050848007202,0.5525414645671844,0.5247381031513214,328.2727750274187,424.4932376232241,,,,,,0.0,r03c01:z,0.2806970452496279,True,dwell_v1,0.0,,0.0,
7c8890821b7f,1779983702339,ba43e845ddde0ab9,6,poly12_ridge,False,1.0,0.48713239921352386,0.12385223212006952,0.6278750545829824,0.05025803636195836,0.5575037268982531,0.08705513424101394,0.034871965646743774,0.01656508445739746,0.5526019036769867,0.5248200595378876,331.92043320888655,449.07301180734174,,,,,,0.0,r03c01:z,0.25931381441780677,True,dwell_v1,0.0,,0.0,
7c8890821b7f,1779983702454,ba43e845ddde0ab9,6,poly12_ridge,False,1.0,0.48723575945825764,0.12497231135632453,0.6241385295793106,0.06199903583574373,0.5556871445187841,0.09348567359603413,0.0348733514547348,0.016643911600112915,0.5526847839355469,0.5249051749706268,337.37958074992724,463.62713401972997,,,,,,0.0,r03c01:z,0.2459581080490472,True,dwell_v1,0.0,,0.0,
7c8890821b7f,1779983702562,ba43e845ddde0ab9,6,poly12_ridge,False,1.0,0.48095178219161927,0.12101819366821753,0.620915995656562,0.054021750488728926,0.5509338889240907,0.08751997207847323,0.03483271598815918,0.016438543796539307,0.5525320172309875,0.5249637067317963,349.2148101171312,474.2445868664141,,,,,,0.0,r03c01:z,0.23588760531480593,True,dwell_v1,0.0,,0.0,
7c8890821b7f,1779983702663,ba43e845ddde0ab9,6,poly12_ridge,False,1.0,0.43427273826563817,0.09505583273182588,0.5792888122824986,0.0,0.5067807752740684,0.04752791636591294,0.03466275334358215,0.015812277793884277,0.5508348941802979,0.5249876379966736,599.0824772706857,463.2401281851961,,,,,,0.0,r03c04:v,0.14580884859535137,True,dwell_v1,0.0,,0.0,
7c8890821b7f,1779983702769,ba43e845ddde0ab9,6,poly12_ridge,False,1.0,0.41036696865162575,0.08712933193216144,0.5462368049421275,0.0,0.4783018867968766,0.04356466596608072,0.034649938344955444,0.015595436096191406,0.5497017204761505,0.525019109249115,885.9779495063776,443.3077446882944,,,,,,0.0,r03c07:m,0.21739955170156922,True,dwell_v1,0.0,,0.0,
7c8890821b7f,1779983702879,ba43e845ddde0ab9,6,poly12_ridge,False,1.0,0.4045888021626292,0.08015972766784557,0.5415472917811995,0.0,0.4730680469719144,0.040079863833922785,0.03468276560306549,0.015575021505355835,0.5494294464588165,0.5250576436519623,954.5260472675154,429.9759705240451,,,,,,0.0,r03c06:n,0.26106950689736313,True,dwell_v1,0.0,,0.0,
7c8890821b7f,1779983702980,ba43e845ddde0ab9,6,poly12_ridge,False,1.0,0.39932079333866943,0.0757999162458749,0.5290116501464732,0.0,0.4641662217425713,0.03789995812293745,0.03473667800426483,0.015563756227493286,0.5490118861198425,0.5250723659992218,1020.9767531371084,409.82843718933486,,,,,,0.0,r03c07:m,0.2885901099189217,True,dwell_v1,0.0,,0.0,
7c8890821b7f,1779983703089,ba43e845ddde0ab9,6,poly12_ridge,False,1.0,0.3849303584734025,0.07614982614784055,0.5114271443208314,0.0,0.44817875139711694,0.038074913073920275,0.03482089936733246,0.01550707221031189,0.548342764377594,0.5250927209854126,1214.5690716499498,399.5569782294775,,,,,,0.0,r03c08:BACKSPACE,0.3247523822969272,True,dwell_v1,0.0,,0.0,
7c8890821b7f,1779983703196,ba43e845ddde0ab9,6,poly12_ridge,False,1.0,0.38459698790730595,0.08087261268112522,0.5045648485224958,0.0,0.44458091821490087,0.04043630634056261,0.034941330552101135,0.015504509210586548,0.5481064319610596,0.5251078307628632,1240.4250117093663,405.1364938034841,,,,,,0.0,r03c08:BACKSPACE,0.3389678128306348,True,dwell_v1,0.0,,0.0,
7c8890821b7f,1779983703313,ba43e845ddde0ab9,6,poly12_ridge,False,1.0,0.3805924395281398,0.08450386203224969,0.4991097227567498,0.0,0.4398510811424448,0.042251931016124844,0.03500242531299591,0.015540391206741333,0.5478951632976532,0.5251139104366302,1257.73098585617,411.72590814578547,,,,,,0.0,r03c08:BACKSPACE,0.3419796504777711,True,dwell_v1,0.0,,0.0,
7c8890821b7f,1779983703429,ba43e845ddde0ab9,6,poly12_ridge,False,1.0,0.3802016640255081,0.08692366692094666,0.4999839829671703,0.0,0.44009282349633916,0.04346183346047333,0.03500312566757202,0.015558719635009766,0.5477996170520782,0.5251186788082123,1267.2729462095451,419.82899486288215,,,,,,0.0,r03c08:BACKSPACE,0.39993368255985734,True,dwell_v1,0.0,,0.0,
7c8890821b7f,1779983703542,ba43e845ddde0ab9,6,poly12_ridge,False,1.0,0.37910221854697873,0.09156144150369544,0.49796622124768125,0.0,0.43853421989733,0.04578072075184772,0.035029441118240356,0.015599727630615234,0.5477058589458466,0.5251448452472687,1272.5340778056648,431.23270871095514,,,,,,0.0,r03c08:BACKSPACE,0.37986659668148093,True,dwell_v1,0.0,,0.0,
7c8890821b7f,1779983703654,ba43e845ddde0ab9,6,poly12_ridge,False,1.0,0.3776425431267394,0.09373618373247816,0.49778196864703733,0.0,0.43771225588688834,0.04686809186623908,0.03503751754760742,0.015628039836883545,0.5476550757884979,0.525090903043747,1275.434897411554,441.31540404211705,,,,,,0.0,r03c08:BACKSPACE,0.3600750841639812,True,dwell_v1,0.0,,0.0,
7c8890821b7f,1779983703764,ba43e845ddde0ab9,6,poly12_ridge,False,1.0,0.3753998301416621,0.08408048981233845,0.4995663515322161,0.0,0.43748309083693915,0.04204024490616923,0.03504006564617157,0.01584625244140625,0.5475827753543854,0.5248855948448181,1277.0343165160139,439.4291373495196,,,,,,0.0,r03c08:BACKSPACE,0.3658821845802425,True,dwell_v1,0.0,,0.0,
7c8890821b7f,1779983703882,ba43e845ddde0ab9,6,poly12_ridge,False,1.0,0.3752415474133618,0.1022503592994436,0.4979582076387765,0.0,0.43659987752606916,0.0511251796497218,0.035101428627967834,0.016290605068206787,0.5475179851055145,0.52480348944664,1277.916185028802,452.2334622202552,,,,,,0.0,r03c08:BACKSPACE,0.33800078830421315,True,dwell_v1,0.0,,0.0,
7c8890821b7f,1779983704000,ba43e845ddde0ab9,6,poly12_ridge,False,1.0,0.3749252338819793,0.1091861663121681,0.4970175572547677,0.0,0.4359713955683735,0.05459308315608405,0.035168230533599854,0.016556084156036377,0.5474380850791931,0.5246680676937103,1278.4024191069607,473.9403658283146,,,,,,0.0,r03c08:BACKSPACE,0.2911799501138205,True,dwell_v1,0.0,,0.0,
7c8890821b7f,1779983704116,ba43e845ddde0ab9,6,poly12_ridge,False,1.0,0.37578039320230106,0.11405358373493174,0.49702159324474054,0.0,0.4364009932235208,0.05702679186746587,0.03526867926120758,0.016639530658721924,0.547399252653122,0.5246138274669647,1278.670513018167,496.11001477623853,,,,,,0.0,r03c08:BACKSPACE,0.24648349509122158,True,dwell_v1,0.0,,0.0,
7c8890821b7f,1779983704232,ba43e845ddde0ab9,6,poly12_ridge,False,1.0,0.37509759972573703,0.11478917537807093,0.4964143378382223,0.0,0.43575596878197964,0.057394587689035464,0.03529174625873566,0.016680538654327393,0.5473740994930267,0.5245895981788635,1278.8183314218008,510.2050593580823,,,,,,0.0,r03c08:BACKSPACE,0.22030434348176678,True,dwell_v1,0.0,,0.0,
7c8890821b7f,1779983704336,ba43e845ddde0ab9,6,poly12_ridge,False,1.0,0.3749203761300748,0.11374206650906937,0.4944507201694505,0.0,0.4346855481497627,0.056871033254534686,0.035350531339645386,0.016724377870559692,0.5473496913909912,0.5245784521102905,1278.8998337593757,516.8586577247844,,,,,,0.0,r03c08:BACKSPACE,0.20862195776165987,True,dwell_v1,0.0,,0.0,
7c8890821b7f,1779983704449,ba43e845ddde0ab9,6,poly12_ridge,False,1.0,0.37883116138090867,0.12973739949341134,0.49508740806440915,0.0,0.4369592847226589,0.06486869974670567,0.03533785045146942,0.016542792320251465,0.5475263595581055,0.5248345136642456,1278.9447715402398,528.8543761948638,,,,,,0.0,r03c08:BACKSPACE,0.18860838717476172,True,dwell_v1,0.0,,0.0,
7c8890821b7f,1779983704557,ba43e845ddde0ab9,6,poly12_ridge,False,1.0,0.38087751334198117,0.13625711837048138,0.4974739556140693,0.0,0.43917573447802527,0.06812855918524069,0.035292208194732666,0.016255199909210205,0.5476239919662476,0.5250590443611145,1278.9695487945992,553.693687009661,,,,,,0.0,r03c08:BACKSPACE,0.1517525451509952,True,dwell_v1,0.0,,0.0,
7c8890821b7f,1779983704683,ba43e845ddde0ab9,6,poly12_ridge,False,1.0,0.41256933737679724,0.1353163016065423,0.5449199788569783,0.0,0.47874465811688777,0.06765815080327114,0.034842997789382935,0.015695661306381226,0.549366295337677,0.5251216888427734,1077.8377682737737,592.6422825236976,,,,,,0.0,r03c08:BACKSPACE,0.046482425698115344,True,dwell_v1,0.0,,0.0,
7c8890821b7f,1779983704791,ba43e845ddde0ab9,6,poly12_ridge,False,1.0,0.4432149124074987,0.13894744294330674,0.5829698939231587,0.00036612433120203347,0.5130924031653287,0.06965678363725439,0.034682825207710266,0.015514671802520752,0.550837367773056,0.5252598226070404,752.6544958719734,590.1742603532563,,,,,,0.0,r03c05:b,0.11628911239907086,True,dwell_v1,0.0,,0.0,
7c8890821b7f,1779983704904,ba43e845ddde0ab9,6,poly12_ridge,False,1.0,0.46205160817578783,0.14769221083398493,0.6032318977075851,0.059718511140085806,0.5326417529416865,0.10370536098703537,0.03485850989818573,0.015801608562469482,0.5516817569732666,0.5254970788955688,581.7431512208383,594.7636939761388,,,,,,0.0,r03c04:v,0.047834183284536744,True,dwell_v1,0.0,,0.0,
7c8890821b7f,1779983705024,ba43e845ddde0ab9,6,poly12_ridge,False,1.0,0.4689175620182604,0.13133203382853542,0.6132524503727388,0.06252192295412096,0.5410850061954996,0.09692697839132819,0.034908801317214966,0.015934109687805176,0.5520855784416199,0.5253396928310394,482.25614437495875,562.5192403850033,,,,,,0.0,r03c03:c,0.23287602826497028,True,dwell_v1,0.0,,0.0,
7c8890821b7f,1779983705135,ba43e845ddde0ab9,6,poly12_ridge,False,1.0,0.4744103224963088,0.10564536983780526,0.617580734058411,0.038910367163081605,0.5459955282773599,0.07227786850044343,0.03488588333129883,0.016048163175582886,0.5522901117801666,0.5250580012798309,413.70976814679506,479.79489119618813,,,,,,0.0,r03c03:c,0.16779457050868493,True,dwell_v1,0.0,,0.0,
7c8890821b7f,1779983705245,ba43e845ddde0ab9,6,poly12_ridge,False,1.0,0.4750825269663246,0.09056732730975325,0.6182779234773351,0.013078996057427739,0.5466802252218299,0.051823161683590496,0.034887030720710754,0.016393601894378662,0.5522899329662323,0.5247616767883301,397.7438942799931,444.2080417359252,,,,,,0.0,r03c01:z,0.17700353385031672,True,dwell_v1,0.0,,0.0,
7c8890821b7f,1779983705357,ba43e845ddde0ab9,6,poly12_ridge,False,1.0,0.4779842796484765,0.19390496993613782,0.6035730840026331,0.10520628701129958,0.5407786818255548,0.1495556284737187,0.03413635492324829,0.013530552387237549,0.5518808364868164,0.5260708034038544,455.6844967672205,585.759168185142,,,,,,0.0,r03c02:x,0.2630494334339433,True,dwell_v1,0.0,,0.0,
7c8890821b7f,1779983705473,ba43e845ddde0ab9,6,poly12_ridge,False,1.0,0.5094368651795422,0.5052094922005956,0.5079610312169178,0.7386776179307486,0.50869894819823,0.6219435550656721,0.03401157259941101,0.006232738494873047,0.5509803593158722,0.5306962728500366,914.1019084228216,528.905929200871,,,,,,0.0,r03c07:m,0.32196633520704315,True,dwell_v1,0.0,,0.0,
7c8890821b7f,1779983705584,ba43e845ddde0ab9,6,poly12_ridge,False,1.0,0.46773165320674104,0.27499437694757906,0.5580557227628618,0.07580758504215024,0.5128936879848014,0.17540098099486465,0.03348565101623535,0.009238481521606445,0.5512254238128662,0.5293272435665131,787.5971824140729,701.6776777984294,,,,,,0.0,r03c05:b,0.07218921191103769,True,dwell_v1,0.0,,0.0,
7c8890821b7f,1779983705686,ba43e845ddde0ab9,6,poly12_ridge,False,1.0,0.45733944030945983,0.0910275528879882,0.5928965918332372,0.0,0.5251180160713484,0.0455137764439941,0.03370051085948944,0.012629210948944092,0.5517150163650513,0.5277062356472015,584.5835970629571,493.1175030082986,,,,,,0.0,r03c04:v,0.11463170315385061,True,dwell_v1,0.0,,0.0,
7c8890821b7f,1779983705803,ba43e845ddde0ab9,6,poly12_ridge,False,1.0,0.4530843423249075,0.05853518910157812,0.5989662528219599,0.0,0.5260252975734337,0.02926759455078906,0.03393825888633728,0.014358580112457275,0.5519143342971802,0.5266318321228027,520.9708669675301,347.3577367414127,,,,,,0.0,r04c02: ,0.18369090881870112,True,dwell_v1,0.0,,0.0,
7c8890821b7f,1779983705914,ba43e845ddde0ab9,6,poly12_ridge,False,1.0,0.44641630874117777,0.06785506419363746,0.5957353593386283,0.0,0.5210758340399031,0.03392753209681873,0.0343170166015625,0.014991790056228638,0.5521091520786285,0.5260891914367676,520.7277236207101,334.00968987354133,,,,,,0.0,r02c03:f,0.14374001075534865,True,dwell_v1,0.0,,0.0,
7c8890821b7f,1779983706024,ba43e845ddde0ab9,6,poly12_ridge,False,1.0,0.4368636927257561,0.086941405758717,0.5827745956581403,0.0,0.5098191441919482,0.0434707028793585,0.034567758440971375,0.014942437410354614,0.5521538257598877,0.526110976934433,621.0810280032172,390.80578028389857,,,,,,0.0,r03c04:v,0.19044732370669626,True,dwell_v1,0.0,,0.0,
7c8890821b7f,1779983706133,ba43e845ddde0ab9,6,poly12_ridge,False,1.0,0.4238776831439067,0.11442725060819214,0.551146597051988,0.0,0.48751214009794736,0.05721362530409607,0.034585222601890564,0.014498323202133179,0.5515049695968628,0.5263327956199646,788.0350310387785,488.74779865594337,,,,,,0.0,r03c05:b,0.30197552742935446,True,dwell_v1,0.0,,0.0,
7c8890821b7f,1779983706239,ba43e845ddde0ab9,6,poly12_ridge,False,1.0,0.3905193077552447,0.14042769087563006,0.5114834758765604,0.0,0.45100139181590254,0.07021384543781503,0.034631699323654175,0.014353334903717041,0.5501382946968079,0.52661994099617,1116.1396890849385,588.3601159521356,,,,,,0.0,r03c08:BACKSPACE,0.05776345929606673,True,dwell_v1,0.0,,0.0,
7c8890821b7f,1779983706345,ba43e845ddde0ab9,6,poly12_ridge,False,1.0,0.38159260647241316,0.15650536907107437,0.49550787193555257,0.0,0.43855023920398284,0.07825268453553719,0.03475046157836914,0.014366686344146729,0.5495313405990601,0.5267907083034515,1251.9570453725541,653.2808270066218,,,,,,0.0,r03c08:BACKSPACE,0.05261225455570019,True,dwell_v1,0.0,,0.0,
7c8890821b7f,1779983706454,ba43e845ddde0ab9,6,poly12_ridge,False,1.0,0.38250602749994733,0.16675960999292888,0.49154714808827416,0.0,0.43702658779411074,0.08337980499646444,0.03477603197097778,0.014374881982803345,0.5492649078369141,0.526880532503128,1264.0893801929747,670.0961625013998,,,,,,0.0,r03c08:BACKSPACE,0.04661877862926042,True,dwell_v1,0.0,,0.0,
7c8890821b7f,1779983706567,ba43e845ddde0ab9,6,poly12_ridge,False,1.0,0.38455281709232325,0.17277334939409983,0.4942582322985543,0.0,0.4394055246954388,0.08638667469704991,0.03475247323513031,0.014300554990768433,0.5491569936275482,0.5268706381320953,1270.7787613782405,689.6758076225171,,,,,,0.0,r03c08:BACKSPACE,0.03925282561048298,True,dwell_v1,0.0,,0.0,
7c8890821b7f,1779983706682,ba43e845ddde0ab9,6,poly12_ridge,False,1.0,0.3939596979335165,0.12837679944022573,0.5060137493101268,0.0,0.4499867236218216,0.06418839972011287,0.034615859389305115,0.01397329568862915,0.5493429005146027,0.5264653861522675,1227.9479244058052,632.6101824885098,,,,,,0.0,r03c08:BACKSPACE,0.05879812559467456,True,dwell_v1,0.0,,0.0,
7c8890821b7f,1779983706785,ba43e845ddde0ab9,6,poly12_ridge,False,1.0,0.486603042182027,0.08787331483433686,0.6350675118281823,0.029070918574467308,0.5608352770051046,0.05847211670440208,0.03456844389438629,0.01620998978614807,0.553387463092804,0.5249407887458801,443.1112562251508,408.7847678078267,,,,,,0.0,r03c03:c,0.25137032903358336,True,dwell_v1,0.0,,0.0,
7c8890821b7f,1779983706886,ba43e845ddde0ab9,6,poly12_ridge,False,1.0,0.4949313925176108,0.09932583299925618,0.6433284549732408,0.028444564338475586,0.5691299237454258,0.06388519866886588,0.034857988357543945,0.01763555407524109,0.5539105236530304,0.5240210890769958,270.6347978413175,359.66195367511006,,,,,,0.0,r03c01:z,0.2423592872081278,True,dwell_v1,0.0,,0.0,
7c8890821b7f,1779983706990,ba43e845ddde0ab9,6,poly12_ridge,False,1.0,0.4984984814044116,0.1099523979141056,0.6411464552604764,0.02867259294389435,0.569822468332444,0.06931249542899998,0.03503452241420746,0.017691582441329956,0.5541467070579529,0.52381831407547,256.9512991103709,379.7872824018898,,,,,,0.0,r03c01:z,0.2039757225410457,True,dwell_v1,0.0,,0.0,
7c8890821b7f,1779983707098,ba43e845ddde0ab9,6,poly12_ridge,False,1.0,0.493351171494906,0.11059938370381017,0.6322631423185235,0.020993514388185308,0.5628071569067148,0.06579644904599774,0.0351131409406662,0.01772141456604004,0.5543372929096222,0.5236148536205292,269.9430922373273,400.4217586992893,,,,,,0.0,r03c01:z,0.20632551394239637,True,dwell_v1,0.0,,0.0,
7c8890821b7f,1779983707238,ba43e845ddde0ab9,6,poly12_ridge,False,1.0,0.49860134540781875,0.10908261153184773,0.6353976966581829,0.035809437902779684,0.5669995210330008,0.0724460247173137,0.035152941942214966,0.017686396837234497,0.5546979606151581,0.5235297083854675,271.65381489243276,401.6703945711002,,,,,,0.0,r03c01:z,0.20781632832583521,True,dwell_v1,0.0,,0.0,
7c8890821b7f,1779983707343,ba43e845ddde0ab9,6,poly12_ridge,False,1.0,0.49952497521777955,0.110361108399128,0.6356271886620501,0.04058880667408732,0.5675760819399148,0.07547495753660766,0.03514277935028076,0.017678797245025635,0.5547675788402557,0.5235159695148468,269.20478401973486,406.66778979324437,,,,,,0.0,r03c01:z,0.198398103248897,True,dwell_v1,0.0,,0.0,
7c8890821b7f,1779983707455,ba43e845ddde0ab9,6,poly12_ridge,False,1.0,0.500687211644443,0.10976379849576584,0.640241257429285,0.04486632373165744,0.570464234536864,0.07731506111371164,0.03517131507396698,0.017688602209091187,0.5547025203704834,0.5235342383384705,262.48575344440377,408.42441924571017,,,,,,0.0,r03c01:z,0.1853100400273544,True,dwell_v1,0.0,,0.0,
7c8890821b7f,1779983707585,ba43e845ddde0ab9,6,poly12_ridge,False,1.0,0.5002839308999212,0.10567181761414507,0.6389368036379726,0.02584258484337787,0.5696103672689469,0.06575720122876147,0.035017386078834534,0.017601758241653442,0.5539685785770416,0.5235275328159332,249.4826421197498,401.9390927971996,,,,,,0.0,r03c01:z,0.16982003747914326,True,dwell_v1,0.0,,0.0,
7c8890821b7f,1779983707695,ba43e845ddde0ab9,6,poly12_ridge,False,1.0,0.4944418678713039,0.1016771522914206,0.6320937817257295,0.015893714956717653,0.5632678247985167,0.05878543362406913,0.03505246341228485,0.01755329966545105,0.5534371435642242,0.5235147178173065,260.3615244933953,396.9127375168326,,,,,,0.0,r03c01:z,0.19372435264639823,True,dwell_v1,0.0,,0.0,
7c8890821b7f,1779983707800,ba43e845ddde0ab9,6,poly12_ridge,False,1.0,0.4907006586594075,0.09956045679963615,0.6310699434984753,0.014572471982208346,0.5608853010789414,0.05706646439092225,0.03510606288909912,0.0175400972366333,0.5532247424125671,0.5235060751438141,273.93652904875495,394.9167510428759,,,,,,0.0,r03c01:z,0.21858786309967548,True,dwell_v1,0.0,,0.0,
7c8890821b7f,1779983707901,ba43e845ddde0ab9,6,poly12_ridge,False,1.0,0.4886144431159189,0.09553654685420226,0.6303826330020035,0.013907403679503716,0.5594985380589612,0.05472197526685299,0.03512600064277649,0.01752340793609619,0.5531604886054993,0.5234671235084534,283.3625140802603,389.0658779436604,,,,,,0.0,r03c01:z,0.23884743142765083,True,dwell_v1,0.0,,0.0,
82f7f404ac21,1779983873961,ba43e845ddde0ab9,6,poly12_ridge,False,1.0,0.4058239412944933,0.0487869204424467,0.5752923198979475,0.0,0.4905581305962204,0.02439346022122335,0.035335034132003784,0.01825845241546631,0.5422236621379852,0.534324437379837,870.5872935031539,296.3844765845917,,,,,,0.0,r02c06:j,0.1983168145917069,True,dwell_v1,0.0,,0.0,
82f7f404ac21,1779983874103,ba43e845ddde0ab9,6,poly12_ridge,False,1.0,0.4150527012099608,0.0,0.5798290473637935,0.0,0.4974408742868771,0.0,0.035416603088378906,0.017220765352249146,0.5423259437084198,0.5336503982543945,770.5873541493472,59.73888958821053,,,,,,0.0,r01c05:y,0.3467249528396368,True,dwell_v1,0.0,,0.0,
82f7f404ac21,1779983874231,ba43e845ddde0ab9,6,poly12_ridge,False,1.0,0.45055098988086234,0.0,0.5921678806589138,0.0,0.521359435269888,0.0,0.03521662950515747,0.01696467399597168,0.5427437424659729,0.5335405468940735,578.6050456105447,4.484886278172247,,,,,,0.0,r01c05:y,0.16816836985946274,True,dwell_v1,0.0,,0.0,
82f7f404ac21,1779983874333,ba43e845ddde0ab9,6,poly12_ridge,False,1.0,0.4993432815156386,0.0,0.6354332616895697,0.0,0.5673882716026042,0.0,0.03532065451145172,0.017110615968704224,0.5443920791149139,0.5336180329322815,205.60688193474715,0.4086852620984459,,,,,,0.0,r01c01:w,0.1317177550366852,True,dwell_v1,0.0,,0.0,
82f7f404ac21,1779983874434,ba43e845ddde0ab9,6,poly12_ridge,False,1.0,0.5112249139202154,0.00020851025928930733,0.6485847380155968,0.0,0.579904825967906,0.00010425512964465367,0.03532510995864868,0.017376214265823364,0.5450935065746307,0.5336768627166748,123.5373096175613,0.12365998660574778,,,,,,0.0,r01c00:q,0.06444804643526977,True,dwell_v1,0.0,,0.0,
82f7f404ac21,1779983874567,ba43e845ddde0ab9,6,poly12_ridge,False,1.0,0.50959546219407,0.009567297993341217,0.6494304888165663,0.0,0.5795129755053181,0.004783648996670609,0.03540709614753723,0.017496883869171143,0.5453393459320068,0.5337241888046265,98.08169176374709,10.297376902938039,,,,,,0.0,r01c00:q,0.07288907277353543,True,dwell_v1,0.0,,0.0,
82f7f404ac21,1779983874674,ba43e845ddde0ab9,6,poly12_ridge,False,1.0,0.5070991179985885,0.012009670163007469,0.6524862762541842,0.0,0.5797926971263864,0.006004835081503734,0.03542967140674591,0.01751580834388733,0.5450546145439148,0.5337565839290619,86.50154587380807,19.94834256860032,,,,,,0.0,r01c00:q,0.09500653351452958,True,dwell_v1,0.0,,0.0,
82f7f404ac21,1779983874775,ba43e845ddde0ab9,6,poly12_ridge,False,1.0,0.49724019461219343,0.014027618265350539,0.6429499975891805,0.0,0.570095096100687,0.007013809132675269,0.035382360219955444,0.017558246850967407,0.5442883372306824,0.5337649881839752,99.55057162511586,37.267432957579864,,,,,,0.0,r01c00:q,0.11692739738212522,True,dwell_v1,0.0,,0.0,
82f7f404ac21,1779983874884,ba43e845ddde0ab9,6,poly12_ridge,False,1.0,0.5021158678605216,0.01682233811924022,0.6440333890284733,0.0,0.5730746284444974,0.00841116905962011,0.03530001640319824,0.017535895109176636,0.5440955758094788,0.533753901720047,113.44596430696501,50.5529248052665,,,,,,0.0,r01c00:q,0.1302854483622249,True,dwell_v1,0.0,,0.0,
82f7f404ac21,1779983875018,ba43e845ddde0ab9,6,poly12_ridge,False,1.0,0.5037596435524282,0.026037484278252088,0.6437902082301662,0.0,0.5737749258912972,0.013018742139126044,0.03532606363296509,0.017517954111099243,0.544086754322052,0.5337189733982086,124.1919009140868,75.05419624642998,,,,,,0.0,r01c00:q,0.20034367361318384,True,dwell_v1,0.0,,0.0,
a11dc06c13b0,1779984021388,ba43e845ddde0ab9,6,poly12_ridge,False,1.0,0.4189073008082077,0.007151237069439431,0.5693551531454536,0.0,0.49413122697683065,0.0035756185347197156,0.035220563411712646,0.018527060747146606,0.5502385199069977,0.5678499937057495,818.9958095968291,113.72146726478553,,,,,,0.0,r01c05:y,0.1444315588004182,True,dwell_v1,0.0,,0.0,
a11dc06c13b0,1779984021555,ba43e845ddde0ab9,6,poly12_ridge,False,1.0,0.417840780658068,0.0,0.5722975138439531,0.0,0.4950691472510106,0.0,0.03545060753822327,0.017929285764694214,0.5504288673400879,0.5677861571311951,808.2229133499509,85.73795261757645,,,,,,0.0,r01c05:y,0.19288039469534837,True,dwell_v1,0.0,,0.0,
a11dc06c13b0,1779984021681,ba43e845ddde0ab9,6,poly12_ridge,False,1.0,0.42547902299557855,0.0,0.5744962103940229,0.0,0.49998761669480074,0.0,0.03532302379608154,0.0176679790019989,0.5504640638828278,0.5680412948131561,764.2555190618525,52.87440094233015,,,,,,0.0,r01c06:u,0.3667145753751584,True,dwell_v1,0.0,,0.0,
a11dc06c13b0,1779984021786,ba43e845ddde0ab9,6,poly12_ridge,False,1.0,0.42535999951516157,0.0,0.5746903416916964,0.0,0.500025170603429,0.0,0.03522545099258423,0.01761627197265625,0.5503332018852234,0.5680785477161407,750.0957729423653,53.925459630526,,,,,,0.0,r01c06:u,0.3118883928681515,True,dwell_v1,0.0,,0.0,
a11dc06c13b0,1779984021893,ba43e845ddde0ab9,6,poly12_ridge,False,1.0,0.4443267616399198,0.0017648257614304441,0.5896308338715741,0.0,0.516978797755747,0.0008824128807152221,0.03510209918022156,0.017552435398101807,0.5507066249847412,0.568181186914444,636.8315387486384,69.58024740076912,,,,,,0.0,r01c05:y,0.3485526353451998,True,dwell_v1,0.0,,0.0,
a11dc06c13b0,1779984022005,ba43e845ddde0ab9,6,poly12_ridge,False,1.0,0.4777685585056177,0.018746630987097168,0.6198095392976974,0.0,0.5487890489016576,0.009373315493548584,0.03516378998756409,0.017578035593032837,0.5518921613693237,0.5683618783950806,355.04721659896563,93.80032281909811,,,,,,0.0,r01c03:r,0.22588438590771814,True,dwell_v1,0.0,,0.0,
a11dc06c13b0,1779984022108,ba43e845ddde0ab9,6,poly12_ridge,False,1.0,0.48960489766742316,0.029395679908971684,0.6274888202782836,0.0,0.5585468589728534,0.014697839954485842,0.03528359532356262,0.01770848035812378,0.5521621108055115,0.5684301257133484,283.9877331542257,121.39085025764982,,,,,,0.0,r01c01:w,0.21599695330938423,True,dwell_v1,0.0,,0.0,
a11dc06c13b0,1779984022209,ba43e845ddde0ab9,6,poly12_ridge,False,1.0,0.49396653473170216,0.03795162961890691,0.6367059994823703,0.0,0.5653362671070362,0.018975814809453456,0.03533485531806946,0.01781010627746582,0.5521432161331177,0.568474143743515,252.86173757899897,137.81216028468884,,,,,,0.0,r01c02:e,0.22860637767198458,True,dwell_v1,0.0,,0.0,
a11dc06c13b0,1779984022322,ba43e845ddde0ab9,6,poly12_ridge,False,1.0,0.500585567988981,0.04528578273915773,0.6405284532165956,0.0,0.5705570106027883,0.022642891369578866,0.03507205843925476,0.01783660054206848,0.5519664585590363,0.5684451758861542,194.23193372929836,152.2715557619342,,,,,,0.0,r02c00:a,0.17206322938724794,True,dwell_v1,0.0,,0.0,
a11dc06c13b0,1779984022433,ba43e845ddde0ab9,6,poly12_ridge,False,1.0,0.5013011070434032,0.047736281362429966,0.6399878350358386,0.0,0.5706444710396209,0.023868140681214983,0.035111621022224426,0.017853766679763794,0.5518746078014374,0.5684415102005005,187.10897569791956,167.08304180603045,,,,,,0.0,r02c00:a,0.1949415097448872,True,dwell_v1,0.0,,0.0,
a11dc06c13b0,1779984022547,ba43e845ddde0ab9,6,poly12_ridge,False,1.0,0.502011188356058,0.05154803402673247,0.6412078272750945,0.0,0.5716095078155763,0.025774017013366235,0.03511323034763336,0.017810165882110596,0.5518338084220886,0.5684323310852051,181.8072694445978,179.03638371639062,,,,,,0.0,r02c00:a,0.21179926884516234,True,dwell_v1,0.0,,0.0,
a11dc06c13b0,1779984022662,ba43e845ddde0ab9,6,poly12_ridge,False,1.0,0.49825986026718133,0.059674291419608394,0.641146645930933,0.0,0.5697032530990571,0.029837145709804197,0.03524945676326752,0.017879754304885864,0.5516870021820068,0.5684416592121124,185.0617759103795,199.81557798308975,,,,,,0.0,r02c00:a,0.2874694122610388,True,dwell_v1,0.0,,0.0,
a11dc06c13b0,1779984022772,ba43e845ddde0ab9,6,poly12_ridge,False,1.0,0.4977964251718528,0.058754601595954525,0.6409865491643829,0.0,0.5693914871681178,0.029377300797977263,0.035292044281959534,0.017877429723739624,0.5516684651374817,0.5684234499931335,188.7671234804937,214.43303089906595,,,,,,0.0,r01c01:w,0.2091969075514184,True,dwell_v1,0.0,,0.0,
a11dc06c13b0,1779984022880,ba43e845ddde0ab9,6,poly12_ridge,False,1.0,0.49985086525452566,0.05418750732217903,0.6445784435558692,0.0,0.5722146544051975,0.027093753661089515,0.03535535931587219,0.01787695288658142,0.5515710413455963,0.5684053301811218,183.06077335177056,214.63728634771303,,,,,,0.0,r01c01:w,0.20805405970780813,True,dwell_v1,0.0,,0.0,
a11dc06c13b0,1779984022980,ba43e845ddde0ab9,6,poly12_ridge,False,1.0,0.4992636369118856,0.054542874118573115,0.6421788706179037,0.0,0.5707212537648947,0.027271437059286557,0.03533473610877991,0.017877906560897827,0.5513097643852234,0.5684006214141846,180.14783693583394,212.72110787008245,,,,,,0.0,r01c01:w,0.21120420839693607,True,dwell_v1,0.0,,0.0,
a11dc06c13b0,1779984023102,ba43e845ddde0ab9,6,poly12_ridge,False,1.0,0.49913459364857915,0.05703115915252116,0.6417516519084367,0.0,0.570443122778508,0.02851557957626058,0.03538680076599121,0.01789572834968567,0.5510174632072449,0.5684068500995636,181.14702458377607,215.28615360300827,,,,,,0.0,r01c01:w,0.2063278751047026,True,dwell_v1,0.0,,0.0,
873baab92ede,1779984424036,ba43e845ddde0ab9,6,poly12_ridge_split_decoupled_y,False,1.0,0.4115657541338877,0.0,0.5633128394048096,0.0,0.4874392967693486,0.0,0.03491818904876709,0.017897069454193115,0.5699414610862732,0.5533595383167267,920.4718548742259,252.1253588565396,,,,,,0.0,r02c07:k,0.1937596308834091,True,dwell_v1,0.0,,0.0,
873baab92ede,1779984424232,ba43e845ddde0ab9,6,poly12_ridge_split_decoupled_y,False,1.0,0.4141722933425918,0.011809022727145013,0.5600558450498366,0.0,0.48711406919621425,0.005904511363572507,0.03507763147354126,0.017141640186309814,0.5696173310279846,0.5539478063583374,917.4194517925623,267.2241386318176,,,,,,0.0,r03c06:n,0.3023414839238595,True,dwell_v1,0.0,,0.0,
873baab92ede,1779984424351,ba43e845ddde0ab9,6,poly12_ridge_split_decoupled_y,False,1.0,0.4490202734470454,0.08818637618472114,0.5909105402487452,0.0,0.5199654068478954,0.04409318809236057,0.035466164350509644,0.017248868942260742,0.5702968239784241,0.55528923869133,689.9015990088847,402.7345774340124,,,,,,0.0,r03c04:v,0.09512823466778376,True,dwell_v1,0.0,,0.0,
873baab92ede,1779984424456,ba43e845ddde0ab9,6,poly12_ridge_split_decoupled_y,False,1.0,0.47248403754502905,0.07753907440648983,0.6063690279379415,0.0,0.5394265327414852,0.038769537203244914,0.03501942753791809,0.01734784245491028,0.5700497329235077,0.5552859008312225,567.9797896143089,407.1256765829178,,,,,,0.0,r03c03:c,0.1509887434568684,True,dwell_v1,0.0,,0.0,
873baab92ede,1779984424572,ba43e845ddde0ab9,6,poly12_ridge_split_decoupled_y,False,1.0,0.4793904442417334,0.05798355555452672,0.6167874924375141,0.0,0.5480889683396237,0.02899177777726336,0.03501632809638977,0.017424434423446655,0.5694048702716827,0.554962545633316,463.2243245894094,407.85481859659353,,,,,,0.0,r03c03:c,0.44138035397082404,True,dwell_v1,0.0,,0.0,
873baab92ede,1779984424675,ba43e845ddde0ab9,6,poly12_ridge_split_decoupled_y,False,1.0,0.4794220363616841,0.06730942241981724,0.6205569766659564,0.0,0.5499895065138203,0.03365471120990862,0.03528812527656555,0.01786866784095764,0.5687589645385742,0.5546461045742035,395.2065293144571,407.9560710109573,,,,,,0.0,r03c01:z,0.11470871236939399,True,dwell_v1,0.0,,0.0,
873baab92ede,1779984424788,ba43e845ddde0ab9,6,poly12_ridge_split_decoupled_y,False,1.0,0.479028054943589,0.0696563370987956,0.6229466009990263,0.0,0.5509873279713077,0.0348281685493978,0.03527936339378357,0.017791152000427246,0.5682110786437988,0.554247260093689,367.7927347329535,407.97577896116957,,,,,,0.0,r03c01:z,0.2761750786844124,True,dwell_v1,0.0,,0.0,
873baab92ede,1779984424924,ba43e845ddde0ab9,6,poly12_ridge_split_decoupled_y,False,1.0,0.4773386904524435,0.06260121328370671,0.622047681882834,0.0,0.5496931861676387,0.03130060664185336,0.03530070185661316,0.01782342791557312,0.5678783655166626,0.5537973642349243,344.83183221374975,407.9866452942622,,,,,,0.0,r03c02:x,0.3205512767822219,True,dwell_v1,0.0,,0.0,
6f438c459084,1779984644994,ba43e845ddde0ab9,6,poly12_ridge_split_decoupled_y,False,1.0,0.436908469826628,0.15595331664259,0.5845477480603145,0.0,0.5107281089434712,0.077976658321295,0.035786911845207214,0.01834505796432495,0.5546945333480835,0.5418456792831421,686.3108789247091,408.0,,,,,,0.0,r03c04:v,0.08619880913258729,True,dwell_v1,0.0,,0.0,
6f438c459084,1779984645176,ba43e845ddde0ab9,6,poly12_ridge_split_decoupled_y,False,1.0,0.4496441442123966,0.16146812594223003,0.5989146500304003,0.031508706160228106,0.5242793971213985,0.09648841605122907,0.035959675908088684,0.017744719982147217,0.5550948977470398,0.5420286655426025,667.0371851592722,408.0,,,,,,0.0,r03c04:v,0.09003538658921713,True,dwell_v1,0.0,,0.0,
6f438c459084,1779984645298,ba43e845ddde0ab9,6,poly12_ridge_split_decoupled_y,False,1.0,0.4727313649068542,0.15100212766580812,0.6094028650790558,0.0489727620685092,0.541067114992955,0.09998744486715866,0.035475462675094604,0.01766878366470337,0.5555820763111115,0.5420663952827454,536.4073458328016,408.0,,,,,,0.0,r03c03:c,0.39425621530407234,True,dwell_v1,0.0,,0.0,
6f438c459084,1779984645411,ba43e845ddde0ab9,6,poly12_ridge_split_decoupled_y,False,1.0,0.47076123148456794,0.1422176496299537,0.6119356202714045,0.04855063861995512,0.5413484258779862,0.09538414412495441,0.03550498187541962,0.017681628465652466,0.555632472038269,0.5419782400131226,502.95431343162466,408.0,,,,,,0.0,r04c02: ,0.19300988961090998,True,dwell_v1,0.0,,0.0,
6f438c459084,1779984645516,ba43e845ddde0ab9,6,poly12_ridge_split_decoupled_y,False,1.0,0.46933842526449754,0.1438230424813705,0.6129518038287503,0.0520850766416574,0.541145114546624,0.09795405956151396,0.035600438714027405,0.01763606071472168,0.5555679202079773,0.5418989360332489,477.61377236836853,408.0,,,,,,0.0,r03c02:x,0.3420104967470898,True,dwell_v1,0.0,,0.0,
6f438c459084,1779984645639,ba43e845ddde0ab9,6,poly12_ridge_split_decoupled_y,False,1.0,0.47229215961771365,0.14482575430667238,0.613142852479691,0.05205390474058086,0.5427175060487024,0.09843982952362662,0.03565290570259094,0.017682641744613647,0.5553286671638489,0.5417659282684326,460.85527308785345,408.0,,,,,,0.0,r03c03:c,0.41910278971061915,True,dwell_v1,0.0,,0.0,
6f438c459084,1779984645754,ba43e845ddde0ab9,6,poly12_ridge_split_decoupled_y,False,1.0,0.4687428300404791,0.13227546480769736,0.6141338433011818,0.033241816767197396,0.5414383366708304,0.08275864078744738,0.03559516370296478,0.017626315355300903,0.5550544857978821,0.5416449010372162,449.99160302942926,408.0,,,,,,0.0,r03c03:c,0.31776110069227187,True,dwell_v1,0.0,,0.0,
6f438c459084,1779984645870,ba43e845ddde0ab9,6,poly12_ridge_split_decoupled_y,False,1.0,0.43697832521380153,0.10875157171466976,0.5843813218419223,0.0,0.5106798235278619,0.05437578585733488,0.03559258580207825,0.017488807439804077,0.5536925494670868,0.5414412915706635,506.0903073168194,408.0,,,,,,0.0,r04c02: ,0.21789665672110495,True,dwell_v1,0.0,,0.0,
3ce29588b5c9,1779984969757,ba43e845ddde0ab9,6,poly12_ridge_split_decoupled_y,False,1.0,0.40158763723945773,0.08546836070711583,0.542797735610194,0.0,0.4721926864248258,0.042734180353557916,0.035304099321365356,0.018220067024230957,0.5470115542411804,0.5783048868179321,995.094504863717,408.0,,,,,,0.0,r04c03:ENTER,0.21493499028108273,True,dwell_v1,0.0,,0.0,
3ce29588b5c9,1779984969937,ba43e845ddde0ab9,6,poly12_ridge_split_decoupled_y,False,1.0,0.40502056896909094,0.0,0.5555353205249818,0.0,0.48027794474703633,0.0,0.03551569581031799,0.017628729343414307,0.5474673211574554,0.5781400501728058,958.7469530036738,408.0,,,,,,0.0,r03c06:n,0.2060917088892673,True,dwell_v1,0.0,,0.0,
3ce29588b5c9,1779984970067,ba43e845ddde0ab9,6,poly12_ridge_split_decoupled_y,False,1.0,0.4111203820486044,0.0,0.5586432540440736,0.0,0.484881818046339,0.0,0.035501301288604736,0.017620891332626343,0.547421783208847,0.5782452523708344,923.3444218587811,375.1994370777639,,,,,,0.0,r03c07:m,0.40702936461412476,True,dwell_v1,0.0,,0.0,
3ce29588b5c9,1779984970169,ba43e845ddde0ab9,6,poly12_ridge_split_decoupled_y,False,1.0,0.43430533655284376,0.0,0.5727132946475324,0.0,0.5035093156001881,0.0,0.035494595766067505,0.01763862371444702,0.5481505393981934,0.578291118144989,862.6363426343405,314.9808380028436,,,,,,0.0,r02c06:j,0.1708154407708816,True,dwell_v1,0.0,,0.0,
3ce29588b5c9,1779984970308,ba43e845ddde0ab9,6,poly12_ridge_split_decoupled_y,False,1.0,0.4656093942064477,7.137773973203698e-05,0.6017529848991188,0.0,0.5336811895527832,3.568886986601849e-05,0.03543737530708313,0.017891228199005127,0.5494037568569183,0.5785569846630096,637.0148739917865,209.01360757217537,,,,,,0.0,r01c04:t,0.16588405571843232,True,dwell_v1,0.0,,0.0,
3ce29588b5c9,1779984970419,ba43e845ddde0ab9,6,poly12_ridge_split_decoupled_y,False,1.0,0.4727147259915858,0.03262407989747362,0.6056619760416277,0.0,0.5391883510166068,0.01631203994873681,0.03545194864273071,0.017986208200454712,0.5496153235435486,0.5787206292152405,515.4468730127014,210.61986412227287,,,,,,0.0,r01c04:t,0.16425616938059845,True,dwell_v1,0.0,,0.0,
3ce29588b5c9,1779984970537,ba43e845ddde0ab9,6,poly12_ridge_split_decoupled_y,False,1.0,0.4725583463252478,0.04389153473498103,0.6087753496345966,0.0,0.5406668479799221,0.021945767367490515,0.03545123338699341,0.01799905300140381,0.5496692955493927,0.5787808001041412,436.8810861194452,278.42237161096426,,,,,,0.0,r02c02:d,0.28534382028582717,True,dwell_v1,0.0,,0.0,
3ce29588b5c9,1779984970643,ba43e845ddde0ab9,6,poly12_ridge_split_decoupled_y,False,1.0,0.47560411627277277,0.04601139274812005,0.614151928385384,0.0,0.5448780223290783,0.023005696374060025,0.035412952303886414,0.018013715744018555,0.549818605184555,0.5788232386112213,400.7724975826335,342.9960451865135,,,,,,0.0,r02c02:d,0.09486559336074478,True,dwell_v1,0.0,,0.0,
3ce29588b5c9,1779984970753,ba43e845ddde0ab9,6,poly12_ridge_split_decoupled_y,False,1.0,0.47580279582448265,0.047200029904810314,0.6164623251990401,0.0,0.5461325605117614,0.023600014952405157,0.035440802574157715,0.018099963665008545,0.5498313903808594,0.5788733661174774,382.2947943616725,371.86898266138445,,,,,,0.0,r03c01:z,0.17828090596299417,True,dwell_v1,0.0,,0.0,
3ce29588b5c9,1779984970854,ba43e845ddde0ab9,6,poly12_ridge_split_decoupled_y,False,1.0,0.4760633297681919,0.05169517617553371,0.6174656567905932,0.0,0.5467644932793925,0.025847588087766854,0.035514965653419495,0.018095821142196655,0.5498408079147339,0.578928679227829,365.5952365437283,388.07851323204227,,,,,,0.0,r03c01:z,0.29789747448861253,True,dwell_v1,0.0,,0.0,
3ce29588b5c9,1779984970963,ba43e845ddde0ab9,6,poly12_ridge_split_decoupled_y,False,1.0,0.47273898525000346,0.06904672025494968,0.6153157770531534,0.0,0.5440273811515784,0.03452336012747484,0.035557717084884644,0.01802295446395874,0.5497393608093262,0.5791260302066803,354.66049221653566,397.0159296837248,,,,,,0.0,r03c01:z,0.3708903093313005,True,dwell_v1,0.0,,0.0,
3ce29588b5c9,1779984971072,ba43e845ddde0ab9,6,poly12_ridge_split_decoupled_y,False,1.0,0.4652573217325641,0.11268854511973342,0.6075914794331956,0.0060254651883204224,0.5364244005828799,0.05935700515402692,0.03562261164188385,0.018099963665008545,0.5494406223297119,0.5795622766017914,367.10829818779933,401.94373511785597,,,,,,0.0,r03c01:z,0.28338146034958894,True,dwell_v1,0.0,,0.0,
3ce29588b5c9,1779984971172,ba43e845ddde0ab9,6,poly12_ridge_split_decoupled_y,False,1.0,0.45653708167508616,0.11700606567850036,0.600288854239384,0.0,0.5284129679572351,0.05850303283925018,0.03566440939903259,0.017999768257141113,0.5491093099117279,0.5797445774078369,404.4982410328586,404.66076934446204,,,,,,0.0,r03c01:z,0.07909855271957952,True,dwell_v1,0.0,,0.0,
3ce29588b5c9,1779984971274,ba43e845ddde0ab9,6,poly12_ridge_split_decoupled_y,False,1.0,0.45139692603837117,0.1238160079901332,0.5947301234807845,0.00030953521620052937,0.5230635247595778,0.062062771603166866,0.03568315505981445,0.017954021692276,0.5488786697387695,0.5798256397247314,470.10703500263014,406.9896155882474,,,,,,0.0,r03c02:x,0.42235715277089875,True,dwell_v1,0.0,,0.0,
3ce29588b5c9,1779984971379,ba43e845ddde0ab9,6,poly12_ridge_split_decoupled_y,False,1.0,0.44964663940508665,0.12589264634028668,0.591683426824398,0.0,0.5206650331147423,0.06294632317014334,0.03562399744987488,0.017942756414413452,0.5487483143806458,0.579876720905304,503.40231827504687,407.44290636766084,,,,,,0.0,r04c02: ,0.19418728277036748,True,dwell_v1,0.0,,0.0,
3ce29588b5c9,1779984971490,ba43e845ddde0ab9,6,poly12_ridge_split_decoupled_y,False,1.0,0.4450586419092879,0.12356357609308971,0.590022834503004,0.0,0.5175407382061459,0.061781788046544855,0.03556695580482483,0.01781448721885681,0.5485953092575073,0.5799040794372559,533.5965621164901,407.6928363981245,,,,,,0.0,r03c03:c,0.4222871756673788,True,dwell_v1,0.0,,0.0,
3ce29588b5c9,1779984971590,ba43e845ddde0ab9,6,poly12_ridge_split_decoupled_y,False,1.0,0.4283218555062045,0.117513435707576,0.5739023982275616,0.0,0.501112126866883,0.058756717853788,0.035603612661361694,0.017713099718093872,0.5479322671890259,0.5798954665660858,608.7665690107929,407.9070584373445,,,,,,0.0,r03c04:v,0.09338877224860916,True,dwell_v1,0.0,,0.0,
3ce29588b5c9,1779984971700,ba43e845ddde0ab9,6,poly12_ridge_split_decoupled_y,False,1.0,0.41639329319530627,0.10954857091491527,0.5523861644745638,0.0,0.48438972883493503,0.05477428545745763,0.03546993434429169,0.01761522889137268,0.5471547842025757,0.5798846781253815,688.9799427737098,407.9718777419717,,,,,,0.0,r03c04:v,0.08552647262752149,True,dwell_v1,0.0,,0.0,
3ce29588b5c9,1779984971811,ba43e845ddde0ab9,6,poly12_ridge_split_decoupled_y,False,1.0,0.40331014560611844,0.1026653050586479,0.5359043958683598,0.0,0.4696072707372391,0.05133265252932395,0.03538095951080322,0.017535090446472168,0.5464928448200226,0.5798690617084503,806.5878487589019,407.99533029905444,,,,,,0.0,r03c06:n,0.39399050140408004,True,dwell_v1,0.0,,0.0,
3ce29588b5c9,1779984971920,ba43e845ddde0ab9,6,poly12_ridge_split_decoupled_y,False,1.0,0.39214102046265176,0.10252864701507525,0.5176190733034847,0.0,0.4548800468830682,0.051264323507537624,0.03537622094154358,0.01746860146522522,0.5458649098873138,0.5798110961914062,925.8203816253985,407.999224596158,,,,,,0.0,r03c07:m,0.4484081016317464,True,dwell_v1,0.0,,0.0,
3ce29588b5c9,1779984972030,ba43e845ddde0ab9,6,poly12_ridge_split_decoupled_y,False,1.0,0.37307507258004513,0.10173774625319865,0.49969925324231584,0.0,0.4363871629111805,0.05086887312659932,0.03535526990890503,0.01739296317100525,0.5451317131519318,0.5798196494579315,1071.8808955084714,407.9999293413249,,,,,,0.0,r03c08:BACKSPACE,0.05573510042119529,True,dwell_v1,0.0,,0.0,
3ce29588b5c9,1779984972162,ba43e845ddde0ab9,6,poly12_ridge_split_decoupled_y,False,1.0,0.36737526488571004,0.10606394228955546,0.49091862296687994,0.0,0.429146943926295,0.05303197114477773,0.03536504507064819,0.01730954647064209,0.5447574555873871,0.5798463523387909,1163.9763912948497,407.9999824684805,,,,,,0.0,r03c08:BACKSPACE,0.13549550871977029,True,dwell_v1,0.0,,0.0,
3ce29588b5c9,1779984972271,ba43e845ddde0ab9,6,poly12_ridge_split_decoupled_y,False,1.0,0.36623118108888697,0.10602132729411318,0.48789473094346153,0.0,0.4270629560161743,0.05301066364705659,0.035385340452194214,0.01731884479522705,0.5446410179138184,0.5798518657684326,1226.278247201899,407.99999469531286,,,,,,0.0,r03c08:BACKSPACE,0.22621195985266424,True,dwell_v1,0.0,,0.0,
3ce29588b5c9,1779984972401,ba43e845ddde0ab9,6,poly12_ridge_split_decoupled_y,False,1.0,0.36741581153274006,0.10426875046174211,0.49224133607695564,0.0,0.42982857380484785,0.052134375230871055,0.03540414571762085,0.017320334911346436,0.5447061657905579,0.5798707008361816,1251.3282006546378,407.9999976016356,,,,,,0.0,r03c08:BACKSPACE,0.2729824824777637,True,dwell_v1,0.0,,0.0,
3ce29588b5c9,1779984972503,ba43e845ddde0ab9,6,poly12_ridge_split_decoupled_y,False,1.0,0.4414667757109132,0.054996571243707104,0.608825540197644,0.0,0.5251461579542787,0.027498285621853552,0.03531762957572937,0.01715528964996338,0.5485861599445343,0.5797007381916046,1031.624612083594,407.9999996017516,,,,,,0.0,r03c07:m,0.30309638262736566,True,dwell_v1,0.0,,0.0,
3ce29588b5c9,1779984972607,ba43e845ddde0ab9,6,poly12_ridge_split_decoupled_y,False,1.0,0.4597276032681009,0.05527348919782421,0.6192028348032135,0.0,0.5394652190356573,0.027636744598912105,0.03528805077075958,0.017296135425567627,0.5494422614574432,0.5796699225902557,687.3295487217044,407.99999996370957,,,,,,0.0,r03c04:v,0.08592947053231262,True,dwell_v1,0.0,,0.0,
3ce29588b5c9,1779984972744,ba43e845ddde0ab9,6,poly12_ridge_split_decoupled_y,False,1.0,0.46815164836753986,0.06579334953253463,0.6212332190108931,0.0,0.5446924336892165,0.032896674766267314,0.03535948693752289,0.01764407753944397,0.5497420132160187,0.5796599686145782,488.25087832197903,407.9999999972883,,,,,,0.0,r03c02:x,0.23880886196827128,True,dwell_v1,0.0,,0.0,
3ce29588b5c9,1779984972848,ba43e845ddde0ab9,6,poly12_ridge_split_decoupled_y,False,1.0,0.4707332699878483,0.07188574253621566,0.6203982450294846,0.0,0.5455657575086664,0.03594287126810783,0.03540191054344177,0.01775074005126953,0.5497666597366333,0.5797019302845001,450.77356646837757,407.9999999985049,,,,,,0.0,r03c03:c,0.3248184529341154,True,dwell_v1,0.0,,0.0,
3ce29588b5c9,1779984972953,ba43e845ddde0ab9,6,poly12_ridge_split_decoupled_y,False,1.0,0.4713044034831267,0.07481358001696559,0.6203259802586112,0.0,0.5458151918708689,0.03740679000848279,0.03537242114543915,0.01785731315612793,0.5497454702854156,0.5796787738800049,419.0034578520813,407.9999999991757,,,,,,0.0,r03c03:c,0.10838947046228199,True,dwell_v1,0.0,,0.0,
3ce29588b5c9,1779984973056,ba43e845ddde0ab9,6,poly12_ridge_split_decoupled_y,False,1.0,0.4729908427068608,0.07550439187385322,0.6216488919934569,0.0,0.5473198673501588,0.03775219593692661,0.03533104062080383,0.01787605881690979,0.5497245192527771,0.5796570181846619,395.59813488461594,407.9999999995456,,,,,,0.0,r03c01:z,0.11300308493338851,True,dwell_v1,0.0,,0.0,
3ce29588b5c9,1779984973157,ba43e845ddde0ab9,6,poly12_ridge_split_decoupled_y,False,1.0,0.4787981987724579,0.06787285190247577,0.6212620160019519,0.0,0.5500301073872049,0.033936425951237886,0.0353672057390213,0.018014848232269287,0.5496670305728912,0.5795230865478516,374.4757050502728,407.9999999997495,,,,,,0.0,r03c01:z,0.23120951737155998,True,dwell_v1,0.0,,0.0,
3ce29588b5c9,1779984973268,ba43e845ddde0ab9,6,poly12_ridge_split_decoupled_y,False,1.0,0.47993767832093104,0.06497495367189016,0.6198652621012949,0.0,0.5499014702111129,0.03248747683594508,0.03542499244213104,0.01809769868850708,0.5495786368846893,0.5794894993305206,354.85292128205674,407.999999999862,,,,,,0.0,r03c01:z,0.35727537757513883,True,dwell_v1,0.0,,0.0,
3ce29588b5c9,1779984973369,ba43e845ddde0ab9,6,poly12_ridge_split_decoupled_y,False,1.0,0.4790802920003828,0.06252119222833169,0.6194593916328753,0.0,0.5492698418166291,0.031260596114165845,0.03543926775455475,0.018156498670578003,0.5494229793548584,0.5794251561164856,341.84486093625003,407.99999999992394,,,,,,0.0,r03c02:x,0.28738378945450066,True,dwell_v1,0.0,,0.0,
3ce29588b5c9,1779984973471,ba43e845ddde0ab9,6,poly12_ridge_split_decoupled_y,False,1.0,0.4807315748407232,0.06228503840413102,0.6249438366310747,0.0,0.552837705735899,0.03114251920206551,0.035489290952682495,0.018166542053222656,0.5491630733013153,0.57940274477005,334.34895013248945,407.9999999999489,,,,,,0.0,r04c01:ALT,0.35060058976558656,True,dwell_v1,0.0,,0.0,
3ce29588b5c9,1779984973580,ba43e845ddde0ab9,6,poly12_ridge_split_decoupled_y,False,1.0,0.4763004318142474,0.06161161889679062,0.6274316249902059,0.0,0.5518660284022266,0.03080580944839531,0.035533130168914795,0.018170058727264404,0.5488309562206268,0.5793728828430176,319.07464001087703,407.999999999977,,,,,,0.0,r03c01:z,0.38726604837923956,True,dwell_v1,0.0,,0.0,
4f6d05f028aa,1779995853436,ba43e845ddde0ab9,6,poly12_ridge_split_decoupled_y,False,1.0,0.3984400561857109,0.038389368322012396,0.5624553953209729,0.0,0.4804477257533419,0.019194684161006198,0.0358971506357193,0.015206307172775269,0.48279228806495667,0.5454259514808655,972.0347789321875,408.0,,,,,,0.0,r03c06:n,0.09913489474746003,True,dwell_v1,0.0,,0.0,
4f6d05f028aa,1779995853540,ba43e845ddde0ab9,6,poly12_ridge_split_decoupled_y,False,1.0,0.4176780636642037,0.048663722127790965,0.551138424200907,0.0,0.4844082439325553,0.024331861063895482,0.03763163089752197,0.01885467767715454,0.4827469140291214,0.5449797213077545,941.1166753210132,326.5624903678742,,,,,,0.0,r03c06:n,0.257426614418008,True,dwell_v1,0.0,,0.0,
4f6d05f028aa,1779995853668,ba43e845ddde0ab9,6,poly12_ridge_split_decoupled_y,False,1.0,0.41664129946421263,0.08218897390719287,0.546350586180799,0.0,0.48149594282250585,0.04109448695359644,0.037249431014060974,0.01931995153427124,0.4830227643251419,0.5455173850059509,929.7588537768269,314.1582452295093,,,,,,0.0,r03c06:n,0.43294652692944474,True,dwell_v1,0.0,,0.0,
4f6d05f028aa,1779995853785,ba43e845ddde0ab9,6,poly12_ridge_split_decoupled_y,False,1.0,0.417178000134796,0.0811566334167147,0.5452736580279458,0.0,0.4812258290813709,0.04057831670835735,0.037133410573005676,0.01932978630065918,0.4830783009529114,0.5455851852893829,924.6271446509068,337.90272259874564,,,,,,0.0,r03c07:m,0.3403887169510705,True,dwell_v1,0.0,,0.0,
4f6d05f028aa,1779995853886,ba43e845ddde0ab9,6,poly12_ridge_split_decoupled_y,False,1.0,0.41670359151865316,0.08394940810750656,0.5454522041364084,0.0,0.48107789782753074,0.04197470405375328,0.037060126662254333,0.01935255527496338,0.48311492800712585,0.5456498563289642,919.9389028837924,356.7033369374815,,,,,,0.0,r03c07:m,0.35885994782511066,True,dwell_v1,0.0,,0.0,
4f6d05f028aa,1779995854023,ba43e845ddde0ab9,6,poly12_ridge_split_decoupled_y,False,1.0,0.41674743712313916,0.08858246381466878,0.5467002984240633,0.0,0.4817238677736012,0.04429123190733439,0.03701157867908478,0.019441425800323486,0.4831145256757736,0.5456810295581818,914.644866593382,383.0292756924147,,,,,,0.0,r03c07:m,0.31065086925893776,True,dwell_v1,0.0,,0.0,
4f6d05f028aa,1779995854158,ba43e845ddde0ab9,6,poly12_ridge_split_decoupled_y,False,1.0,0.4176266806361495,0.09173618040307335,0.5484876797956098,0.0,0.4830571802158796,0.045868090201536676,0.036970242857933044,0.019433051347732544,0.4830929934978485,0.5456499755382538,908.9943254028143,396.7101921775798,,,,,,0.0,r03c07:m,0.2564520834932898,True,dwell_v1,0.0,,0.0,
4f6d05f028aa,1779995854290,ba43e845ddde0ab9,6,poly12_ridge_split_decoupled_y,False,1.0,0.41798246198825817,0.09554400771307742,0.5480009281393972,0.0,0.48299169506382766,0.04777200385653871,0.03699451684951782,0.019515573978424072,0.4831431955099106,0.5456328392028809,902.9351898166925,402.8956322172657,,,,,,0.0,r03c07:m,0.2035697461209743,True,dwell_v1,0.0,,0.0,
4f6d05f028aa,1779995854424,ba43e845ddde0ab9,6,poly12_ridge_split_decoupled_y,False,1.0,0.4165445273299428,0.09802850492198079,0.5448457106289105,0.0,0.4806951189794266,0.04901425246099039,0.03698532283306122,0.01951870322227478,0.4832397550344467,0.5456429421901703,904.4518211016933,405.69220425438294,,,,,,0.0,r03c07:m,0.21658829505708832,True,dwell_v1,0.0,,0.0,
4f6d05f028aa,1779995854529,ba43e845ddde0ab9,6,poly12_ridge_split_decoupled_y,False,1.0,0.4114035112932179,0.11265534925217102,0.5402249830611041,0.0,0.47581424717716103,0.05632767462608551,0.037013277411460876,0.019113898277282715,0.4830467998981476,0.5461069345474243,911.645991977929,406.7275552753307,,,,,,0.0,r03c07:m,0.28423138774922,True,dwell_v1,0.0,,0.0,
4f6d05f028aa,1779995854663,ba43e845ddde0ab9,6,poly12_ridge_split_decoupled_y,False,1.0,0.3987668653087187,0.14938079859720027,0.5221352490358352,0.0,0.46045105717227697,0.07469039929860014,0.03725399076938629,0.018709272146224976,0.4823629856109619,0.5470481812953949,949.741250142715,407.42470005157986,,,,,,0.0,r03c06:n,0.252187089745144,True,dwell_v1,0.0,,0.0,
4f6d05f028aa,1779995854795,ba43e845ddde0ab9,6,poly12_ridge_split_decoupled_y,False,1.0,0.3982495039926976,0.1614836510006617,0.520521853576165,0.0,0.45938567878443126,0.08074182550033085,0.037319034337997437,0.0185624361038208,0.4823116064071655,0.5473444759845734,995.3633465045818,407.7398943747924,,,,,,0.0,r03c06:n,0.031981065146865335,True,dwell_v1,0.0,,0.0,
4f6d05f028aa,1779995854906,ba43e845ddde0ab9,6,poly12_ridge_split_decoupled_y,False,1.0,0.4549379397969655,0.1541855922108124,0.5905054200467897,0.0,0.5227216799218777,0.0770927961054062,0.037017613649368286,0.01854074001312256,0.48503805696964264,0.5469049513339996,877.0176243008411,407.95680946093427,,,,,,0.0,r03c07:m,0.06368355744113371,True,dwell_v1,0.0,,0.0,
4f6d05f028aa,1779995855028,ba43e845ddde0ab9,6,poly12_ridge_split_decoupled_y,False,1.0,0.4812846909985405,0.14448243597193994,0.6100709870010783,0.003918177024923641,0.5456778389998094,0.07420030649843179,0.036968812346458435,0.018863707780838013,0.48602280020713806,0.546452522277832,594.3640777837223,407.99822891795736,,,,,,0.0,r03c04:v,0.293120921513979,True,dwell_v1,0.0,,0.0,
4f6d05f028aa,1779995855135,ba43e845ddde0ab9,6,poly12_ridge_split_decoupled_y,False,1.0,0.4825263684181109,0.1409142268866383,0.6090465297176454,0.0009935365356585901,0.5457864490678781,0.07095388171114844,0.03696081042289734,0.018996238708496094,0.4860711395740509,0.546371728181839,521.0446252305657,407.99946410599557,,,,,,0.0,r04c02: ,0.06843587443744573,True,dwell_v1,0.0,,0.0,
4f6d05f028aa,1779995855267,ba43e845ddde0ab9,6,poly12_ridge_split_decoupled_y,False,1.0,0.4780227638138496,0.13419993101385969,0.6068826849116106,0.0,0.5424527243627301,0.06709996550692984,0.03702838718891144,0.01912251114845276,0.4860959053039551,0.5463048815727234,484.7067315435861,407.9997577106596,,,,,,0.0,r03c02:x,0.268176774405179,True,dwell_v1,0.0,,0.0,
4f6d05f028aa,1779995855368,ba43e845ddde0ab9,6,poly12_ridge_split_decoupled_y,False,1.0,0.4765228394577165,0.12763208162808876,0.6057557841540191,0.0,0.5411393118058678,0.06381604081404438,0.03700515627861023,0.019077301025390625,0.48618678748607635,0.5461920201778412,470.4768714837321,407.999866409411,,,,,,0.0,r03c02:x,0.4279479741040041,True,dwell_v1,0.0,,0.0,
4f6d05f028aa,1779995855471,ba43e845ddde0ab9,6,poly12_ridge_split_decoupled_y,False,1.0,0.47577208059948617,0.1276131616118686,0.6024615064212256,0.0,0.5391167935103559,0.0638065808059343,0.037066951394081116,0.019286781549453735,0.4862978011369705,0.5459907352924347,463.289352261847,407.9999263424242,,,,,,0.0,r03c03:c,0.4499107376937537,True,dwell_v1,0.0,,0.0,
4f6d05f028aa,1779995855607,ba43e845ddde0ab9,6,poly12_ridge_split_decoupled_y,False,1.0,0.47631758642041294,0.14721559237287235,0.6024207983718222,0.0023766104102505015,0.5393691923961176,0.07479610139156143,0.0370091050863266,0.019483625888824463,0.48645010590553284,0.5458716154098511,461.55805423466006,407.9999666978072,,,,,,0.0,r03c03:c,0.4291146730275262,True,dwell_v1,0.0,,0.0,
4f6d05f028aa,1779995855710,ba43e845ddde0ab9,6,poly12_ridge_split_decoupled_y,False,1.0,0.47590477170111617,0.14806649946019096,0.6019817883977787,0.0028278090705556314,0.5389432800494475,0.0754471542653733,0.037041157484054565,0.019542008638381958,0.48647700250148773,0.5457623600959778,465.6958871938941,407.99998163823665,,,,,,0.0,r03c03:c,0.47893327253485884,True,dwell_v1,0.0,,0.0,
920caf27c1bd,1779999103150,ba43e845ddde0ab9,6,poly12_ridge_split_decoupled_y,False,1.0,0.6601256500766246,1.0,0.4620582091706534,1.0,0.561091929623639,1.0,0.032164767384529114,0.006375730037689209,0.4117772877216339,0.48744699358940125,1272.0,408.0,,,,,,0.0,r03c08:BACKSPACE,0.24201509039116767,True,dwell_v1,0.0,,0.0,
920caf27c1bd,1779999103266,ba43e845ddde0ab9,6,poly12_ridge_split_decoupled_y,False,1.0,0.5387188268381793,0.0,0.5920451777129471,0.0,0.5653820022755631,0.0,0.02677944302558899,0.009329020977020264,0.423269659280777,0.44748061895370483,1272.0000000000002,408.0,,,,,,0.0,r03c08:BACKSPACE,0.242015090391168,True,dwell_v1,0.0,,0.0,
920caf27c1bd,1779999103366,ba43e845ddde0ab9,6,poly12_ridge_split_decoupled_y,False,1.0,0.490321902182452,0.0,0.593353204168248,0.1654872712572662,0.54183755317535,0.0827436356286331,0.027168959379196167,0.009105026721954346,0.42657381296157837,0.4487172067165375,1258.3430940874446,408.0,,,,,,0.0,r03c08:BACKSPACE,0.21410633371673043,True,dwell_v1,0.0,,0.0,
920caf27c1bd,1779999103468,ba43e845ddde0ab9,6,poly12_ridge_split_decoupled_y,False,1.0,0.4822136388874415,0.2833033524006027,0.59213140961585,0.17807150619084172,0.5371725242516457,0.23068742929572222,0.027748212218284607,0.0104341059923172,0.42974546551704407,0.451304629445076,785.9283811130965,408.0,,,,,,0.0,r03c06:n,0.15957130473577408,True,dwell_v1,0.0,,0.0,
920caf27c1bd,1779999103573,ba43e845ddde0ab9,6,poly12_ridge_split_decoupled_y,False,1.0,0.5058917898382679,0.332701312750816,0.5107135396226108,0.5265588046691104,0.5083026647304394,0.4296300587099632,0.029860571026802063,0.006907060742378235,0.43012621998786926,0.4639118164777756,339.83046256379976,151.20499999999998,,,,,,0.0,r02c01:s,0.1364455909115135,True,dwell_v1,0.0,,0.0,
920caf27c1bd,1779999103707,ba43e845ddde0ab9,6,poly12_ridge_split_decoupled_y,False,1.0,0.5011122075546312,0.07889796974423752,0.5894412795309927,0.0,0.5452767435428119,0.03944898487211876,0.03073190152645111,0.007286682724952698,0.43377144634723663,0.4716588705778122,623.3916202634277,90.8722806125,,,,,,0.0,r01c05:y,0.25309697069148496,True,dwell_v1,0.0,,0.0,
920caf27c1bd,1779999103808,ba43e845ddde0ab9,6,poly12_ridge_split_decoupled_y,False,1.0,0.47595473597023685,0.1106149906179753,0.6174895128399512,0.003234687950199988,0.546722124405094,0.05692483928408765,0.030692681670188904,0.010371193289756775,0.43602311611175537,0.47587406635284424,544.2337290843435,87.47425466773026,,,,,,0.0,r01c03:r,0.127899000449788,True,dwell_v1,0.0,,0.0,
920caf27c1bd,1779999103908,ba43e845ddde0ab9,6,poly12_ridge_split_decoupled_y,False,1.0,0.4624704290660343,0.09125463276437701,0.6046919484793392,0.0,0.5335811887726867,0.045627316382188504,0.031224563717842102,0.01123569905757904,0.43875962495803833,0.48159682750701904,464.3139526333151,329.3396589516882,,,,,,0.0,r03c03:c,0.3683309027333241,True,dwell_v1,0.0,,0.0,
920caf27c1bd,1779999104010,ba43e845ddde0ab9,6,poly12_ridge_split_decoupled_y,False,1.0,0.45116172289610457,0.16350086660926133,0.5846586091420506,0.03307656746458104,0.5179101660190776,0.09828871703692119,0.03214624524116516,0.012465298175811768,0.44264547526836395,0.49023982882499695,478.11881536652237,364.6292050768744,,,,,,0.0,r03c02:x,0.28562842761604584,True,dwell_v1,0.0,,0.0,
920caf27c1bd,1779999104111,ba43e845ddde0ab9,6,poly12_ridge_split_decoupled_y,False,1.0,0.4156752991846384,0.18589164230056476,0.5314280079319401,0.07716999024616117,0.47355165355828926,0.13153081627336297,0.03163552284240723,0.01158212125301361,0.44274482131004333,0.4974374771118164,654.3906944013061,404.0478363126301,,,,,,0.0,r03c04:v,0.05729004991047888,True,dwell_v1,0.0,,0.0,
920caf27c1bd,1779999104212,ba43e845ddde0ab9,6,poly12_ridge_split_decoupled_y,False,1.0,0.40415895571268323,0.17425884705193062,0.5379011359862574,0.0,0.47103004584947034,0.08712942352596531,0.03305390477180481,0.011628761887550354,0.4447947144508362,0.5050826072692871,781.4101982006662,407.3437432197122,,,,,,0.0,r04c02: ,0.17061314308321907,True,dwell_v1,0.0,,0.0,
920caf27c1bd,1779999104312,ba43e845ddde0ab9,6,poly12_ridge_split_decoupled_y,False,1.0,0.3811842192378096,0.16409695412127395,0.5375922090378296,0.006268946600369918,0.4593882141378196,0.08518295036082194,0.03339952230453491,0.011221110820770264,0.44849348068237305,0.5104290544986725,850.3801004565972,407.80142982342056,,,,,,0.0,r03c05:b,0.11901062210281012,True,dwell_v1,0.0,,0.0,
920caf27c1bd,1779999104413,ba43e845ddde0ab9,6,poly12_ridge_split_decoupled_y,False,1.0,0.4016193814143535,0.17421788440874414,0.5349477149240544,0.005702904179068546,0.4682835481692039,0.08996039429390634,0.033791422843933105,0.0116424560546875,0.4516507387161255,0.5151220262050629,919.5775047843172,407.93991663597063,,,,,,0.0,r03c07:m,0.35033555973706454,True,dwell_v1,0.0,,0.0,
920caf27c1bd,1779999104515,ba43e845ddde0ab9,6,poly12_ridge_split_decoupled_y,False,1.0,0.3972724698699533,0.17527200898262213,0.5179379219092336,0.0,0.4576051958895935,0.08763600449131106,0.03422762453556061,0.011691629886627197,0.45721569657325745,0.5262281000614166,936.4632510835261,407.9668719557419,,,,,,0.0,r03c06:n,0.3716432031393134,True,dwell_v1,0.0,,0.0,
920caf27c1bd,1779999104616,ba43e845ddde0ab9,6,poly12_ridge_split_decoupled_y,False,1.0,0.3833937364851409,0.20221009463076195,0.5310171812535515,0.0,0.45720545886934616,0.10110504731538097,0.03481471538543701,0.011777400970458984,0.4611204266548157,0.531754732131958,1008.2784475651376,407.9899761163684,,,,,,0.0,r04c03:ENTER,0.375586669757987,True,dwell_v1,0.0,,0.0,
920caf27c1bd,1779999104716,ba43e845ddde0ab9,6,poly12_ridge_split_decoupled_y,False,1.0,0.3849145912833479,0.21704563935103466,0.5353119725070209,0.0,0.4601132818951844,0.10852281967551733,0.0348643958568573,0.011560231447219849,0.46225009858608246,0.5314404368400574,1042.2070925371208,407.9944731513299,,,,,,0.0,r03c07:m,0.14126570801472776,True,dwell_v1,0.0,,0.0,
920caf27c1bd,1779999104820,ba43e845ddde0ab9,6,poly12_ridge_split_decoupled_y,False,1.0,0.3912557553784366,0.27379195819995417,0.5411914785675409,0.0,0.46622361697298875,0.13689597909997708,0.034927159547805786,0.011776238679885864,0.4616681933403015,0.5289365351200104,1059.9153145342796,407.9969526725025,,,,,,0.0,r03c07:m,0.05162388239603606,True,dwell_v1,0.0,,0.0,
920caf27c1bd,1779999104921,ba43e845ddde0ab9,6,poly12_ridge_split_decoupled_y,False,1.0,0.40570163492961275,0.23033781762365024,0.5245936242696769,0.0,0.46514762959964484,0.11516890881182512,0.03348502516746521,0.01222461462020874,0.457171767950058,0.5209860503673553,1051.3900874648152,407.9983198011324,,,,,,0.0,r03c07:m,0.08496595649639976,True,dwell_v1,0.0,,0.0,
920caf27c1bd,1779999105022,ba43e845ddde0ab9,6,poly12_ridge_split_decoupled_y,False,1.0,0.40168344174418247,0.1970613585903107,0.5348632048203139,0.0,0.4682733232822482,0.09853067929515535,0.03374278545379639,0.012227356433868408,0.45499229431152344,0.5173175632953644,1040.807903138543,407.99907359211085,,,,,,0.0,r03c07:m,0.152101222765547,True,dwell_v1,0.0,,0.0,
920caf27c1bd,1779999105125,ba43e845ddde0ab9,6,poly12_ridge_split_decoupled_y,False,1.0,0.3952396623170212,0.10290423523545483,0.5418851455669758,0.0,0.46856240394199844,0.051452117617727416,0.03373846411705017,0.012359321117401123,0.4546741843223572,0.5140036344528198,1024.7975854472895,407.999489208335,,,,,,0.0,r03c07:m,0.32265474043398773,True,dwell_v1,0.0,,0.0,
920caf27c1bd,1779999105227,ba43e845ddde0ab9,6,poly12_ridge_split_decoupled_y,False,1.0,0.46962791982597574,0.04485545830024501,0.4934606502267184,0.0,0.48154428502634705,0.022427729150122505,0.03429955244064331,0.008328646421432495,0.45753173530101776,0.51409712433815,962.342364133558,381.8453839407582,,,,,,0.0,r03c06:n,0.135108599959299,True,dwell_v1,0.0,,0.0,
920caf27c1bd,1779999105328,ba43e845ddde0ab9,6,poly12_ridge_split_decoupled_y,False,1.0,0.522451325139474,0.0,0.5841143696855167,0.0,0.5532828474124953,0.0,0.034480929374694824,0.007414579391479492,0.4640963673591614,0.5146650075912476,705.8304600796062,112.9589106116016,,,,,,0.0,r02c05:h,0.09472136422263717,True,dwell_v1,0.0,,0.0,
920caf27c1bd,1779999105429,ba43e845ddde0ab9,6,poly12_ridge_split_decoupled_y,False,1.0,0.5339558409596494,0.0,0.6707265932438375,0.0,0.6023412171017435,0.0,0.034756630659103394,0.011118382215499878,0.47160962224006653,0.516078919172287,302.6807015834576,88.45663072948219,,,,,,0.0,r02c01:s,0.1101405089790691,True,dwell_v1,0.0,,0.0,
920caf27c1bd,1779999105530,ba43e845ddde0ab9,6,poly12_ridge_split_decoupled_y,False,1.0,0.5025215980576345,0.05470962281579855,0.6469813033372288,0.0,0.5747514506974316,0.027354811407899277,0.03616824746131897,0.014628022909164429,0.4793592095375061,0.5162067711353302,152.5646312148274,86.40792353263053,,,,,,0.0,r01c01:w,0.25785755387431886,True,dwell_v1,0.0,,0.0,
920caf27c1bd,1779999105666,ba43e845ddde0ab9,6,poly12_ridge_split_decoupled_y,False,1.0,0.4525131578631011,0.08094913703708595,0.5866814664283357,0.0,0.5195973121457185,0.040474568518542975,0.03611704707145691,0.016759157180786133,0.4871880114078522,0.5175383985042572,243.7846326771949,301.73698430087995,,,,,,0.0,r03c01:z,0.25312010594393475,True,dwell_v1,0.0,,0.0,
920caf27c1bd,1779999105767,ba43e845ddde0ab9,6,poly12_ridge_split_decoupled_y,False,1.0,0.4460364749919613,0.1288546381902299,0.5605130823122599,0.0,0.5032747786521106,0.06442731909511495,0.03618599474430084,0.017745673656463623,0.490448921918869,0.5254425704479218,498.5708788118029,398.31678269441767,,,,,,0.0,r04c02: ,0.13193330408779172,True,dwell_v1,0.0,,0.0,
920caf27c1bd,1779999105867,ba43e845ddde0ab9,6,poly12_ridge_split_decoupled_y,False,1.0,0.44319497919530954,0.01599908147170309,0.5732704292073046,0.0,0.5082327042013071,0.007999540735851546,0.037419527769088745,0.017814546823501587,0.49143069982528687,0.5353457927703857,619.6388049324105,274.90599416856156,,,,,,0.0,r02c04:g,0.28788057896357677,True,dwell_v1,0.0,,0.0,
920caf27c1bd,1779999105968,ba43e845ddde0ab9,6,poly12_ridge_split_decoupled_y,False,1.0,0.4406474722696786,0.07713661400175931,0.5682679246389507,0.0,0.5044576984543147,0.038568307000879654,0.03755110502243042,0.017490297555923462,0.48929986357688904,0.5354004204273224,638.7896456407284,278.21833177021625,,,,,,0.0,r04c02: ,0.3266437299363268,True,dwell_v1,0.0,,0.0,
920caf27c1bd,1779999106068,ba43e845ddde0ab9,6,poly12_ridge_split_decoupled_y,False,1.0,0.4375718269745053,0.05933611440144493,0.5564858899686718,0.0,0.4970288584715885,0.029668057200722464,0.03760291635990143,0.017330020666122437,0.4857889860868454,0.5337743163108826,701.4441516681276,256.77798924403635,,,,,,0.0,r02c04:g,0.20847806523539267,True,dwell_v1,0.0,,0.0,
920caf27c1bd,1779999106217,ba43e845ddde0ab9,6,poly12_ridge_split_decoupled_y,False,1.0,0.455312827837207,0.05769907653828782,0.5918466231671927,0.0,0.5235797255021999,0.02884953826914391,0.03674226999282837,0.01704511046409607,0.4808228462934494,0.5280246138572693,706.2123307815536,238.45612593748046,,,,,,0.0,r01c05:y,0.21806753290885186,True,dwell_v1,0.0,,0.0,
920caf27c1bd,1779999106345,ba43e845ddde0ab9,6,poly12_ridge_split_decoupled_y,False,1.0,0.4556156021256639,0.02558617841375299,0.592781222292517,0.0,0.5241984122090904,0.012793089206876496,0.03699915111064911,0.01727360486984253,0.48079273104667664,0.5274862051010132,668.1489247858885,234.23361265368348,,,,,,0.0,r01c05:y,0.16789169313899688,True,dwell_v1,0.0,,0.0,
920caf27c1bd,1779999106463,ba43e845ddde0ab9,6,poly12_ridge_split_decoupled_y,False,1.0,0.5270671194893114,0.023456683690536884,0.6662616566941378,0.0,0.5966643880917246,0.011728341845268442,0.03756546974182129,0.016916394233703613,0.4853367358446121,0.5283389985561371,361.243204962115,144.49593035634257,,,,,,0.0,r02c02:d,0.1433307822696005,True,dwell_v1,0.0,,0.0,
920caf27c1bd,1779999106586,ba43e845ddde0ab9,6,poly12_ridge_split_decoupled_y,False,1.0,0.5200001707722394,0.04383129730046709,0.6630413940676534,0.0,0.5915207824199464,0.021915648650233543,0.038154974579811096,0.017123043537139893,0.4895342290401459,0.5288240611553192,148.91447190102596,166.70332523075763,,,,,,0.0,r02c00:a,0.25891353777499965,True,dwell_v1,0.0,,0.0,
920caf27c1bd,1779999106719,ba43e845ddde0ab9,6,poly12_ridge_split_decoupled_y,False,1.0,0.507372646040649,0.04833010700844437,0.6551922227872129,0.0,0.5812824344139309,0.024165053504222184,0.03822337090969086,0.017251938581466675,0.4912254363298416,0.5290114283561707,71.61491544358262,264.7488376545854,,,,,,0.0,r03c00:SHIFT,0.3333506221289697,True,dwell_v1,0.0,,0.0,
06e96457c088,1780556780026,ba43e845ddde0ab9,6,poly12_ridge_split_decoupled_y,False,1.0,0.4903524433545874,0.19527711602718545,0.6387586421040464,0.09579774979989297,0.564555542729317,0.1455374329135392,0.050645142793655396,0.020895451307296753,0.37894749641418457,0.6430875062942505,321.25868091674414,408.0,,,,,,0.0,r03c02:x,0.1623266648137141,True,dwell_v1,0.0,,0.0,
06e96457c088,1780556780186,ba43e845ddde0ab9,6,poly12_ridge_split_decoupled_y,False,1.0,0.45637746415314917,0.10110916561743383,0.5888489064543297,0.0,0.5226131853037395,0.050554582808716914,0.04529599845409393,0.02108725905418396,0.3797977864742279,0.5934827327728271,477.06067490176076,408.0,,,,,,0.0,r03c02:x,0.3501809738895469,True,dwell_v1,0.0,,0.0,
06e96457c088,1780556780309,ba43e845ddde0ab9,6,poly12_ridge_split_decoupled_y,False,1.0,0.44955031496864667,0.018610187327589345,0.5834105859318469,0.0,0.5164804504502468,0.009305093663794672,0.04458723962306976,0.019716322422027588,0.396840363740921,0.5792431533336639,529.7383576911749,389.51318517311415,,,,,,0.0,r04c02: ,0.07501700418798483,True,dwell_v1,0.0,,0.0,
06e96457c088,1780556780419,ba43e845ddde0ab9,6,poly12_ridge_split_decoupled_y,False,1.0,0.43479981590657757,0.0,0.5783284156029758,0.0,0.5065641157547767,0.0,0.04420164227485657,0.019726067781448364,0.4053824096918106,0.5769222378730774,556.4982801721865,384.12360472174055,,,,,,0.0,r04c02: ,0.19717770770553944,True,dwell_v1,0.0,,0.0,
06e96457c088,1780556780551,ba43e845ddde0ab9,6,poly12_ridge_split_decoupled_y,False,1.0,0.432610968891991,0.016106290756034813,0.5764932416546306,0.0,0.5045521052733108,0.008053145378017407,0.044317200779914856,0.019958853721618652,0.41239728033542633,0.5754212439060211,613.0597591900612,339.73769100158216,,,,,,0.0,r04c02: ,0.2464943473044536,True,dwell_v1,0.0,,0.0,
06e96457c088,1780556780655,ba43e845ddde0ab9,6,poly12_ridge_split_decoupled_y,False,1.0,0.43876605742618296,0.03613846812013488,0.5754919498621338,0.0,0.5071290036441584,0.01806923406006744,0.04437565803527832,0.019865304231643677,0.414592444896698,0.5745261013507843,628.7346424340744,362.0377829295128,,,,,,0.0,r04c02: ,0.40989094889021443,True,dwell_v1,0.0,,0.0,
06e96457c088,1780556780764,ba43e845ddde0ab9,6,poly12_ridge_split_decoupled_y,False,1.0,0.4411030643659324,0.05156606447021883,0.5836087146641851,0.0,0.5123558895150587,0.025783032235109415,0.044371142983436584,0.019989341497421265,0.41465848684310913,0.5733217000961304,633.2394500656503,382.6579042982796,,,,,,0.0,r03c04:v,0.4202104497357999,True,dwell_v1,0.0,,0.0,
06e96457c088,1780556780898,ba43e845ddde0ab9,6,poly12_ridge_split_decoupled_y,False,1.0,0.44281537686473865,0.07339585399693388,0.5824900988783572,0.0,0.512652737871548,0.03669792699846694,0.04443010687828064,0.02006182074546814,0.41393236815929413,0.5733019411563873,626.0992333908827,396.5422870892498,,,,,,0.0,r03c04:v,0.3681456442233167,True,dwell_v1,0.0,,0.0,
06e96457c088,1780556780998,ba43e845ddde0ab9,6,poly12_ridge_split_decoupled_y,False,1.0,0.44454135365481084,0.06557477300821474,0.5851983019087632,0.0,0.514869827781787,0.03278738650410737,0.0443396270275116,0.020178645849227905,0.41353659331798553,0.5733426511287689,616.0412789261654,401.6825837478255,,,,,,0.0,r03c04:v,0.3441551493425016,True,dwell_v1,0.0,,0.0,
06e96457c088,1780556781110,ba43e845ddde0ab9,6,poly12_ridge_split_decoupled_y,False,1.0,0.4459778494447843,0.0771216164712702,0.5815373896458996,0.0,0.5137576195453419,0.0385608082356351,0.0442582368850708,0.020275086164474487,0.412772461771965,0.5736906826496124,604.7436643820276,404.5167788358711,,,,,,0.0,r03c04:v,0.3221121722838813,True,dwell_v1,0.0,,0.0,
06e96457c088,1780556781244,ba43e845ddde0ab9,6,poly12_ridge_split_decoupled_y,False,1.0,0.44823196869807636,0.1079247939216999,0.5820508234675421,0.0,0.5151413960828093,0.05396239696084995,0.04442805051803589,0.020468920469284058,0.41234448552131653,0.5744705200195312,601.9871007960708,406.4251599168049,,,,,,0.0,r03c04:v,0.31201634232398384,True,dwell_v1,0.0,,0.0,
06e96457c088,1780556781374,ba43e845ddde0ab9,6,poly12_ridge_split_decoupled_y,False,1.0,0.4468573853470825,0.09559628237062762,0.5835991833455515,0.0,0.515228284346317,0.04779814118531381,0.04447723925113678,0.02028524875640869,0.41227495670318604,0.5759956240653992,603.7047922617638,407.2879805298673,,,,,,0.0,r03c04:v,0.31202718510476635,True,dwell_v1,0.0,,0.0,
06e96457c088,1780556781479,ba43e845ddde0ab9,6,poly12_ridge_split_decoupled_y,False,1.0,0.40093061899363713,0.26815911749507065,0.5191585918951833,0.12891769617004661,0.4600446054444102,0.19853840683255863,0.04358161985874176,0.016585856676101685,0.4093550741672516,0.5831538438796997,743.3512387561791,407.88176916698444,,,,,,0.0,r04c02: ,0.1480316039443612,True,dwell_v1,0.0,,0.0,
06e96457c088,1780556781612,ba43e845ddde0ab9,6,poly12_ridge_split_decoupled_y,False,1.0,0.37878305210946345,0.25150867400691457,0.515507542338132,0.1406525697328181,0.4471452972237977,0.19608062186986633,0.04318194091320038,0.016775965690612793,0.4097997099161148,0.5837203562259674,921.0111766448683,407.99116549658,,,,,,0.0,r03c07:m,0.3879392505101826,True,dwell_v1,0.0,,0.0,
06e96457c088,1780556781716,ba43e845ddde0ab9,6,poly12_ridge_split_decoupled_y,False,1.0,0.40139734319742804,0.29939814142340426,0.5240249100808959,0.08716438654216702,0.462711126639162,0.19328126398278564,0.042896464467048645,0.015961647033691406,0.4124613404273987,0.5829048156738281,982.4068859345032,407.9973268559552,,,,,,0.0,r03c06:n,0.060996823302252506,True,dwell_v1,0.0,,0.0,
06e96457c088,1780556781818,ba43e845ddde0ab9,6,poly12_ridge_split_decoupled_y,False,1.0,0.403488389429468,0.34550805402458773,0.5257257572532485,0.16522646484672937,0.4646070733413583,0.2553672594356585,0.04263918101787567,0.015943080186843872,0.4135991334915161,0.583785891532898,997.772821405093,407.99852611391435,,,,,,0.0,r04c03:ENTER,0.03532698517245275,True,dwell_v1,0.0,,0.0,
06e96457c088,1780556781920,ba43e845ddde0ab9,6,poly12_ridge_split_decoupled_y,False,1.0,0.40123679243447263,0.3528169265786264,0.5371877746140358,0.15857922161932408,0.4692122835242542,0.25569807409897527,0.04282273352146149,0.015835076570510864,0.4145527780056,0.584817498922348,1003.888307995094,407.9991873463768,,,,,,0.0,r04c03:ENTER,0.05128684033484799,True,dwell_v1,0.0,,0.0,
06e96457c088,1780556782022,ba43e845ddde0ab9,6,poly12_ridge_split_decoupled_y,False,1.0,0.40677707882359887,0.28323986510502586,0.5352534908953567,0.16710487401420254,0.47101528485947775,0.2251723695596142,0.04306235909461975,0.01647379994392395,0.42021897435188293,0.5875515639781952,991.6140101184253,407.9995519287972,,,,,,0.0,r03c06:n,0.0386556410091186,True,dwell_v1,0.0,,0.0,
06e96457c088,1780556782122,ba43e845ddde0ab9,6,poly12_ridge_split_decoupled_y,False,1.0,0.3981193983487256,0.29074429202194696,0.5497978899765009,0.14370577438100285,0.47395864416261324,0.2172250332014749,0.043049946427345276,0.016676247119903564,0.42526762187480927,0.5873978435993195,977.3660567365771,407.9997529478771,,,,,,0.0,r03c06:n,0.0774713213321593,True,dwell_v1,0.0,,0.0,
06e96457c088,1780556782230,ba43e845ddde0ab9,6,poly12_ridge_split_decoupled_y,False,1.0,0.4010379986679731,0.2658744148126336,0.5475073305921596,0.15601017548133128,0.47427266463006634,0.21094229514698243,0.04333111643791199,0.01703062653541565,0.42847782373428345,0.5859006643295288,967.117985412581,407.99986378336513,,,,,,0.0,r03c06:n,0.12363189397134247,True,dwell_v1,0.0,,0.0,
06e96457c088,1780556782330,ba43e845ddde0ab9,6,poly12_ridge_split_decoupled_y,False,1.0,0.398250464570183,0.2551888334235346,0.5392096028778901,0.11692044215708947,0.46873003372403654,0.18605463779031203,0.04255169630050659,0.01701939105987549,0.4319281578063965,0.5832317471504211,954.5220916645354,407.99992489450653,,,,,,0.0,r03c06:n,0.2098986352739864,True,dwell_v1,0.0,,0.0,
06e96457c088,1780556782463,ba43e845ddde0ab9,6,poly12_ridge_split_decoupled_y,False,1.0,0.40266523298306883,0.2806633776151376,0.529460122898225,0.12525730304656008,0.46606267794064693,0.20296034033084884,0.04219047725200653,0.016314446926116943,0.43214699625968933,0.5770701467990875,955.1034483132935,407.99996604317215,,,,,,0.0,r03c06:n,0.20511206025645104,True,dwell_v1,0.0,,0.0,
06e96457c088,1780556782568,ba43e845ddde0ab9,6,poly12_ridge_split_decoupled_y,False,1.0,0.4958863560346036,0.22263802891560408,0.5066823781220259,0.22729233980547636,0.5012843670783147,0.22496518436054022,0.041963353753089905,0.01019221544265747,0.4335118234157562,0.5766890347003937,898.1681241840397,407.999989725343,,,,,,0.0,r03c07:m,0.16773347833142643,True,dwell_v1,0.0,,0.0,
06e96457c088,1780556782697,ba43e845ddde0ab9,6,poly12_ridge_split_decoupled_y,False,1.0,0.4763926571633974,0.028350570778535034,0.6042093351593604,0.0,0.5403009961613789,0.014175285389267517,0.041266798973083496,0.017668932676315308,0.43565206229686737,0.5698316395282745,607.0467709568354,157.21210787778267,,,,,,0.0,r02c04:g,0.18883657074014523,True,dwell_v1,0.0,,0.0,
06e96457c088,1780556782805,ba43e845ddde0ab9,6,poly12_ridge_split_decoupled_y,False,1.0,0.48619010582375083,0.07011147573360049,0.6409920919322347,0.0,0.5635910988779927,0.035055737866800246,0.04239580035209656,0.019379645586013794,0.43415194749832153,0.5674798488616943,408.32147847043706,329.1948792827817,,,,,,0.0,r02c02:d,0.07435043148685436,True,dwell_v1,0.0,,0.0,
06e96457c088,1780556782912,ba43e845ddde0ab9,6,poly12_ridge_split_decoupled_y,False,1.0,0.48993313148686973,0.06027166481907936,0.64192679165569,0.0,0.5659299615712798,0.03013583240953968,0.04233548045158386,0.020373940467834473,0.43146806955337524,0.5657130181789398,302.1518113666042,394.9144097049059,,,,,,0.0,r04c01:ALT,0.18389232593908703,True,dwell_v1,0.0,,0.0,
06e96457c088,1780556783047,ba43e845ddde0ab9,6,poly12_ridge_split_decoupled_y,False,1.0,0.48819002789769356,0.10128637616454039,0.6348769503759639,0.013572440845821598,0.5615334891368288,0.057429408505180995,0.04244475066661835,0.020756155252456665,0.43048082292079926,0.5650047063827515,269.5703792248079,402.0837198851432,,,,,,0.0,r03c01:z,0.4612700137645246,True,dwell_v1,0.0,,0.0,
06e96457c088,1780556783150,ba43e845ddde0ab9,6,poly12_ridge_split_decoupled_y,False,1.0,0.49314261447203633,0.11845112720050949,0.6351330809462689,0.04993485171421935,0.5641378477091525,0.08419298945736442,0.04244650900363922,0.02096724510192871,0.4307647794485092,0.5647450983524323,263.181651007397,404.73795246563174,,,,,,0.0,r03c01:z,0.4029705075043973,True,dwell_v1,0.0,,0.0,
06e96457c088,1780556783250,ba43e845ddde0ab9,6,poly12_ridge_split_decoupled_y,False,1.0,0.5007697953320782,0.12625655149028797,0.6378069342051043,0.06731594997624557,0.5692883647685912,0.09678625073326677,0.042442649602890015,0.021063387393951416,0.4322292059659958,0.5645624697208405,252.5339081237212,406.2014113750705,,,,,,0.0,r03c01:z,0.320415053192014,True,dwell_v1,0.0,,0.0,
06e96457c088,1780556783361,ba43e845ddde0ab9,6,poly12_ridge_split_decoupled_y,False,1.0,0.49618210428223064,0.13722242234167342,0.6356062692634508,0.06916607514798495,0.5658941867728406,0.10319424874482919,0.04240761697292328,0.02094176411628723,0.43342654407024384,0.564532607793808,244.02076772042437,407.00831578705,,,,,,0.0,r03c01:z,0.2612408324980603,True,dwell_v1,0.0,,0.0,
06e96457c088,1780556783464,ba43e845ddde0ab9,6,poly12_ridge_split_decoupled_y,False,1.0,0.4913324508879726,0.1406053105843943,0.6310703736344396,0.06745321780238589,0.5612014122612061,0.10402926419339009,0.04250712692737579,0.020948320627212524,0.4340481162071228,0.5645500719547272,251.59900340454757,407.45321705887426,,,,,,0.0,r03c01:z,0.3094952738584423,True,dwell_v1,0.0,,0.0,
06e96457c088,1780556783570,ba43e845ddde0ab9,6,poly12_ridge_split_decoupled_y,False,1.0,0.4932070639418995,0.13855692168433403,0.6325513400510525,0.06638542239404216,0.562879201996476,0.1024711720391881,0.04250943660736084,0.020973175764083862,0.4346219003200531,0.564581960439682,262.1772096072008,407.6985213833174,,,,,,0.0,r03c01:z,0.38392927790887316,True,dwell_v1,0.0,,0.0,
06e96457c088,1780556783678,ba43e845ddde0ab9,6,poly12_ridge_split_decoupled_y,False,1.0,0.4929709094397665,0.14077052678369661,0.6325110127392778,0.06440469676158833,0.5627409610895222,0.10258761177264247,0.04251469671726227,0.021069854497909546,0.43481481075286865,0.5646957457065582,271.4474577841456,407.8636949572232,,,,,,0.0,r03c01:z,0.4520999239929168,True,dwell_v1,0.0,,0.0,
